date,code,name,close,amount,volume,open,high,low
2018-01-02,159915,创业板ETF,1.665,163062394.787,98312763.0,1.65,1.676,1.646
2018-01-03,159915,创业板ETF,1.689,321261914.603,191228343.0,1.666,1.693,1.663
2018-01-04,159915,创业板ETF,1.693,156329152.387,92557781.0,1.686,1.693,1.682
2018-01-05,159915,创业板ETF,1.696,151083448.645,89040710.0,1.693,1.7,1.691
2018-01-08,159915,创业板ETF,1.701,119464243.911,70612865.0,1.694,1.701,1.682
2018-01-09,159915,创业板ETF,1.699,97981048.613,57703484.0,1.699,1.702,1.694
2018-01-10,159915,创业板ETF,1.689,120750211.433,71580228.0,1.695,1.699,1.679
2018-01-11,159915,创业板ETF,1.701,248536899.969,146851954.0,1.686,1.707,1.675
2018-01-12,159915,创业板ETF,1.685,136125215.684,80490940.0,1.7,1.7,1.684
2018-01-15,159915,创业板ETF,1.634,328814258.945,198965565.0,1.68,1.681,1.63
2018-01-16,159915,创业板ETF,1.631,235117492.7,144113288.0,1.632,1.642,1.621
2018-01-17,159915,创业板ETF,1.639,534264989.5,328903601.0,1.628,1.647,1.601
2018-01-18,159915,创业板ETF,1.636,327304674.933,199395839.0,1.633,1.651,1.631
2018-01-19,159915,创业板ETF,1.63,299930572.78,183248548.0,1.64,1.648,1.629
2018-01-22,159915,创业板ETF,1.67,486756213.16,294823882.0,1.623,1.674,1.616
2018-01-23,159915,创业板ETF,1.667,340268750.583,204067263.0,1.668,1.676,1.661
2018-01-24,159915,创业板ETF,1.714,988016907.957,585031637.0,1.672,1.723,1.653
2018-01-25,159915,创业板ETF,1.708,1219092264.24,704903259.0,1.714,1.751,1.705
2018-01-26,159915,创业板ETF,1.72,617135488.895,358647750.0,1.708,1.733,1.705
2018-01-29,159915,创业板ETF,1.701,847216392.69,496578797.0,1.72,1.725,1.692
2018-01-30,159915,创业板ETF,1.687,685449154.619,404914254.0,1.698,1.709,1.681
2018-01-31,159915,创业板ETF,1.633,871475579.993,528166073.0,1.68,1.68,1.632
2018-02-01,159915,创业板ETF,1.603,913368723.698,562271961.0,1.634,1.647,1.602
2018-02-02,159915,创业板ETF,1.607,802212352.01,498830204.0,1.593,1.627,1.582
2018-02-05,159915,创业板ETF,1.594,518994461.438,326021640.0,1.586,1.601,1.582
2018-02-06,159915,创业板ETF,1.505,953692726.353,614877406.0,1.57,1.578,1.502
2018-02-07,159915,创业板ETF,1.523,963662971.537,633294756.0,1.539,1.543,1.48
2018-02-08,159915,创业板ETF,1.548,646892362.23,419542022.0,1.515,1.556,1.512
2018-02-09,159915,创业板ETF,1.502,877744043.902,580171321.0,1.51,1.535,1.482
2018-02-12,159915,创业板ETF,1.553,796551153.007,516794320.0,1.515,1.562,1.51
2018-02-13,159915,创业板ETF,1.557,500876781.623,320840192.0,1.561,1.574,1.547
2018-02-14,159915,创业板ETF,1.549,295943372.91,191300311.0,1.555,1.556,1.539
2018-02-22,159915,创业板ETF,1.58,476359035.726,303028803.0,1.563,1.581,1.554
2018-02-23,159915,创业板ETF,1.572,295671378.645,188053941.0,1.576,1.584,1.561
2018-02-26,159915,创业板ETF,1.63,831373163.492,517519847.0,1.585,1.633,1.575
2018-02-27,159915,创业板ETF,1.639,760274947.515,462852333.0,1.63,1.656,1.625
2018-02-28,159915,创业板ETF,1.651,693341144.195,419762806.0,1.628,1.672,1.622
2018-03-01,159915,创业板ETF,1.687,613346102.751,367858774.0,1.64,1.687,1.632
2018-03-02,159915,创业板ETF,1.669,758910798.921,451540340.0,1.68,1.699,1.664
2018-03-05,159915,创业板ETF,1.69,495291533.722,294983555.0,1.678,1.693,1.665
2018-03-06,159915,创业板ETF,1.693,572301870.119,337391040.0,1.693,1.705,1.685
2018-03-07,159915,创业板ETF,1.679,373416972.091,221732453.0,1.691,1.695,1.675
2018-03-08,159915,创业板ETF,1.686,382777742.353,227474733.0,1.679,1.692,1.674
2018-03-09,159915,创业板ETF,1.755,1364568125.964,787841443.0,1.688,1.755,1.685
2018-03-12,159915,创业板ETF,1.777,1220360110.104,686706447.0,1.773,1.795,1.763
2018-03-13,159915,创业板ETF,1.767,652901345.717,368588049.0,1.772,1.791,1.758
2018-03-14,159915,创业板ETF,1.741,782882932.339,446805211.0,1.761,1.767,1.735
2018-03-15,159915,创业板ETF,1.742,1156915123.996,670145906.0,1.73,1.743,1.707
2018-03-16,159915,创业板ETF,1.716,746399939.34,429846806.0,1.74,1.75,1.715
2018-03-19,159915,创业板ETF,1.736,719170034.717,414509882.0,1.712,1.754,1.711
2018-03-20,159915,创业板ETF,1.76,926038959.925,531453421.0,1.721,1.762,1.719
2018-03-21,159915,创业板ETF,1.72,724969089.171,414258261.0,1.76,1.768,1.718
2018-03-22,159915,创业板ETF,1.711,629648140.656,365848083.0,1.726,1.735,1.71
2018-03-23,159915,创业板ETF,1.622,1890952811.834,1143222365.0,1.666,1.688,1.61
2018-03-26,159915,创业板ETF,1.673,1365103699.339,832862407.0,1.609,1.679,1.595
2018-03-27,159915,创业板ETF,1.738,1457090532.032,848697305.0,1.69,1.74,1.686
2018-03-28,159915,创业板ETF,1.73,1185120377.108,682959205.0,1.717,1.748,1.714
2018-03-29,159915,创业板ETF,1.739,736141500.418,424298362.0,1.736,1.75,1.719
2018-03-30,159915,创业板ETF,1.791,1512740120.228,855265199.0,1.744,1.791,1.739
2018-04-02,159915,创业板ETF,1.788,1311747733.65,730246324.0,1.805,1.81,1.781
2018-04-03,159915,创业板ETF,1.764,1229546358.936,697130491.0,1.765,1.778,1.744
2018-04-04,159915,创业板ETF,1.732,924709708.922,526926102.0,1.773,1.779,1.732
2018-04-09,159915,创业板ETF,1.737,973559938.683,559983998.0,1.732,1.757,1.716
2018-04-10,159915,创业板ETF,1.732,995625283.97,578306964.0,1.733,1.738,1.71
2018-04-11,159915,创业板ETF,1.729,837265467.891,480965043.0,1.737,1.753,1.728
2018-04-12,159915,创业板ETF,1.72,635696585.507,366597528.0,1.725,1.745,1.72
2018-04-13,159915,创业板ETF,1.721,688896876.108,397837635.0,1.736,1.743,1.72
2018-04-16,159915,创业板ETF,1.736,961752745.218,556054070.0,1.722,1.748,1.714
2018-04-17,159915,创业板ETF,1.683,1280492179.143,749272043.0,1.737,1.745,1.681
2018-04-18,159915,创业板ETF,1.718,1603547762.818,947569483.0,1.692,1.732,1.659
2018-04-19,159915,创业板ETF,1.715,990967188.067,575756348.0,1.711,1.735,1.707
2018-04-20,159915,创业板ETF,1.684,980923373.283,575746402.0,1.711,1.726,1.679
2018-04-23,159915,创业板ETF,1.653,942863887.041,567570426.0,1.684,1.692,1.631
2018-04-24,159915,创业板ETF,1.705,1043877768.954,620201675.0,1.653,1.705,1.651
2018-04-25,159915,创业板ETF,1.715,915887004.663,535302702.0,1.698,1.724,1.695
2018-04-26,159915,创业板ETF,1.681,754087895.091,444548114.0,1.713,1.716,1.68
2018-04-27,159915,创业板ETF,1.707,737373690.772,433807950.0,1.689,1.711,1.681
2018-05-02,159915,创业板ETF,1.701,728399708.965,426639927.0,1.711,1.729,1.687
2018-05-03,159915,创业板ETF,1.726,1153767237.143,679398149.0,1.697,1.726,1.668
2018-05-04,159915,创业板ETF,1.712,791003288.764,459861566.0,1.72,1.728,1.71
2018-05-07,159915,创业板ETF,1.749,971893948.096,559069172.0,1.717,1.753,1.715
2018-05-08,159915,创业板ETF,1.753,676355459.799,387121147.0,1.751,1.753,1.736
2018-05-09,159915,创业板ETF,1.749,527669643.889,301520549.0,1.75,1.756,1.741
2018-05-10,159915,创业板ETF,1.762,713640096.161,407074492.0,1.751,1.763,1.743
2018-05-11,159915,创业板ETF,1.734,846975237.434,485143061.0,1.762,1.765,1.732
2018-05-14,159915,创业板ETF,1.728,510032183.834,294356267.0,1.732,1.741,1.724
2018-05-15,159915,创业板ETF,1.756,751896330.276,432216450.0,1.726,1.757,1.724
2018-05-16,159915,创业板ETF,1.745,689802762.096,394382902.0,1.749,1.758,1.742
2018-05-17,159915,创业板ETF,1.729,543953056.06,313917779.0,1.742,1.747,1.725
2018-05-18,159915,创业板ETF,1.731,799011068.755,463373669.0,1.726,1.736,1.712
2018-05-21,159915,创业板ETF,1.757,987077075.306,561853376.0,1.742,1.767,1.742
2018-05-22,159915,创业板ETF,1.77,771556995.714,437853109.0,1.757,1.772,1.752
2018-05-23,159915,创业板ETF,1.745,584988065.769,332778923.0,1.764,1.771,1.744
2018-05-24,159915,创业板ETF,1.737,496240855.055,284684637.0,1.744,1.752,1.735
2018-05-25,159915,创业板ETF,1.705,869941128.779,506406807.0,1.736,1.739,1.704
2018-05-28,159915,创业板ETF,1.698,550994495.037,323826262.0,1.702,1.716,1.69
2018-05-29,159915,创业板ETF,1.678,704959976.394,415286605.0,1.698,1.713,1.677
2018-05-30,159915,创业板ETF,1.633,983604703.979,597313916.0,1.659,1.662,1.626
2018-05-31,159915,创业板ETF,1.649,926869082.706,565048884.0,1.646,1.652,1.621
2018-06-01,159915,创业板ETF,1.62,731478490.767,450119789.0,1.641,1.648,1.609
2018-06-04,159915,创业板ETF,1.613,682312727.553,422886744.0,1.624,1.627,1.602
2018-06-05,159915,创业板ETF,1.653,922301309.135,563908693.0,1.615,1.655,1.613
2018-06-06,159915,创业板ETF,1.65,530674166.382,321752657.0,1.648,1.656,1.642
2018-06-07,159915,创业板ETF,1.636,365900542.885,222724891.0,1.653,1.657,1.634
2018-06-08,159915,创业板ETF,1.62,615686834.286,380528589.0,1.63,1.633,1.607
2018-06-11,159915,创业板ETF,1.601,607749237.679,378494234.0,1.617,1.618,1.596
2018-06-12,159915,创业板ETF,1.619,777843435.87,483000440.0,1.602,1.624,1.592
2018-06-13,159915,创业板ETF,1.597,538670364.388,334701165.0,1.616,1.618,1.596
2018-06-14,159915,创业板ETF,1.587,741824595.876,465149009.0,1.591,1.613,1.581
2018-06-15,159915,创业板ETF,1.554,845181897.877,540017803.0,1.586,1.593,1.55
2018-06-19,159915,创业板ETF,1.467,1196499163.608,796738537.0,1.535,1.54,1.449
2018-06-20,159915,创业板ETF,1.478,1106341578.565,752133657.0,1.461,1.492,1.444
2018-06-21,159915,创业板ETF,1.441,902225803.389,617408810.0,1.475,1.486,1.441
2018-06-22,159915,创业板ETF,1.466,948090850.698,650918888.0,1.434,1.473,1.427
2018-06-25,159915,创业板ETF,1.455,623580984.964,423709522.0,1.479,1.482,1.454
2018-06-26,159915,创业板ETF,1.485,978447289.493,666832634.0,1.444,1.488,1.437
2018-06-27,159915,创业板ETF,1.466,758594397.889,515196866.0,1.479,1.489,1.462
2018-06-28,159915,创业板ETF,1.462,686804637.11,466106312.0,1.463,1.487,1.459
2018-06-29,159915,创业板ETF,1.524,1011543159.192,674812519.0,1.464,1.527,1.464
2018-07-02,159915,创业板ETF,1.503,848615552.588,561923839.0,1.522,1.526,1.489
2018-07-03,159915,创业板ETF,1.52,1195307442.836,793799733.0,1.507,1.531,1.477
2018-07-04,159915,创业板ETF,1.486,720058042.867,481575019.0,1.511,1.514,1.476
2018-07-05,159915,创业板ETF,1.452,784496289.703,532649079.0,1.479,1.496,1.451
2018-07-06,159915,创业板ETF,1.464,1125618241.526,765353874.0,1.451,1.493,1.443
2018-07-09,159915,创业板ETF,1.504,978048478.852,656216538.0,1.474,1.505,1.47
2018-07-10,159915,创业板ETF,1.516,701882879.916,465350090.0,1.505,1.517,1.5
2018-07-11,159915,创业板ETF,1.488,1047805881.564,705609033.0,1.49,1.5,1.468
2018-07-12,159915,创业板ETF,1.54,1179858895.63,773575280.0,1.49,1.545,1.489
2018-07-13,159915,创业板ETF,1.542,722846662.482,469487342.0,1.537,1.548,1.532
2018-07-16,159915,创业板ETF,1.542,447756313.213,291748506.0,1.536,1.546,1.528
2018-07-17,159915,创业板ETF,1.543,579864827.087,378066988.0,1.54,1.545,1.521
2018-07-18,159915,创业板ETF,1.532,616009356.502,398545855.0,1.545,1.557,1.531
2018-07-19,159915,创业板ETF,1.514,672792962.007,442370044.0,1.532,1.543,1.508
2018-07-20,159915,创业板ETF,1.535,763760421.734,501005772.0,1.511,1.54,1.505
2018-07-23,159915,创业板ETF,1.54,789030567.228,516696279.0,1.534,1.541,1.515
2018-07-24,159915,创业板ETF,1.549,875600579.58,565866124.0,1.54,1.562,1.53
2018-07-25,159915,创业板ETF,1.551,716231806.326,460327179.0,1.549,1.567,1.547
2018-07-26,159915,创业板ETF,1.534,643905475.83,418610724.0,1.551,1.557,1.526
2018-07-27,159915,创业板ETF,1.518,680220039.078,446220575.0,1.529,1.532,1.515
2018-07-30,159915,创业板ETF,1.484,940162565.142,627848787.0,1.514,1.52,1.482
2018-07-31,159915,创业板ETF,1.489,632526525.635,424435052.0,1.483,1.499,1.481
2018-08-01,159915,创业板ETF,1.471,666099683.3,447031646.0,1.494,1.507,1.471
2018-08-02,159915,创业板ETF,1.44,1169029290.551,812704553.0,1.465,1.467,1.415
2018-08-03,159915,创业板ETF,1.414,1051125527.81,734884773.0,1.44,1.45,1.411
2018-08-06,159915,创业板ETF,1.374,1676927021.079,1201911296.0,1.405,1.416,1.368
2018-08-07,159915,创业板ETF,1.412,1285234269.281,923415359.0,1.381,1.412,1.369
2018-08-08,159915,创业板ETF,1.381,956449213.584,686612938.0,1.403,1.408,1.379
2018-08-09,159915,创业板ETF,1.426,1418011046.988,1002565201.0,1.379,1.437,1.376
2018-08-10,159915,创业板ETF,1.437,816509066.617,570060971.0,1.424,1.441,1.421
2018-08-13,159915,创业板ETF,1.458,955990438.798,664620241.0,1.422,1.46,1.42
2018-08-14,159915,创业板ETF,1.446,753486432.122,520563818.0,1.454,1.458,1.44
2018-08-15,159915,创业板ETF,1.409,1007923530.147,709061417.0,1.445,1.446,1.403
2018-08-16,159915,创业板ETF,1.396,1098295007.262,783364918.0,1.391,1.419,1.381
2018-08-17,159915,创业板ETF,1.369,1263718539.379,912050629.0,1.407,1.41,1.366
2018-08-20,159915,创业板ETF,1.367,1380052462.31,1016869120.0,1.363,1.376,1.34
2018-08-21,159915,创业板ETF,1.387,1179618699.131,854749300.0,1.366,1.393,1.363
2018-08-22,159915,创业板ETF,1.375,619306372.405,448810067.0,1.385,1.389,1.37
2018-08-23,159915,创业板ETF,1.388,839387824.485,605913783.0,1.376,1.395,1.373
2018-08-24,159915,创业板ETF,1.382,539105214.561,389629173.0,1.38,1.394,1.376
2018-08-27,159915,创业板ETF,1.426,1161330676.139,823742167.0,1.387,1.426,1.385
2018-08-28,159915,创业板ETF,1.423,580853910.47,408248014.0,1.425,1.429,1.416
2018-08-29,159915,创业板ETF,1.411,545976663.73,386606271.0,1.42,1.421,1.405
2018-08-30,159915,创业板ETF,1.389,718996040.3,514406606.0,1.41,1.415,1.389
2018-08-31,159915,创业板ETF,1.369,772512959.764,561449360.0,1.383,1.387,1.366
2018-09-03,159915,创业板ETF,1.375,795335898.029,583682526.0,1.364,1.379,1.35
2018-09-04,159915,创业板ETF,1.385,929244498.281,674040994.0,1.373,1.394,1.365
2018-09-05,159915,创业板ETF,1.363,706973510.869,513193734.0,1.38,1.387,1.363
2018-09-06,159915,创业板ETF,1.355,953927052.289,699445848.0,1.358,1.377,1.351
2018-09-07,159915,创业板ETF,1.36,1179201107.089,861288266.0,1.36,1.386,1.351
2018-09-10,159915,创业板ETF,1.327,1118646320.957,835087802.0,1.353,1.36,1.325
2018-09-11,159915,创业板ETF,1.332,759902105.359,571735290.0,1.327,1.342,1.32
2018-09-12,159915,创业板ETF,1.32,950209721.618,714772150.0,1.331,1.341,1.32
2018-09-13,159915,创业板ETF,1.326,1460488591.92,1102697088.0,1.336,1.341,1.307
2018-09-14,159915,创业板ETF,1.304,1069370659.0,811994430.0,1.326,1.332,1.304
2018-09-17,159915,创业板ETF,1.288,922151476.957,713533512.0,1.296,1.302,1.282
2018-09-18,159915,创业板ETF,1.312,1026503481.933,790501494.0,1.286,1.314,1.283
2018-09-19,159915,创业板ETF,1.324,1305036662.196,987834282.0,1.308,1.339,1.303
2018-09-20,159915,创业板ETF,1.32,590303321.554,445515325.0,1.321,1.333,1.319
2018-09-21,159915,创业板ETF,1.343,1024990855.289,768413889.0,1.325,1.346,1.317
2018-09-25,159915,创业板ETF,1.338,923984742.57,690189593.0,1.333,1.347,1.331
2018-09-26,159915,创业板ETF,1.352,912659798.813,676744014.0,1.339,1.361,1.334
2018-09-27,159915,创业板ETF,1.333,700940524.966,522258384.0,1.35,1.353,1.332
2018-09-28,159915,创业板ETF,1.346,819172287.206,612598591.0,1.337,1.346,1.327
2018-10-08,159915,创业板ETF,1.289,942760213.125,721193479.0,1.317,1.322,1.286
2018-10-09,159915,创业板ETF,1.283,825557141.235,641496603.0,1.294,1.301,1.275
2018-10-10,159915,创业板ETF,1.282,728727644.289,567926997.0,1.284,1.293,1.271
2018-10-11,159915,创业板ETF,1.196,1363904671.758,1113368653.0,1.243,1.249,1.19
2018-10-12,159915,创业板ETF,1.206,1185754490.623,992660604.0,1.192,1.215,1.173
2018-10-15,159915,创业板ETF,1.19,692749519.779,574788896.0,1.205,1.22,1.189
2018-10-16,159915,创业板ETF,1.16,1115771154.474,949381067.0,1.192,1.195,1.154
2018-10-17,159915,创业板ETF,1.174,1460973655.591,1251677264.0,1.173,1.182,1.149
2018-10-18,159915,创业板ETF,1.153,1451090242.02,1250452883.0,1.163,1.173,1.151
2018-10-19,159915,创业板ETF,1.189,1634560977.822,1397131729.0,1.141,1.197,1.136
2018-10-22,159915,创业板ETF,1.26,2241899113.23,1808360142.0,1.22,1.268,1.211
2018-10-23,159915,创业板ETF,1.231,1396262096.674,1124307502.0,1.26,1.263,1.222
2018-10-24,159915,创业板ETF,1.226,1067748887.67,866827903.0,1.231,1.246,1.22
2018-10-25,159915,创业板ETF,1.216,1613049692.822,1347196475.0,1.19,1.224,1.183
2018-10-26,159915,创业板ETF,1.203,996296470.88,820054653.0,1.221,1.233,1.198
2018-10-29,159915,创业板ETF,1.192,989255712.958,823147755.0,1.205,1.213,1.188
2018-10-30,159915,创业板ETF,1.204,1387339851.439,1158494791.0,1.189,1.221,1.168
2018-10-31,159915,创业板ETF,1.216,1383473343.873,1136081347.0,1.205,1.229,1.201
2018-11-01,159915,创业板ETF,1.227,1727519389.891,1394336424.0,1.231,1.253,1.227
2018-11-02,159915,创业板ETF,1.291,2467666578.109,1939605882.0,1.28,1.292,1.257
2018-11-05,159915,创业板ETF,1.287,2157876881.097,1678620874.0,1.284,1.308,1.261
2018-11-06,159915,创业板ETF,1.286,1191332983.561,935563776.0,1.278,1.287,1.263
2018-11-07,159915,创业板ETF,1.282,1175793482.589,910579312.0,1.287,1.303,1.28
2018-11-08,159915,创业板ETF,1.265,845284515.382,660807146.0,1.293,1.295,1.264
2018-11-09,159915,创业板ETF,1.26,885728184.834,701614971.0,1.256,1.272,1.252
2018-11-12,159915,创业板ETF,1.305,1546244298.187,1201553559.0,1.258,1.307,1.256
2018-11-13,159915,创业板ETF,1.326,2314208356.982,1761875274.0,1.293,1.333,1.291
2018-11-14,159915,创业板ETF,1.32,995978517.417,753617983.0,1.321,1.333,1.315
2018-11-15,159915,创业板ETF,1.336,899095206.165,678250931.0,1.315,1.338,1.314
2018-11-16,159915,创业板ETF,1.332,1210790655.961,907042138.0,1.337,1.345,1.322
2018-11-19,159915,创业板ETF,1.325,1328533543.15,1007134069.0,1.328,1.332,1.31
2018-11-20,159915,创业板ETF,1.291,1133503983.347,870246982.0,1.316,1.317,1.282
2018-11-21,159915,创业板ETF,1.294,1059126762.644,823944096.0,1.285,1.296,1.274
2018-11-22,159915,创业板ETF,1.285,830050682.816,643584467.0,1.294,1.302,1.282
2018-11-23,159915,创业板ETF,1.248,1142474424.961,905606103.0,1.289,1.289,1.244
2018-11-26,159915,创业板ETF,1.244,548533995.988,440778484.0,1.247,1.254,1.234
2018-11-27,159915,创业板ETF,1.253,642337026.449,513019711.0,1.251,1.259,1.245
2018-11-28,159915,创业板ETF,1.277,826287340.383,653465934.0,1.253,1.277,1.243
2018-11-29,159915,创业板ETF,1.247,924483398.645,726823635.0,1.284,1.287,1.245
2018-11-30,159915,创业板ETF,1.264,830518342.243,661689163.0,1.244,1.269,1.241
2018-12-03,159915,创业板ETF,1.31,1214136645.089,930341915.0,1.301,1.316,1.292
2018-12-04,159915,创业板ETF,1.315,700085026.366,534553322.0,1.308,1.315,1.303
2018-12-05,159915,创业板ETF,1.315,1058167285.452,807198004.0,1.297,1.326,1.293
2018-12-06,159915,创业板ETF,1.28,854446548.558,660117611.0,1.305,1.313,1.277
2018-12-07,159915,创业板ETF,1.275,471984698.369,369263820.0,1.284,1.287,1.273
2018-12-10,159915,创业板ETF,1.264,492588975.326,388018832.0,1.269,1.277,1.263
2018-12-11,159915,创业板ETF,1.277,485039260.032,381090659.0,1.269,1.277,1.266
2018-12-12,159915,创业板ETF,1.276,485664560.677,379547949.0,1.283,1.286,1.273
2018-12-13,159915,创业板ETF,1.286,908374714.087,708338028.0,1.277,1.295,1.265
2018-12-14,159915,创业板ETF,1.248,993991916.602,786251563.0,1.282,1.283,1.247
2018-12-17,159915,创业板ETF,1.24,918529881.715,742826243.0,1.242,1.247,1.227
2018-12-18,159915,创业板ETF,1.232,1031565916.868,834971864.0,1.232,1.248,1.224
2018-12-19,159915,创业板ETF,1.209,783048776.659,641367787.0,1.234,1.235,1.207
2018-12-20,159915,创业板ETF,1.219,757899424.705,623531788.0,1.209,1.223,1.206
2018-12-21,159915,创业板ETF,1.213,773884861.699,638417328.0,1.216,1.22,1.203
2018-12-24,159915,创业板ETF,1.226,844408161.453,691322346.0,1.212,1.228,1.206
2018-12-25,159915,创业板ETF,1.217,1126352778.116,932652626.0,1.216,1.224,1.191
2018-12-26,159915,创业板ETF,1.211,673597199.022,553874710.0,1.216,1.225,1.209
2018-12-27,159915,创业板ETF,1.192,783091911.934,645376359.0,1.229,1.232,1.191
2018-12-28,159915,创业板ETF,1.194,615985018.365,515985627.0,1.194,1.202,1.186
2019-01-02,159915,创业板ETF,1.178,711072518.31,600162259.0,1.198,1.199,1.176
2019-01-03,159915,创业板ETF,1.164,797217965.015,678405987.0,1.176,1.189,1.163
2019-01-04,159915,创业板ETF,1.195,1394716032.612,1184044054.0,1.155,1.195,1.152
2019-01-07,159915,创业板ETF,1.214,1182027895.923,979774302.0,1.197,1.218,1.193
2019-01-08,159915,创业板ETF,1.211,569627453.449,469910052.0,1.21,1.217,1.207
2019-01-09,159915,创业板ETF,1.21,899897042.36,737043347.0,1.212,1.232,1.207
2019-01-10,159915,创业板ETF,1.207,513995801.716,424488165.0,1.208,1.219,1.203
2019-01-11,159915,创业板ETF,1.209,519954094.134,430608568.0,1.207,1.214,1.201
2019-01-14,159915,创业板ETF,1.195,508589320.182,423797755.0,1.21,1.212,1.193
2019-01-15,159915,创业板ETF,1.216,809254370.023,672499879.0,1.194,1.216,1.189
2019-01-16,159915,创业板ETF,1.214,717668328.412,589714269.0,1.214,1.224,1.21
2019-01-17,159915,创业板ETF,1.198,712958605.869,590628082.0,1.215,1.215,1.198
2019-01-18,159915,创业板ETF,1.216,773286439.555,640024098.0,1.203,1.218,1.198
2019-01-21,159915,创业板ETF,1.222,807735715.931,660416664.0,1.218,1.231,1.213
2019-01-22,159915,创业板ETF,1.201,686557394.734,568673545.0,1.219,1.22,1.196
2019-01-23,159915,创业板ETF,1.197,398752313.222,332900870.0,1.198,1.204,1.194
2019-01-24,159915,创业板ETF,1.211,829071267.074,684433747.0,1.199,1.221,1.197
2019-01-25,159915,创业板ETF,1.214,757284948.687,622312901.0,1.212,1.224,1.209
2019-01-28,159915,创业板ETF,1.208,667701364.441,548522043.0,1.22,1.227,1.205
2019-01-29,159915,创业板ETF,1.192,907947221.74,762072569.0,1.205,1.207,1.18
2019-01-30,159915,创业板ETF,1.183,542973522.746,456277293.0,1.183,1.197,1.182
2019-01-31,159915,创业板ETF,1.178,884261504.29,747624449.0,1.183,1.194,1.172
2019-02-01,159915,创业板ETF,1.221,1250855310.822,1038576420.0,1.182,1.222,1.182
2019-02-11,159915,创业板ETF,1.264,1370907948.218,1099841042.0,1.223,1.266,1.223
2019-02-12,159915,创业板ETF,1.278,1072222112.531,842474701.0,1.262,1.281,1.259
2019-02-13,159915,创业板ETF,1.301,1136574469.382,878525325.0,1.279,1.305,1.277
2019-02-14,159915,创业板ETF,1.304,804666388.528,618071435.0,1.3,1.313,1.293
2019-02-15,159915,创业板ETF,1.302,1086517434.844,831774277.0,1.301,1.314,1.299
2019-02-18,159915,创业板ETF,1.357,1151787429.963,862815462.0,1.31,1.357,1.308
2019-02-19,159915,创业板ETF,1.346,1647296326.739,1218171095.0,1.359,1.368,1.333
2019-02-20,159915,创业板ETF,1.348,934374648.163,695576104.0,1.346,1.357,1.33
2019-02-21,159915,创业板ETF,1.355,1533617413.703,1125811490.0,1.344,1.391,1.34
2019-02-22,159915,创业板ETF,1.406,1386485971.74,1008246535.0,1.348,1.406,1.347
2019-02-25,159915,创业板ETF,1.492,1643907400.589,1132208602.0,1.432,1.495,1.416
2019-02-26,159915,创业板ETF,1.479,2112923531.058,1418302746.0,1.487,1.519,1.459
2019-02-27,159915,创业板ETF,1.458,1828844743.961,1247473531.0,1.475,1.491,1.436
2019-02-28,159915,创业板ETF,1.47,1174326197.1,799775518.0,1.456,1.482,1.454
2019-03-01,159915,创业板ETF,1.5,1398930828.771,941094941.0,1.489,1.502,1.466
2019-03-04,159915,创业板ETF,1.556,1915610087.139,1237655499.0,1.526,1.582,1.525
2019-03-05,159915,创业板ETF,1.615,1807195965.42,1146040243.0,1.548,1.615,1.526
2019-03-06,159915,创业板ETF,1.635,2302065548.642,1425000530.0,1.624,1.641,1.59
2019-03-07,159915,创业板ETF,1.621,2291266710.632,1410783016.0,1.628,1.648,1.597
2019-03-08,159915,创业板ETF,1.584,3233658284.969,2008767544.0,1.572,1.644,1.564
2019-03-11,159915,创业板ETF,1.658,2767830203.088,1702480465.0,1.6,1.658,1.581
2019-03-12,159915,创业板ETF,1.696,3839093833.552,2281453212.0,1.675,1.715,1.659
2019-03-13,159915,创业板ETF,1.618,3571779647.247,2168807985.0,1.69,1.69,1.608
2019-03-14,159915,创业板ETF,1.583,2916689594.195,1837918432.0,1.604,1.625,1.556
2019-03-15,159915,创业板ETF,1.589,2106826662.393,1319889733.0,1.596,1.612,1.572
2019-03-18,159915,创业板ETF,1.634,1947360419.921,1211471567.0,1.598,1.634,1.581
2019-03-19,159915,创业板ETF,1.633,1697432004.0,1038336920.0,1.633,1.655,1.619
2019-03-20,159915,创业板ETF,1.613,1556244898.324,969631020.0,1.628,1.632,1.583
2019-03-21,159915,创业板ETF,1.627,1902099190.588,1169111026.0,1.61,1.643,1.604
2019-03-22,159915,创业板ETF,1.621,2103966291.741,1307300858.0,1.628,1.629,1.589
2019-03-25,159915,创业板ETF,1.598,1345112457.999,837728669.0,1.594,1.622,1.588
2019-03-26,159915,创业板ETF,1.556,1237447163.401,783021285.0,1.608,1.61,1.554
2019-03-27,159915,创业板ETF,1.568,1176282782.928,752600710.0,1.567,1.574,1.546
2019-03-28,159915,创业板ETF,1.556,1187543493.193,755926088.0,1.557,1.588,1.553
2019-03-29,159915,创业板ETF,1.624,1905978802.497,1187684530.0,1.564,1.627,1.559
2019-04-01,159915,创业板ETF,1.694,1775243957.23,1059745719.0,1.635,1.695,1.635
2019-04-02,159915,创业板ETF,1.682,1495342618.792,884264867.0,1.696,1.704,1.675
2019-04-03,159915,创业板ETF,1.7,1116334412.409,662340076.0,1.673,1.701,1.669
2019-04-04,159915,创业板ETF,1.701,1159661092.502,682736094.0,1.704,1.71,1.688
2019-04-08,159915,创业板ETF,1.665,1431801504.684,854767622.0,1.709,1.716,1.645
2019-04-09,159915,创业板ETF,1.667,1085974787.129,652720195.0,1.657,1.677,1.646
2019-04-10,159915,创业板ETF,1.654,1008779218.4,610680094.0,1.657,1.668,1.639
2019-04-11,159915,创业板ETF,1.619,1181550193.388,724528187.0,1.655,1.657,1.616
2019-04-12,159915,创业板ETF,1.624,954790813.481,589209508.0,1.616,1.63,1.611
2019-04-15,159915,创业板ETF,1.596,1073984715.608,659602188.0,1.647,1.651,1.594
2019-04-16,159915,创业板ETF,1.629,1547669918.665,968538488.0,1.586,1.629,1.568
2019-04-17,159915,创业板ETF,1.642,1421519730.838,867652923.0,1.623,1.655,1.621
2019-04-18,159915,创业板ETF,1.629,628750727.34,384124230.0,1.637,1.645,1.629
2019-04-19,159915,创业板ETF,1.645,672817895.255,412543880.0,1.63,1.645,1.617
2019-04-22,159915,创业板ETF,1.624,860784970.977,526563951.0,1.645,1.649,1.617
2019-04-23,159915,创业板ETF,1.61,704956842.957,435621444.0,1.619,1.636,1.603
2019-04-24,159915,创业板ETF,1.646,1316404618.684,808834796.0,1.616,1.648,1.603
2019-04-25,159915,创业板ETF,1.598,1356370198.313,832796738.0,1.635,1.649,1.596
2019-04-26,159915,创业板ETF,1.589,1021292145.334,639889225.0,1.591,1.61,1.584
2019-04-29,159915,创业板ETF,1.549,1433020797.291,914815120.0,1.589,1.594,1.541
2019-04-30,159915,创业板ETF,1.553,812501232.192,522653581.0,1.546,1.565,1.54
2019-05-06,159915,创业板ETF,1.424,2081644694.039,1421437155.0,1.496,1.497,1.421
2019-05-07,159915,创业板ETF,1.438,1423184192.498,988560408.0,1.442,1.46,1.413
2019-05-08,159915,创业板ETF,1.419,1353802799.44,948146783.0,1.41,1.45,1.405
2019-05-09,159915,创业板ETF,1.409,1239228632.68,874863158.0,1.41,1.429,1.405
2019-05-10,159915,创业板ETF,1.465,2069524658.216,1432141083.0,1.427,1.473,1.402
2019-05-13,159915,创业板ETF,1.441,1094202583.894,756719199.0,1.448,1.457,1.43
2019-05-14,159915,创业板ETF,1.431,985784539.818,684159767.0,1.432,1.453,1.43
2019-05-15,159915,创业板ETF,1.462,971895602.617,669114529.0,1.444,1.469,1.438
2019-05-16,159915,创业板ETF,1.468,679623069.288,464914004.0,1.461,1.472,1.451
2019-05-17,159915,创业板ETF,1.416,910441418.803,631317139.0,1.469,1.471,1.411
2019-05-20,159915,创业板ETF,1.407,1058113191.053,755009962.0,1.412,1.418,1.391
2019-05-21,159915,创业板ETF,1.43,874793590.712,613807797.0,1.409,1.441,1.405
2019-05-22,159915,创业板ETF,1.427,656986153.839,460394331.0,1.428,1.44,1.415
2019-05-23,159915,创业板ETF,1.392,1035834551.534,738402737.0,1.42,1.422,1.389
2019-05-24,159915,创业板ETF,1.384,930957187.94,669934931.0,1.392,1.403,1.377
2019-05-27,159915,创业板ETF,1.428,1368770585.883,969234343.0,1.387,1.436,1.383
2019-05-28,159915,创业板ETF,1.432,1093672103.886,762880452.0,1.431,1.442,1.421
2019-05-29,159915,创业板ETF,1.432,679872551.912,473871356.0,1.428,1.445,1.424
2019-05-30,159915,创业板ETF,1.422,692734095.591,488676660.0,1.429,1.433,1.405
2019-05-31,159915,创业板ETF,1.425,668795557.934,468630539.0,1.423,1.437,1.416
2019-06-03,159915,创业板ETF,1.411,735971029.329,518712594.0,1.428,1.438,1.407
2019-06-04,159915,创业板ETF,1.4,695336188.503,495611673.0,1.407,1.416,1.392
2019-06-05,159915,创业板ETF,1.393,746679198.954,533183000.0,1.412,1.415,1.391
2019-06-06,159915,创业板ETF,1.363,1078153883.206,786068357.0,1.391,1.394,1.355
2019-06-10,159915,创业板ETF,1.376,718712464.137,523949149.0,1.364,1.383,1.356
2019-06-11,159915,创业板ETF,1.43,1365339168.235,970059804.0,1.374,1.432,1.373
2019-06-12,159915,创业板ETF,1.412,978373562.33,689854303.0,1.425,1.427,1.41
2019-06-13,159915,创业板ETF,1.422,781136262.9,551166460.0,1.412,1.426,1.406
2019-06-14,159915,创业板ETF,1.397,875068996.755,619039970.0,1.421,1.428,1.395
2019-06-17,159915,创业板ETF,1.39,590340814.627,424300313.0,1.395,1.405,1.385
2019-06-18,159915,创业板ETF,1.4,705262643.544,504702669.0,1.392,1.405,1.383
2019-06-19,159915,创业板ETF,1.417,1378779392.884,963633436.0,1.445,1.466,1.414
2019-06-20,159915,创业板ETF,1.442,1328203959.192,926334530.0,1.415,1.454,1.41
2019-06-21,159915,创业板ETF,1.473,2634031395.72,1785813237.0,1.491,1.494,1.462
2019-06-24,159915,创业板ETF,1.46,946116241.035,648221437.0,1.467,1.47,1.453
2019-06-25,159915,创业板ETF,1.442,988833640.888,687271842.0,1.458,1.458,1.426
2019-06-26,159915,创业板ETF,1.448,757952013.668,523825711.0,1.433,1.455,1.431
2019-06-27,159915,创业板ETF,1.469,1036596568.677,707272316.0,1.45,1.473,1.45
2019-06-28,159915,创业板ETF,1.457,852765463.543,586731847.0,1.468,1.468,1.444
2019-07-01,159915,创业板ETF,1.511,1517431208.009,1013969173.0,1.487,1.512,1.477
2019-07-02,159915,创业板ETF,1.511,706458783.481,467265453.0,1.506,1.518,1.503
2019-07-03,159915,创业板ETF,1.488,660271618.34,442490034.0,1.506,1.506,1.482
2019-07-04,159915,创业板ETF,1.476,679582805.786,459231504.0,1.489,1.494,1.469
2019-07-05,159915,创业板ETF,1.492,613067444.105,412719961.0,1.475,1.496,1.474
2019-07-08,159915,创业板ETF,1.45,859786626.692,589092828.0,1.488,1.488,1.439
2019-07-09,159915,创业板ETF,1.462,573417659.54,393725991.0,1.45,1.467,1.447
2019-07-10,159915,创业板ETF,1.456,415331223.731,284537630.0,1.465,1.468,1.45
2019-07-11,159915,创业板ETF,1.458,473267054.685,323050346.0,1.464,1.476,1.452
2019-07-12,159915,创业板ETF,1.465,458763770.297,313513657.0,1.458,1.472,1.451
2019-07-15,159915,创业板ETF,1.489,1478473992.768,998554131.0,1.458,1.502,1.441
2019-07-16,159915,创业板ETF,1.489,622033665.974,418216114.0,1.486,1.494,1.481
2019-07-17,159915,创业板ETF,1.492,658665163.269,440130149.0,1.486,1.505,1.483
2019-07-18,159915,创业板ETF,1.47,515231781.064,348806544.0,1.486,1.487,1.469
2019-07-19,159915,创业板ETF,1.486,953352416.797,641055011.0,1.473,1.497,1.473
2019-07-22,159915,创业板ETF,1.461,726277928.557,494470619.0,1.488,1.491,1.453
2019-07-23,159915,创业板ETF,1.481,582821820.792,396166810.0,1.46,1.481,1.46
2019-07-24,159915,创业板ETF,1.498,675722798.048,451535816.0,1.483,1.506,1.482
2019-07-25,159915,创业板ETF,1.506,585696747.537,389902452.0,1.493,1.511,1.493
2019-07-26,159915,创业板ETF,1.506,527726776.195,351360265.0,1.502,1.508,1.495
2019-07-29,159915,创业板ETF,1.509,423169447.614,281380402.0,1.504,1.509,1.497
2019-07-30,159915,创业板ETF,1.522,748047364.936,490774599.0,1.508,1.536,1.506
2019-07-31,159915,创业板ETF,1.512,583207167.546,384993695.0,1.515,1.521,1.51
2019-08-01,159915,创业板ETF,1.516,615624712.637,406948571.0,1.506,1.52,1.502
2019-08-02,159915,创业板ETF,1.501,800549975.818,536703569.0,1.486,1.504,1.481
2019-08-05,159915,创业板ETF,1.473,656190798.367,440157402.0,1.495,1.509,1.472
2019-08-06,159915,创业板ETF,1.451,1059788342.349,733810742.0,1.445,1.462,1.423
2019-08-07,159915,创业板ETF,1.447,537946780.33,369131412.0,1.462,1.467,1.446
2019-08-08,159915,创业板ETF,1.468,432946666.584,296121841.0,1.452,1.47,1.452
2019-08-09,159915,创业板ETF,1.45,469676780.539,320995770.0,1.474,1.48,1.449
2019-08-12,159915,创业板ETF,1.486,467704152.534,318829664.0,1.457,1.486,1.452
2019-08-13,159915,创业板ETF,1.47,405821659.52,276023535.0,1.473,1.479,1.463
2019-08-14,159915,创业板ETF,1.477,657758900.574,442778852.0,1.488,1.494,1.476
2019-08-15,159915,创业板ETF,1.498,807305560.099,545858029.0,1.459,1.5,1.451
2019-08-16,159915,创业板ETF,1.512,834130062.899,552038997.0,1.497,1.527,1.491
2019-08-19,159915,创业板ETF,1.568,1250126496.161,807887684.0,1.528,1.573,1.524
2019-08-20,159915,创业板ETF,1.553,862848896.338,553323525.0,1.565,1.571,1.549
2019-08-21,159915,创业板ETF,1.549,670373782.425,432159952.0,1.55,1.557,1.545
2019-08-22,159915,创业板ETF,1.554,612815899.15,395692096.0,1.553,1.556,1.539
2019-08-23,159915,创业板ETF,1.555,582706214.651,374734935.0,1.553,1.563,1.544
2019-08-26,159915,创业板ETF,1.54,724143259.649,470149385.0,1.54,1.549,1.529
2019-08-27,159915,创业板ETF,1.567,1235914886.708,787723607.0,1.549,1.586,1.548
2019-08-28,159915,创业板ETF,1.565,591739610.162,378610417.0,1.566,1.572,1.555
2019-08-29,159915,创业板ETF,1.558,518872181.016,331930742.0,1.566,1.573,1.557
2019-08-30,159915,创业板ETF,1.549,701180674.839,449885263.0,1.569,1.577,1.541
2019-09-02,159915,创业板ETF,1.592,760787345.641,482725872.0,1.55,1.595,1.55
2019-09-03,159915,创业板ETF,1.595,561098789.617,352288487.0,1.592,1.6,1.585
2019-09-04,159915,创业板ETF,1.607,610907616.42,382470515.0,1.595,1.609,1.587
2019-09-05,159915,创业板ETF,1.627,869088842.647,532068928.0,1.618,1.647,1.618
2019-09-06,159915,创业板ETF,1.631,660451210.966,406414680.0,1.634,1.637,1.611
2019-09-09,159915,创业板ETF,1.67,1054795861.187,639889328.0,1.639,1.672,1.628
2019-09-10,159915,创业板ETF,1.661,643004584.274,387048865.0,1.666,1.67,1.65
2019-09-11,159915,创业板ETF,1.638,676492945.953,410010637.0,1.665,1.67,1.636
2019-09-12,159915,创业板ETF,1.646,495634839.612,301832442.0,1.647,1.649,1.632
2019-09-16,159915,创业板ETF,1.65,621110353.45,376530615.0,1.649,1.658,1.639
2019-09-17,159915,创业板ETF,1.618,781250293.22,481261611.0,1.646,1.646,1.609
2019-09-18,159915,创业板ETF,1.617,575953639.646,356663706.0,1.618,1.624,1.607
2019-09-19,159915,创业板ETF,1.642,758063900.865,465841238.0,1.62,1.646,1.612
2019-09-20,159915,创业板ETF,1.638,602897496.4,366983868.0,1.643,1.652,1.637
2019-09-23,159915,创业板ETF,1.62,606485700.255,375112790.0,1.635,1.635,1.607
2019-09-24,159915,创业板ETF,1.629,721217705.103,442466104.0,1.619,1.642,1.614
2019-09-25,159915,创业板ETF,1.611,517019620.515,320000839.0,1.62,1.625,1.608
2019-09-26,159915,创业板ETF,1.561,840824877.041,531169874.0,1.615,1.617,1.56
2019-09-27,159915,创业板ETF,1.587,677400696.977,429094240.0,1.562,1.59,1.561
2019-09-30,159915,创业板ETF,1.57,435864755.41,276484650.0,1.585,1.59,1.565
2019-10-08,159915,创业板ETF,1.556,406277448.731,259417599.0,1.571,1.577,1.554
2019-10-09,159915,创业板ETF,1.561,623226961.719,401633389.0,1.549,1.563,1.543
2019-10-10,159915,创业板ETF,1.604,950547665.983,598888087.0,1.568,1.606,1.563
2019-10-11,159915,创业板ETF,1.606,697988479.016,435043863.0,1.605,1.615,1.592
2019-10-14,159915,创业板ETF,1.617,548329005.377,338518763.0,1.615,1.63,1.611
2019-10-15,159915,创业板ETF,1.597,352196392.66,219739723.0,1.613,1.614,1.596
2019-10-16,159915,创业板ETF,1.592,664018015.662,414705498.0,1.602,1.61,1.592
2019-10-17,159915,创业板ETF,1.595,500440549.475,313687346.0,1.594,1.602,1.591
2019-10-18,159915,创业板ETF,1.589,587484309.131,367419044.0,1.6,1.613,1.582
2019-10-21,159915,创业板ETF,1.585,585581482.274,370505846.0,1.588,1.591,1.57
2019-10-22,159915,创业板ETF,1.606,611910772.402,383228810.0,1.587,1.606,1.585
2019-10-23,159915,创业板ETF,1.589,446274974.275,279349600.0,1.608,1.61,1.587
2019-10-24,159915,创业板ETF,1.593,391136570.388,245789660.0,1.59,1.6,1.581
2019-10-25,159915,创业板ETF,1.616,674647385.861,420712717.0,1.593,1.616,1.586
2019-10-28,159915,创业板ETF,1.646,730058999.399,446601112.0,1.63,1.646,1.622
2019-10-29,159915,创业板ETF,1.624,550829067.087,337028228.0,1.642,1.643,1.622
2019-10-30,159915,创业板ETF,1.619,389210561.79,240390529.0,1.623,1.627,1.609
2019-10-31,159915,创业板ETF,1.608,481495096.031,297535509.0,1.624,1.63,1.607
2019-11-01,159915,创业板ETF,1.625,491396091.608,303828274.0,1.609,1.628,1.602
2019-11-04,159915,创业板ETF,1.634,577725833.388,353322791.0,1.624,1.643,1.624
2019-11-05,159915,创业板ETF,1.649,562183178.134,341915142.0,1.637,1.655,1.631
2019-11-06,159915,创业板ETF,1.638,445166154.42,270517656.0,1.652,1.655,1.632
2019-11-07,159915,创业板ETF,1.651,480363702.89,291193656.0,1.634,1.66,1.632
2019-11-08,159915,创业板ETF,1.645,600012097.681,362405505.0,1.655,1.666,1.645
2019-11-11,159915,创业板ETF,1.61,440940707.0,271683993.0,1.641,1.641,1.609
2019-11-12,159915,创业板ETF,1.611,446876481.225,278394004.0,1.61,1.616,1.593
2019-11-13,159915,创业板ETF,1.62,408310121.392,253096821.0,1.608,1.621,1.604
2019-11-14,159915,创业板ETF,1.63,327966834.08,201853551.0,1.619,1.634,1.616
2019-11-15,159915,创业板ETF,1.614,332186948.037,204913122.0,1.626,1.632,1.614
2019-11-18,159915,创业板ETF,1.621,337860860.981,209268832.0,1.613,1.623,1.603
2019-11-19,159915,创业板ETF,1.666,788222843.418,477652878.0,1.62,1.666,1.618
2019-11-20,159915,创业板ETF,1.655,634036650.495,380288476.0,1.664,1.679,1.654
2019-11-21,159915,创业板ETF,1.65,377737001.578,228755070.0,1.65,1.663,1.643
2019-11-22,159915,创业板ETF,1.614,832603944.146,508939096.0,1.653,1.672,1.608
2019-11-25,159915,创业板ETF,1.599,547441021.588,342267939.0,1.616,1.619,1.591
2019-11-26,159915,创业板ETF,1.608,505140331.423,314216148.0,1.603,1.617,1.596
2019-11-27,159915,创业板ETF,1.611,424397582.278,263692027.0,1.605,1.622,1.594
2019-11-28,159915,创业板ETF,1.611,281463781.785,174542857.0,1.608,1.62,1.605
2019-11-29,159915,创业板ETF,1.6,407518790.089,255021205.0,1.608,1.61,1.585
2019-12-02,159915,创业板ETF,1.606,347145402.005,215841618.0,1.605,1.618,1.601
2019-12-03,159915,创业板ETF,1.613,417574909.808,261019224.0,1.6,1.613,1.586
2019-12-04,159915,创业板ETF,1.612,345616193.1,214455473.0,1.606,1.62,1.602
2019-12-05,159915,创业板ETF,1.648,651809837.227,398267130.0,1.615,1.65,1.615
2019-12-06,159915,创业板ETF,1.662,476840772.956,288588075.0,1.646,1.662,1.641
2019-12-09,159915,创业板ETF,1.656,457341260.659,276077404.0,1.667,1.669,1.65
2019-12-10,159915,创业板ETF,1.67,406620424.811,245073450.0,1.651,1.67,1.645
2019-12-11,159915,创业板ETF,1.653,344015143.667,207574280.0,1.667,1.669,1.649
2019-12-12,159915,创业板ETF,1.657,369197091.16,222315082.0,1.651,1.668,1.651
2019-12-13,159915,创业板ETF,1.693,763312314.168,453932560.0,1.67,1.695,1.667
2019-12-16,159915,创业板ETF,1.715,649084597.904,381406430.0,1.693,1.716,1.686
2019-12-17,159915,创业板ETF,1.738,802963009.073,463768926.0,1.715,1.741,1.713
2019-12-18,159915,创业板ETF,1.725,438241665.136,253307169.0,1.734,1.739,1.721
2019-12-19,159915,创业板ETF,1.724,455270871.92,264483572.0,1.725,1.73,1.714
2019-12-20,159915,创业板ETF,1.708,435005293.954,253823812.0,1.724,1.73,1.705
2019-12-23,159915,创业板ETF,1.671,635116965.38,375954464.0,1.703,1.708,1.667
2019-12-24,159915,创业板ETF,1.704,525817088.379,311361878.0,1.676,1.706,1.675
2019-12-25,159915,创业板ETF,1.718,466617979.096,272986906.0,1.7,1.719,1.697
2019-12-26,159915,创业板ETF,1.726,370131866.625,215221004.0,1.716,1.727,1.711
2019-12-27,159915,创业板ETF,1.698,518302678.268,301534134.0,1.728,1.737,1.698
2019-12-30,159915,创业板ETF,1.727,461047327.303,269359448.0,1.695,1.727,1.684
2019-12-31,159915,创业板ETF,1.73,527289200.081,305108479.0,1.72,1.736,1.718
2020-01-02,159915,创业板ETF,1.765,593821307.92,338082532.0,1.743,1.771,1.731
2020-01-03,159915,创业板ETF,1.764,484657154.18,274686029.0,1.766,1.774,1.751
2020-01-06,159915,创业板ETF,1.788,744384661.387,416699155.0,1.756,1.806,1.753
2020-01-07,159915,创业板ETF,1.822,713661489.429,394559043.0,1.792,1.823,1.792
2020-01-08,159915,创业板ETF,1.792,894926575.173,495910739.0,1.808,1.822,1.789
2020-01-09,159915,创业板ETF,1.839,818555090.545,447568934.0,1.811,1.842,1.811
2020-01-10,159915,创业板ETF,1.831,650123952.12,354645101.0,1.847,1.847,1.821
2020-01-13,159915,创业板ETF,1.862,812006315.811,440077186.0,1.834,1.862,1.82
2020-01-14,159915,创业板ETF,1.85,707363702.084,380667971.0,1.864,1.871,1.849
2020-01-15,159915,创业板ETF,1.847,484326113.401,262788293.0,1.848,1.856,1.829
2020-01-16,159915,创业板ETF,1.856,501536387.492,270307332.0,1.851,1.863,1.842
2020-01-17,159915,创业板ETF,1.858,557328141.433,299122520.0,1.861,1.874,1.853
2020-01-20,159915,创业板ETF,1.905,785167602.243,415155529.0,1.862,1.911,1.861
2020-01-21,159915,创业板ETF,1.892,1010621923.056,533401882.0,1.9,1.911,1.881
2020-01-22,159915,创业板ETF,1.918,925446974.139,490221281.0,1.882,1.93,1.852
2020-01-23,159915,创业板ETF,1.853,1220349849.866,652327882.0,1.892,1.918,1.829
2020-02-03,159915,创业板ETF,1.708,1759930596.622,1022628043.0,1.67,1.766,1.669
2020-02-04,159915,创业板ETF,1.816,1239347232.506,695557569.0,1.716,1.82,1.715
2020-02-05,159915,创业板ETF,1.871,1159567343.796,623023768.0,1.833,1.896,1.818
2020-02-06,159915,创业板ETF,1.93,1340342441.89,705975459.0,1.855,1.94,1.836
2020-02-07,159915,创业板ETF,1.94,968173696.622,502075775.0,1.932,1.949,1.9
2020-02-10,159915,创业板ETF,1.961,853349833.664,437752260.0,1.938,1.966,1.924
2020-02-11,159915,创业板ETF,1.947,540477051.358,277137865.0,1.964,1.964,1.935
2020-02-12,159915,创业板ETF,2.006,782098796.591,394270737.0,1.943,2.012,1.939
2020-02-13,159915,创业板ETF,1.988,849396215.997,426844327.0,2.005,2.01,1.971
2020-02-14,159915,创业板ETF,1.987,675301608.951,338313044.0,1.983,2.022,1.965
2020-02-17,159915,创业板ETF,2.071,1411302165.716,689679516.0,2.005,2.071,2.004
2020-02-18,159915,创业板ETF,2.09,1461049104.466,704272926.0,2.072,2.09,2.05
2020-02-19,159915,创业板ETF,2.054,1184645191.79,572403776.0,2.08,2.087,2.052
2020-02-20,159915,创业板ETF,2.105,1179806152.792,564853897.0,2.062,2.118,2.056
2020-02-21,159915,创业板ETF,2.145,1138639739.961,533741261.0,2.1,2.162,2.092
2020-02-24,159915,创业板ETF,2.178,1086957992.093,504084223.0,2.137,2.185,2.127
2020-02-25,159915,创业板ETF,2.195,1540210397.049,714184212.0,2.145,2.21,2.082
2020-02-26,159915,创业板ETF,2.102,1371540260.793,643676967.0,2.162,2.176,2.086
2020-02-27,159915,创业板ETF,2.111,1609806401.627,762019601.0,2.111,2.148,2.076
2020-02-28,159915,创业板ETF,1.995,2320203317.492,1144950272.0,2.041,2.074,1.985
2020-03-02,159915,创业板ETF,2.054,1304480315.527,640949034.0,2.026,2.071,1.999
2020-03-03,159915,创业板ETF,2.092,1604280861.106,758934956.0,2.101,2.155,2.066
2020-03-04,159915,创业板ETF,2.088,924792440.477,446850536.0,2.077,2.097,2.04
2020-03-05,159915,创业板ETF,2.121,1134560353.48,537126838.0,2.121,2.131,2.09
2020-03-06,159915,创业板ETF,2.111,614750211.334,290952337.0,2.09,2.14,2.087
2020-03-09,159915,创业板ETF,2.013,868558244.13,424604227.0,2.068,2.09,2.011
2020-03-10,159915,创业板ETF,2.063,1291227934.906,636702181.0,2.016,2.068,1.974
2020-03-11,159915,创业板ETF,2.024,906930146.239,442957257.0,2.07,2.078,2.017
2020-03-12,159915,创业板ETF,1.971,820946972.549,416046997.0,1.996,1.998,1.948
2020-03-13,159915,创业板ETF,1.952,1584748402.368,828071160.0,1.895,1.978,1.85
2020-03-16,159915,创业板ETF,1.832,1191112090.244,629317092.0,1.953,1.96,1.83
2020-03-17,159915,创业板ETF,1.842,1563509734.824,853714659.0,1.863,1.886,1.776
2020-03-18,159915,创业板ETF,1.818,1512016753.06,808958752.0,1.86,1.907,1.816
2020-03-19,159915,创业板ETF,1.825,2007773589.924,1111266897.0,1.833,1.839,1.768
2020-03-20,159915,创业板ETF,1.847,1351892031.069,736210152.0,1.847,1.854,1.805
2020-03-23,159915,创业板ETF,1.761,1305813917.101,733394667.0,1.79,1.816,1.75
2020-03-24,159915,创业板ETF,1.806,1410852872.382,789514566.0,1.797,1.81,1.748
2020-03-25,159915,创业板ETF,1.86,1630786983.117,880115455.0,1.845,1.867,1.833
2020-03-26,159915,创业板ETF,1.853,900324464.4,484313690.0,1.845,1.874,1.841
2020-03-27,159915,创业板ETF,1.83,1197067635.107,647218343.0,1.878,1.882,1.828
2020-03-30,159915,创业板ETF,1.791,1128069459.75,632104193.0,1.807,1.808,1.762
2020-03-31,159915,创业板ETF,1.795,771482306.019,427999991.0,1.805,1.813,1.79
2020-04-01,159915,创业板ETF,1.792,718993770.757,397434454.0,1.798,1.829,1.79
2020-04-02,159915,创业板ETF,1.844,1125309784.79,621360179.0,1.786,1.845,1.784
2020-04-03,159915,创业板ETF,1.834,762594145.479,414494134.0,1.834,1.854,1.825
2020-04-07,159915,创业板ETF,1.894,1312190878.895,696557516.0,1.871,1.898,1.866
2020-04-08,159915,创业板ETF,1.89,562745117.006,297942382.0,1.886,1.901,1.879
2020-04-09,159915,创业板ETF,1.921,897401396.135,469048131.0,1.905,1.925,1.896
2020-04-10,159915,创业板ETF,1.877,735521437.442,388882665.0,1.921,1.921,1.868
2020-04-13,159915,创业板ETF,1.853,645264331.471,348866654.0,1.872,1.872,1.84
2020-04-14,159915,创业板ETF,1.909,914603651.39,485091018.0,1.862,1.91,1.856
2020-04-15,159915,创业板ETF,1.899,749693136.129,391673275.0,1.911,1.927,1.899
2020-04-16,159915,创业板ETF,1.932,659893804.188,343659922.0,1.893,1.938,1.891
2020-04-17,159915,创业板ETF,1.943,827242036.178,423549848.0,1.948,1.969,1.936
2020-04-20,159915,创业板ETF,1.969,457862504.63,233852579.0,1.945,1.969,1.94
2020-04-21,159915,创业板ETF,1.949,622482683.829,320577430.0,1.96,1.96,1.92
2020-04-22,159915,创业板ETF,1.967,627374184.913,322109443.0,1.932,1.967,1.927
2020-04-23,159915,创业板ETF,1.951,613241023.086,312795892.0,1.97,1.978,1.947
2020-04-24,159915,创业板ETF,1.93,482010977.482,248955034.0,1.951,1.959,1.921
2020-04-27,159915,创业板ETF,1.939,645358325.847,332056612.0,1.938,1.957,1.919
2020-04-28,159915,创业板ETF,1.951,865921543.526,446927507.0,1.947,1.969,1.89
2020-04-29,159915,创业板ETF,1.952,696005741.273,356095691.0,1.943,1.973,1.94
2020-04-30,159915,创业板ETF,1.993,817442890.57,411736129.0,1.964,1.999,1.96
2020-05-06,159915,创业板ETF,2.029,737917205.523,367767579.0,1.98,2.032,1.974
2020-05-07,159915,创业板ETF,2.025,538456242.276,265935124.0,2.03,2.035,2.014
2020-05-08,159915,创业板ETF,2.042,622569015.326,304340396.0,2.035,2.058,2.033
2020-05-11,159915,创业板ETF,2.024,755905404.058,372382958.0,2.054,2.057,2.01
2020-05-12,159915,创业板ETF,2.043,554753045.108,273309790.0,2.021,2.045,2.012
2020-05-13,159915,创业板ETF,2.058,468032260.086,228528663.0,2.033,2.063,2.033
2020-05-14,159915,创业板ETF,2.036,494059208.987,241709394.0,2.047,2.058,2.035
2020-05-15,159915,创业板ETF,2.042,466146590.375,228085862.0,2.047,2.056,2.03
2020-05-18,159915,创业板ETF,2.039,520926432.853,255364320.0,2.045,2.057,2.015
2020-05-19,159915,创业板ETF,2.061,766492302.866,372748756.0,2.052,2.061,2.046
2020-05-20,159915,创业板ETF,2.041,648502009.469,315427855.0,2.061,2.074,2.033
2020-05-21,159915,创业板ETF,2.02,583607040.492,286282852.0,2.045,2.058,2.015
2020-05-22,159915,创业板ETF,1.972,837242315.611,422028759.0,2.015,2.018,1.96
2020-05-25,159915,创业板ETF,1.975,504052566.838,255996472.0,1.968,1.977,1.958
2020-05-26,159915,创业板ETF,2.038,696891564.623,345773726.0,1.989,2.038,1.986
2020-05-27,159915,创业板ETF,1.997,859890900.353,428796980.0,2.034,2.035,1.986
2020-05-28,159915,创业板ETF,1.982,878971372.491,446455083.0,1.99,1.999,1.948
2020-05-29,159915,创业板ETF,2.006,731316339.29,365781378.0,1.969,2.012,1.967
2020-06-01,159915,创业板ETF,2.082,829581441.151,401752817.0,2.024,2.087,2.02
2020-06-02,159915,创业板ETF,2.067,625496280.33,302634627.0,2.083,2.085,2.054
2020-06-03,159915,创业板ETF,2.06,517396638.89,249887104.0,2.075,2.085,2.059
2020-06-04,159915,创业板ETF,2.073,532624121.37,257369106.0,2.067,2.077,2.057
2020-06-05,159915,创业板ETF,2.087,456286887.853,219826938.0,2.069,2.087,2.062
2020-06-08,159915,创业板ETF,2.073,500333439.212,239640116.0,2.101,2.111,2.07
2020-06-09,159915,创业板ETF,2.102,535995825.138,256076277.0,2.076,2.106,2.068
2020-06-10,159915,创业板ETF,2.122,632269236.241,299262224.0,2.102,2.124,2.099
2020-06-11,159915,创业板ETF,2.119,691810132.622,324574034.0,2.123,2.161,2.103
2020-06-12,159915,创业板ETF,2.141,839264058.528,395880625.0,2.08,2.147,2.078
2020-06-15,159915,创业板ETF,2.141,757263998.464,350946406.0,2.143,2.181,2.14
2020-06-16,159915,创业板ETF,2.183,829913780.714,381432828.0,2.169,2.188,2.161
2020-06-17,159915,创业板ETF,2.188,629367513.764,288225940.0,2.184,2.198,2.171
2020-06-18,159915,创业板ETF,2.194,790565833.814,361883262.0,2.187,2.196,2.17
2020-06-19,159915,创业板ETF,2.238,757480675.448,339270529.0,2.196,2.253,2.191
2020-06-22,159915,创业板ETF,2.263,778089550.721,343573358.0,2.246,2.282,2.245
2020-06-23,159915,创业板ETF,2.307,615432633.138,269737520.0,2.26,2.307,2.255
2020-06-24,159915,创业板ETF,2.307,644657419.383,280117766.0,2.318,2.318,2.29
2020-06-29,159915,创业板ETF,2.295,589922238.858,257396705.0,2.292,2.307,2.28
2020-06-30,159915,创业板ETF,2.359,645987864.363,275878735.0,2.304,2.363,2.304
2020-07-01,159915,创业板ETF,2.342,1008298494.673,431263576.0,2.363,2.37,2.303
2020-07-02,159915,创业板ETF,2.35,848789796.232,363142179.0,2.337,2.355,2.314
2020-07-03,159915,创业板ETF,2.38,926308196.917,392494290.0,2.349,2.39,2.325
2020-07-06,159915,创业板ETF,2.45,1298220539.651,537357558.0,2.384,2.459,2.375
2020-07-07,159915,创业板ETF,2.503,1104592913.818,439699188.0,2.459,2.561,2.45
2020-07-08,159915,创业板ETF,2.574,877417271.337,346433713.0,2.515,2.58,2.489
2020-07-09,159915,创业板ETF,2.674,1314914800.113,498913539.0,2.576,2.681,2.56
2020-07-10,159915,创业板ETF,2.685,1279620071.858,477182145.0,2.66,2.706,2.64
2020-07-13,159915,创业板ETF,2.802,1474933369.18,534279386.0,2.693,2.81,2.693
2020-07-14,159915,创业板ETF,2.767,1996260330.243,726061213.0,2.798,2.798,2.695
2020-07-15,159915,创业板ETF,2.722,2153845857.182,781743879.0,2.766,2.797,2.688
2020-07-16,159915,创业板ETF,2.558,3351186154.811,1269181870.0,2.718,2.755,2.538
2020-07-17,159915,创业板ETF,2.583,2321894452.072,900005660.0,2.558,2.635,2.529
2020-07-20,159915,创业板ETF,2.611,1770602914.483,686034721.0,2.62,2.629,2.528
2020-07-21,159915,创业板ETF,2.643,1737413414.031,659815385.0,2.62,2.653,2.596
2020-07-22,159915,创业板ETF,2.678,1659035428.348,618928125.0,2.628,2.713,2.621
2020-07-23,159915,创业板ETF,2.706,1324355251.872,496272409.0,2.657,2.706,2.613
2020-07-24,159915,创业板ETF,2.537,2120347856.066,817839761.0,2.68,2.695,2.525
2020-07-27,159915,创业板ETF,2.54,1080018868.838,423595328.0,2.544,2.577,2.513
2020-07-28,159915,创业板ETF,2.573,1122978638.037,437831325.0,2.576,2.587,2.539
2020-07-29,159915,创业板ETF,2.68,1278752610.097,485217520.0,2.564,2.685,2.561
2020-07-30,159915,创业板ETF,2.652,1146614617.178,429584112.0,2.68,2.692,2.641
2020-07-31,159915,创业板ETF,2.708,1262589294.771,468958726.0,2.658,2.724,2.646
2020-08-03,159915,创业板ETF,2.774,1114103916.195,405796392.0,2.734,2.774,2.704
2020-08-04,159915,创业板ETF,2.738,1216085612.245,441102561.0,2.772,2.794,2.721
2020-08-05,159915,创业板ETF,2.763,891682558.86,324932450.0,2.74,2.779,2.707
2020-08-06,159915,创业板ETF,2.719,1173644625.561,431876721.0,2.767,2.77,2.682
2020-08-07,159915,创业板ETF,2.657,1198850617.709,449797080.0,2.701,2.726,2.61
2020-08-10,159915,创业板ETF,2.641,793749024.097,301159264.0,2.641,2.666,2.603
2020-08-11,159915,创业板ETF,2.6,1052834042.008,398901426.0,2.643,2.68,2.59
2020-08-12,159915,创业板ETF,2.548,1776970115.547,701878313.0,2.596,2.604,2.492
2020-08-13,159915,创业板ETF,2.535,860036376.921,337884346.0,2.56,2.566,2.521
2020-08-14,159915,创业板ETF,2.579,1240668232.621,484820197.0,2.533,2.58,2.528
2020-08-17,159915,创业板ETF,2.607,1477528122.105,570620335.0,2.591,2.608,2.56
2020-08-18,159915,创业板ETF,2.605,868339537.991,332642845.0,2.608,2.631,2.595
2020-08-19,159915,创业板ETF,2.524,859262803.554,336320265.0,2.604,2.61,2.521
2020-08-20,159915,创业板ETF,2.503,831085468.043,331196658.0,2.503,2.541,2.272
2020-08-21,159915,创业板ETF,2.546,850586315.259,334956758.0,2.519,2.554,2.518
2020-08-24,159915,创业板ETF,2.597,1144983927.892,444974992.0,2.563,2.612,2.503
2020-08-25,159915,创业板ETF,2.611,1057606842.338,404288409.0,2.591,2.65,2.589
2020-08-26,159915,创业板ETF,2.551,1130157864.853,437208419.0,2.608,2.627,2.546
2020-08-27,159915,创业板ETF,2.602,974798253.838,377358507.0,2.561,2.609,2.547
2020-08-28,159915,创业板ETF,2.666,1056256949.581,400813583.0,2.59,2.67,2.586
2020-08-31,159915,创业板ETF,2.637,927733047.963,348585735.0,2.676,2.687,2.633
2020-09-01,159915,创业板ETF,2.658,684918230.548,259463968.0,2.628,2.659,2.611
2020-09-02,159915,创业板ETF,2.676,885461829.727,331958177.0,2.657,2.692,2.634
2020-09-03,159915,创业板ETF,2.653,915507472.697,343135790.0,2.667,2.696,2.642
2020-09-04,159915,创业板ETF,2.638,821326556.913,313760212.0,2.609,2.649,2.596
2020-09-07,159915,创业板ETF,2.549,1097755996.122,423258879.0,2.628,2.65,2.541
2020-09-08,159915,创业板ETF,2.564,866442624.821,339692412.0,2.554,2.574,2.524
2020-09-09,159915,创业板ETF,2.44,1290302262.401,522864782.0,2.533,2.533,2.421
2020-09-10,159915,创业板ETF,2.403,890871796.975,364836322.0,2.462,2.478,2.39
2020-09-11,159915,创业板ETF,2.449,708370140.989,292043263.0,2.391,2.457,2.39
2020-09-14,159915,创业板ETF,2.484,811189484.412,326308013.0,2.476,2.515,2.461
2020-09-15,159915,创业板ETF,2.504,566728535.411,227161113.0,2.484,2.51,2.473
2020-09-16,159915,创业板ETF,2.47,425309577.591,171690899.0,2.506,2.507,2.454
2020-09-17,159915,创业板ETF,2.467,587710504.612,238430245.0,2.46,2.495,2.437
2020-09-18,159915,创业板ETF,2.513,753809186.057,303412153.0,2.468,2.514,2.45
2020-09-21,159915,创业板ETF,2.48,561392730.552,224876539.0,2.516,2.517,2.479
2020-09-22,159915,创业板ETF,2.469,568003027.48,228320462.0,2.47,2.508,2.462
2020-09-23,159915,创业板ETF,2.508,555643080.426,222709939.0,2.472,2.52,2.459
2020-09-24,159915,创业板ETF,2.454,559422767.611,226518798.0,2.49,2.496,2.451
2020-09-25,159915,创业板ETF,2.457,494279352.857,200706676.0,2.46,2.482,2.444
2020-09-28,159915,创业板ETF,2.434,405194141.077,165632430.0,2.465,2.467,2.432
2020-09-29,159915,创业板ETF,2.479,514655909.564,208620050.0,2.453,2.49,2.436
2020-09-30,159915,创业板ETF,2.489,547313044.071,219507409.0,2.478,2.513,2.472
2020-10-09,159915,创业板ETF,2.581,626372570.304,244202537.0,2.539,2.586,2.534
2020-10-12,159915,创业板ETF,2.683,968069586.179,364837013.0,2.606,2.683,2.601
2020-10-13,159915,创业板ETF,2.688,669090507.892,249894168.0,2.679,2.697,2.66
2020-10-14,159915,创业板ETF,2.668,540189393.249,201838845.0,2.682,2.696,2.664
2020-10-15,159915,创业板ETF,2.65,577161109.264,217479954.0,2.668,2.675,2.642
2020-10-16,159915,创业板ETF,2.634,533554906.228,202792436.0,2.641,2.658,2.602
2020-10-19,159915,创业板ETF,2.6,587731849.266,224153113.0,2.648,2.656,2.593
2020-10-20,159915,创业板ETF,2.645,654281608.838,249686322.0,2.594,2.646,2.594
2020-10-21,159915,创业板ETF,2.612,642838115.122,245499409.0,2.647,2.65,2.597
2020-10-22,159915,创业板ETF,2.582,722984040.468,280517091.0,2.594,2.599,2.556
2020-10-23,159915,创业板ETF,2.516,1049439847.219,411905870.0,2.579,2.609,2.504
2020-10-26,159915,创业板ETF,2.533,783906643.131,312465813.0,2.5,2.539,2.468
2020-10-27,159915,创业板ETF,2.56,645580450.346,253441654.0,2.52,2.563,2.52
2020-10-28,159915,创业板ETF,2.577,692050491.48,269906958.0,2.552,2.591,2.536
2020-10-29,159915,创业板ETF,2.607,717854999.192,277429538.0,2.548,2.619,2.542
2020-10-30,159915,创业板ETF,2.563,653686601.447,252842141.0,2.607,2.618,2.553
2020-11-02,159915,创业板ETF,2.617,751996904.345,289130910.0,2.57,2.628,2.57
2020-11-03,159915,创业板ETF,2.649,533933853.331,202761273.0,2.622,2.657,2.605
2020-11-04,159915,创业板ETF,2.658,580280194.718,219037262.0,2.644,2.661,2.629
2020-11-05,159915,创业板ETF,2.69,698627105.765,260605815.0,2.682,2.695,2.651
2020-11-06,159915,创业板ETF,2.637,803744477.145,304082339.0,2.693,2.697,2.618
2020-11-09,159915,创业板ETF,2.719,1004789886.359,372103458.0,2.653,2.736,2.653
2020-11-10,159915,创业板ETF,2.674,1034456185.894,385982619.0,2.717,2.717,2.619
2020-11-11,159915,创业板ETF,2.595,856982463.211,327201379.0,2.664,2.671,2.592
2020-11-12,159915,创业板ETF,2.607,541944557.096,207614441.0,2.602,2.628,2.595
2020-11-13,159915,创业板ETF,2.619,628170439.695,241043610.0,2.591,2.628,2.59
2020-11-16,159915,创业板ETF,2.62,596375641.831,228480113.0,2.626,2.627,2.583
2020-11-17,159915,创业板ETF,2.572,1021474735.062,398273700.0,2.614,2.622,2.538
2020-11-18,159915,创业板ETF,2.534,1185926304.885,466233593.0,2.57,2.59,2.523
2020-11-19,159915,创业板ETF,2.556,882134455.664,347370014.0,2.527,2.56,2.506
2020-11-20,159915,创业板ETF,2.576,787255429.417,306170480.0,2.553,2.584,2.552
2020-11-23,159915,创业板ETF,2.593,828386719.055,320296569.0,2.579,2.612,2.557
2020-11-24,159915,创业板ETF,2.582,457547113.067,177123510.0,2.591,2.604,2.571
2020-11-25,159915,创业板ETF,2.528,741594595.86,291116096.0,2.583,2.585,2.526
2020-11-26,159915,创业板ETF,2.522,820162179.02,326072919.0,2.529,2.542,2.498
2020-11-27,159915,创业板ETF,2.532,715239094.682,283537802.0,2.519,2.546,2.504
2020-11-30,159915,创业板ETF,2.541,922464799.784,363223175.0,2.532,2.563,2.506
2020-12-01,159915,创业板ETF,2.602,1148264658.887,445009820.0,2.535,2.608,2.53
2020-12-02,159915,创业板ETF,2.593,656776885.803,253875072.0,2.602,2.607,2.572
2020-12-03,159915,创业板ETF,2.619,800328224.619,307006064.0,2.583,2.628,2.577
2020-12-04,159915,创业板ETF,2.637,574346169.752,218982832.0,2.608,2.64,2.604
2020-12-07,159915,创业板ETF,2.628,521625211.764,198281873.0,2.625,2.643,2.62
2020-12-08,159915,创业板ETF,2.646,560165998.043,211423499.0,2.633,2.659,2.633
2020-12-09,159915,创业板ETF,2.598,773982164.422,294426485.0,2.65,2.665,2.596
2020-12-10,159915,创业板ETF,2.627,517199328.249,197931497.0,2.587,2.642,2.582
2020-12-11,159915,创业板ETF,2.601,579549841.766,222666043.0,2.629,2.637,2.575
2020-12-14,159915,创业板ETF,2.641,512961205.628,195953047.0,2.6,2.641,2.585
2020-12-15,159915,创业板ETF,2.667,585048063.524,220610448.0,2.633,2.668,2.629
2020-12-16,159915,创业板ETF,2.667,400176182.808,150552479.0,2.666,2.677,2.638
2020-12-17,159915,创业板ETF,2.694,495452802.297,185087694.0,2.659,2.695,2.646
2020-12-18,159915,创业板ETF,2.688,693602891.176,257718366.0,2.699,2.706,2.672
2020-12-21,159915,创业板ETF,2.778,1164673060.48,424157741.0,2.687,2.781,2.686
2020-12-22,159915,创业板ETF,2.718,750971177.105,272538532.0,2.767,2.792,2.716
2020-12-23,159915,创业板ETF,2.745,901276399.084,328848465.0,2.721,2.768,2.717
2020-12-24,159915,创业板ETF,2.726,1062296686.512,388445564.0,2.741,2.753,2.718
2020-12-25,159915,创业板ETF,2.749,1418883203.839,521300967.0,2.715,2.749,2.695
2020-12-28,159915,创业板ETF,2.745,524052497.749,191038814.0,2.748,2.764,2.724
2020-12-29,159915,创业板ETF,2.717,423359976.239,155320702.0,2.733,2.747,2.702
2020-12-30,159915,创业板ETF,2.799,733734970.908,263980789.0,2.72,2.807,2.72
2020-12-31,159915,创业板ETF,2.866,883262474.289,310691582.0,2.809,2.869,2.805
2021-01-04,159915,创业板ETF,2.976,727814961.96,247276400.0,2.864,2.99,2.861
2021-01-05,159915,创业板ETF,2.988,734648137.946,247000419.0,2.94,2.997,2.925
2021-01-06,159915,创业板ETF,3.003,684446082.509,229043824.0,3.0,3.03,2.953
2021-01-07,159915,创业板ETF,3.056,611873214.066,202998963.0,2.996,3.056,2.978
2021-01-08,159915,创业板ETF,3.036,566629500.654,186743072.0,3.065,3.086,3.011
2021-01-11,159915,创业板ETF,2.989,622614206.964,206808482.0,3.052,3.054,2.962
2021-01-12,159915,创业板ETF,3.076,560342105.237,185768051.0,2.98,3.076,2.954
2021-01-13,159915,创业板ETF,3.025,650804281.219,214104731.0,3.071,3.094,2.997
2021-01-14,159915,创业板ETF,2.987,705882905.043,235351168.0,3.01,3.036,2.959
2021-01-15,159915,创业板ETF,2.99,805189714.717,271267751.0,2.98,3.004,2.919
2021-01-18,159915,创业板ETF,3.046,698319139.853,231231312.0,2.969,3.058,2.949
2021-01-19,159915,创业板ETF,2.976,655650574.465,218122764.0,3.034,3.046,2.966
2021-01-20,159915,创业板ETF,3.096,913406722.647,298608097.0,2.992,3.098,2.987
2021-01-21,159915,创业板ETF,3.176,696148914.488,220790780.0,3.103,3.19,3.101
2021-01-22,159915,创业板ETF,3.241,821750426.155,256105598.0,3.17,3.252,3.165
2021-01-25,159915,创业板ETF,3.242,695590814.239,213678421.0,3.242,3.307,3.215
2021-01-26,159915,创业板ETF,3.152,1054569349.888,333004245.0,3.222,3.228,3.14
2021-01-27,159915,创业板ETF,3.166,714569094.485,227921679.0,3.151,3.184,3.085
2021-01-28,159915,创业板ETF,3.057,853132040.862,276317225.0,3.111,3.139,3.053
2021-01-29,159915,创业板ETF,3.029,971033492.939,319313192.0,3.089,3.108,2.966
2021-02-01,159915,创业板ETF,3.056,613122878.357,200811105.0,3.024,3.08,3.001
2021-02-02,159915,创业板ETF,3.118,833896286.365,270143432.0,3.062,3.12,3.023
2021-02-03,159915,创业板ETF,3.106,690037294.121,220223747.0,3.128,3.16,3.105
2021-02-04,159915,创业板ETF,3.098,648337306.6,209769685.0,3.09,3.134,3.048
2021-02-05,159915,创业板ETF,3.084,612708347.15,196770164.0,3.102,3.144,3.08
2021-02-09,159915,创业板ETF,3.222,749138282.524,234391194.0,3.171,3.223,3.163
2021-02-10,159915,创业板ETF,3.293,791269875.045,242315353.0,3.23,3.309,3.195
2021-02-18,159915,创业板ETF,3.202,1036753338.419,319599874.0,3.353,3.359,3.186
2021-02-19,159915,创业板ETF,3.17,1174621776.338,374773623.0,3.191,3.192,3.086
2021-02-22,159915,创业板ETF,3.032,1203307680.357,389725513.0,3.156,3.159,3.03
2021-02-23,159915,创业板ETF,3.009,936301628.204,311137026.0,3.0,3.046,2.988
2021-02-24,159915,创业板ETF,2.904,2338730955.713,798068301.0,3.01,3.016,2.87
2021-02-25,159915,创业板ETF,2.878,1426992421.925,491826027.0,2.929,2.934,2.866
2021-02-26,159915,创业板ETF,2.814,1649457365.665,585085062.0,2.854,2.858,2.79
2021-03-01,159915,创业板ETF,2.894,1416027184.39,494000418.0,2.85,2.895,2.831
2021-03-02,159915,创业板ETF,2.859,1118995407.339,388716060.0,2.908,2.915,2.834
2021-03-03,159915,创业板ETF,2.9,811821939.579,283152229.0,2.848,2.9,2.833
2021-03-04,159915,创业板ETF,2.751,2089982002.223,750182906.0,2.863,2.863,2.743
2021-03-05,159915,创业板ETF,2.772,1451448559.965,527080748.0,2.706,2.795,2.705
2021-03-08,159915,创业板ETF,2.633,2178710619.9,805462509.0,2.783,2.803,2.631
2021-03-09,159915,创业板ETF,2.547,2092868811.119,810763256.0,2.618,2.64,2.52
2021-03-10,159915,创业板ETF,2.586,1575015535.386,605119602.0,2.607,2.622,2.572
2021-03-11,159915,创业板ETF,2.65,1358033333.48,514914893.0,2.585,2.67,2.581
2021-03-12,159915,创业板ETF,2.658,921889770.134,348258305.0,2.666,2.673,2.616
2021-03-15,159915,创业板ETF,2.555,1292687127.308,502876143.0,2.64,2.64,2.523
2021-03-16,159915,创业板ETF,2.579,876211557.316,341410892.0,2.562,2.583,2.539
2021-03-17,159915,创业板ETF,2.607,942558043.719,363628344.0,2.56,2.622,2.54
2021-03-18,159915,创业板ETF,2.65,935917556.969,353970072.0,2.619,2.661,2.614
2021-03-19,159915,创业板ETF,2.579,764112373.971,294730888.0,2.608,2.632,2.562
2021-03-22,159915,创业板ETF,2.607,761576661.963,292607323.0,2.583,2.632,2.573
2021-03-23,159915,创业板ETF,2.579,710164771.118,275605917.0,2.595,2.614,2.551
2021-03-24,159915,创业板ETF,2.543,864354137.916,338689201.0,2.558,2.586,2.533
2021-03-25,159915,创业板ETF,2.567,845104555.578,331559515.0,2.522,2.578,2.515
2021-03-26,159915,创业板ETF,2.65,1431652370.269,545183168.0,2.576,2.658,2.576
2021-03-29,159915,创业板ETF,2.637,854263481.164,322720340.0,2.644,2.669,2.621
2021-03-30,159915,创业板ETF,2.673,687546255.915,258293322.0,2.627,2.682,2.625
2021-03-31,159915,创业板ETF,2.665,508500220.341,191449412.0,2.662,2.68,2.637
2021-04-01,159915,创业板ETF,2.718,740217400.228,274214892.0,2.665,2.72,2.665
2021-04-02,159915,创业板ETF,2.756,815604781.261,296899259.0,2.725,2.769,2.718
2021-04-06,159915,创业板ETF,2.73,637619882.35,233145207.0,2.762,2.769,2.711
2021-04-07,159915,创业板ETF,2.707,580661063.776,215111615.0,2.74,2.744,2.678
2021-04-08,159915,创业板ETF,2.728,490669312.638,180305429.0,2.694,2.74,2.682
2021-04-09,159915,创业板ETF,2.69,527593054.252,195835320.0,2.722,2.729,2.677
2021-04-12,159915,创业板ETF,2.627,741519335.722,278949740.0,2.683,2.715,2.618
2021-04-13,159915,创业板ETF,2.649,785200584.963,295400904.0,2.618,2.688,2.618
2021-04-14,159915,创业板ETF,2.707,615820090.876,228991223.0,2.654,2.71,2.652
2021-04-15,159915,创业板ETF,2.698,647312838.825,241253081.0,2.695,2.698,2.663
2021-04-16,159915,创业板ETF,2.688,652800006.426,243810332.0,2.707,2.709,2.65
2021-04-19,159915,创业板ETF,2.798,1034483288.631,375470958.0,2.681,2.799,2.672
2021-04-20,159915,创业板ETF,2.791,816627337.682,291873855.0,2.788,2.82,2.77
2021-04-21,159915,创业板ETF,2.814,565760534.385,202214731.0,2.767,2.818,2.767
2021-04-22,159915,创业板ETF,2.837,740860775.323,262163825.0,2.831,2.847,2.799
2021-04-23,159915,创业板ETF,2.891,874385182.793,303740760.0,2.824,2.905,2.824
2021-04-26,159915,创业板ETF,2.863,1176042827.328,403539908.0,2.91,2.954,2.861
2021-04-27,159915,创业板ETF,2.884,622874920.916,217181737.0,2.857,2.889,2.846
2021-04-28,159915,创业板ETF,2.949,775202855.958,265366359.0,2.884,2.95,2.877
2021-04-29,159915,创业板ETF,2.952,567772913.734,192839287.0,2.946,2.964,2.91
2021-04-30,159915,创业板ETF,2.989,750582147.181,252347649.0,2.941,3.004,2.932
2021-05-06,159915,创业板ETF,2.904,740129708.298,254489391.0,2.963,2.963,2.862
2021-05-07,159915,创业板ETF,2.819,895660601.608,313035744.0,2.91,2.925,2.816
2021-05-10,159915,创业板ETF,2.827,699785110.77,247283247.0,2.82,2.863,2.805
2021-05-11,159915,创业板ETF,2.823,794229935.446,283200301.0,2.796,2.837,2.769
2021-05-12,159915,创业板ETF,2.865,618372566.055,218443226.0,2.813,2.868,2.788
2021-05-13,159915,创业板ETF,2.845,583466640.54,205318641.0,2.836,2.871,2.814
2021-05-14,159915,创业板ETF,2.937,777497320.088,267658598.0,2.857,2.938,2.846
2021-05-17,159915,创业板ETF,3.007,1023735203.717,340608983.0,2.945,3.024,2.945
2021-05-18,159915,创业板ETF,2.988,567480769.247,189854650.0,3.0,3.023,2.964
2021-05-19,159915,创业板ETF,3.012,568364190.806,189132121.0,2.965,3.023,2.965
2021-05-20,159915,创业板ETF,3.043,489333569.516,161446757.0,3.003,3.054,3.003
2021-05-21,159915,创业板ETF,3.012,553115435.636,182912900.0,3.055,3.065,2.992
2021-05-24,159915,创业板ETF,3.036,585452168.871,194088131.0,3.01,3.04,2.972
2021-05-25,159915,创业板ETF,3.119,850821570.772,274275055.0,3.042,3.129,3.042
2021-05-26,159915,创业板ETF,3.095,674613045.439,217890451.0,3.12,3.12,3.08
2021-05-27,159915,创业板ETF,3.118,486549848.7,156756538.0,3.086,3.135,3.066
2021-05-28,159915,创业板ETF,3.121,713557221.813,227136653.0,3.117,3.175,3.099
2021-05-31,159915,创业板ETF,3.195,575852843.178,181396086.0,3.13,3.2,3.13
2021-06-01,159915,创业板ETF,3.188,542181208.125,170758628.0,3.18,3.2,3.136
2021-06-02,159915,创业板ETF,3.133,589869894.669,187009362.0,3.2,3.202,3.12
2021-06-03,159915,创业板ETF,3.099,529315628.024,169549626.0,3.129,3.149,3.094
2021-06-04,159915,创业板ETF,3.141,641448618.504,204934154.0,3.077,3.177,3.077
2021-06-07,159915,创业板ETF,3.122,479806179.546,154103664.0,3.136,3.136,3.092
2021-06-08,159915,创业板ETF,3.105,635032067.264,203091389.0,3.118,3.17,3.082
2021-06-09,159915,创业板ETF,3.1,435578853.534,140482248.0,3.096,3.12,3.079
2021-06-10,159915,创业板ETF,3.179,713270044.873,225094495.0,3.107,3.192,3.107
2021-06-11,159915,创业板ETF,3.195,588267819.516,184316646.0,3.196,3.212,3.159
2021-06-15,159915,创业板ETF,3.155,613732086.924,194039578.0,3.191,3.199,3.139
2021-06-16,159915,创业板ETF,3.024,920087844.38,299958312.0,3.145,3.153,3.021
2021-06-17,159915,创业板ETF,3.088,791342335.448,257679418.0,3.023,3.094,3.023
2021-06-18,159915,创业板ETF,3.137,673787908.048,215212147.0,3.096,3.16,3.095
2021-06-21,159915,创业板ETF,3.166,627736799.392,199220338.0,3.127,3.185,3.1
2021-06-22,159915,创业板ETF,3.174,553574197.576,175381242.0,3.17,3.19,3.119
2021-06-23,159915,创业板ETF,3.217,671310049.65,209371221.0,3.179,3.234,3.164
2021-06-24,159915,创业板ETF,3.174,453456757.841,142519860.0,3.212,3.218,3.16
2021-06-25,159915,创业板ETF,3.243,781184723.513,242235788.0,3.18,3.254,3.18
2021-06-28,159915,创业板ETF,3.305,712544778.088,216485401.0,3.238,3.313,3.236
2021-06-29,159915,创业板ETF,3.297,577444735.045,174542604.0,3.329,3.336,3.282
2021-06-30,159915,创业板ETF,3.373,611149624.277,182971253.0,3.302,3.373,3.277
2021-07-01,159915,创业板ETF,3.34,951824063.535,283593981.0,3.381,3.388,3.32
2021-07-02,159915,创业板ETF,3.227,691956110.103,212085886.0,3.332,3.332,3.224
2021-07-05,159915,创业板ETF,3.25,732915447.528,225886420.0,3.223,3.282,3.215
2021-07-06,159915,创业板ETF,3.196,915970994.894,286668859.0,3.242,3.266,3.142
2021-07-07,159915,创业板ETF,3.305,930426565.493,285329114.0,3.172,3.313,3.157
2021-07-08,159915,创业板ETF,3.322,571683061.059,171582303.0,3.317,3.36,3.305
2021-07-09,159915,创业板ETF,3.303,666538529.016,202969557.0,3.3,3.323,3.23
2021-07-12,159915,创业板ETF,3.427,638762656.504,188015597.0,3.339,3.445,3.315
2021-07-13,159915,创业板ETF,3.411,657281859.608,192648336.0,3.415,3.452,3.372
2021-07-14,159915,创业板ETF,3.382,564682483.645,166100707.0,3.402,3.432,3.357
2021-07-15,159915,创业板ETF,3.429,682489975.784,201328885.0,3.359,3.429,3.345
2021-07-16,159915,创业板ETF,3.328,648178347.348,192483707.0,3.41,3.412,3.322
2021-07-19,159915,创业板ETF,3.35,465561968.271,139312064.0,3.326,3.373,3.311
2021-07-20,159915,创业板ETF,3.356,582846563.422,173855526.0,3.318,3.379,3.311
2021-07-21,159915,创业板ETF,3.455,811990161.47,237359042.0,3.364,3.46,3.362
2021-07-22,159915,创业板ETF,3.438,560469837.32,163581080.0,3.455,3.463,3.404
2021-07-23,159915,创业板ETF,3.367,607636773.073,179582487.0,3.434,3.434,3.356
2021-07-26,159915,创业板ETF,3.27,927839850.3,282971900.0,3.34,3.36,3.193
2021-07-27,159915,创业板ETF,3.14,1085320949.962,334982190.0,3.259,3.318,3.135
2021-07-28,159915,创业板ETF,3.183,1061721413.148,336879133.0,3.11,3.201,3.063
2021-07-29,159915,创业板ETF,3.358,975237644.004,296177971.0,3.26,3.359,3.23
2021-07-30,159915,创业板ETF,3.328,685764201.356,205915000.0,3.34,3.371,3.292
2021-08-02,159915,创业板ETF,3.393,934241822.275,278473600.0,3.328,3.396,3.29
2021-08-03,159915,创业板ETF,3.363,554656214.6,164722843.0,3.39,3.408,3.34
2021-08-04,159915,创业板ETF,3.446,577360121.58,169479782.0,3.356,3.451,3.34
2021-08-05,159915,创业板ETF,3.419,516418955.954,150910338.0,3.44,3.457,3.398
2021-08-06,159915,创业板ETF,3.386,625516921.423,184136784.0,3.435,3.436,3.362
2021-08-09,159915,创业板ETF,3.348,1156326384.338,346903662.0,3.351,3.36,3.304
2021-08-10,159915,创业板ETF,3.366,573577342.382,171580589.0,3.34,3.366,3.315
2021-08-11,159915,创业板ETF,3.326,472639528.535,141573177.0,3.355,3.363,3.314
2021-08-12,159915,创业板ETF,3.28,494504748.205,149893699.0,3.32,3.33,3.276
2021-08-13,159915,创业板ETF,3.249,543977763.913,166171136.0,3.26,3.329,3.228
2021-08-16,159915,创业板ETF,3.206,578522395.799,180097988.0,3.225,3.244,3.187
2021-08-17,159915,创业板ETF,3.126,865960512.9,273111800.0,3.204,3.223,3.115
2021-08-18,159915,创业板ETF,3.16,701353916.815,223174045.0,3.134,3.171,3.123
2021-08-19,159915,创业板ETF,3.177,744827921.41,235224900.0,3.148,3.202,3.134
2021-08-20,159915,创业板ETF,3.1,908150035.594,292467662.0,3.155,3.167,3.067
2021-08-23,159915,创业板ETF,3.195,779137829.724,246691228.0,3.105,3.196,3.102
2021-08-24,159915,创业板ETF,3.225,667829702.6,207494500.0,3.195,3.247,3.169
2021-08-25,159915,创业板ETF,3.241,431469088.6,133965100.0,3.225,3.244,3.193
2021-08-26,159915,创业板ETF,3.164,501763345.434,156674748.0,3.247,3.261,3.161
2021-08-27,159915,创业板ETF,3.158,454953282.501,143773535.0,3.16,3.197,3.141
2021-08-30,159915,创业板ETF,3.164,536854670.575,168855175.0,3.17,3.214,3.147
2021-08-31,159915,创业板ETF,3.106,608183537.268,195114152.0,3.163,3.168,3.086
2021-09-01,159915,创业板ETF,3.094,644313449.842,209544901.0,3.11,3.124,3.035
2021-09-02,159915,创业板ETF,3.046,596884967.343,194799838.0,3.08,3.097,3.039
2021-09-03,159915,创业板ETF,3.01,693053342.094,228797179.0,3.046,3.071,2.996
2021-09-06,159915,创业板ETF,3.129,888941415.364,288687323.0,3.012,3.13,2.993
2021-09-07,159915,创业板ETF,3.147,629216445.513,200785162.0,3.113,3.159,3.107
2021-09-08,159915,创业板ETF,3.123,420781306.298,133978408.0,3.152,3.18,3.115
2021-09-09,159915,创业板ETF,3.126,516471508.4,166283300.0,3.116,3.145,3.076
2021-09-10,159915,创业板ETF,3.135,431832875.39,138505154.0,3.113,3.145,3.089
2021-09-13,159915,创业板ETF,3.095,481294888.887,154726681.0,3.127,3.156,3.085
2021-09-14,159915,创业板ETF,3.14,615567749.205,195953276.0,3.094,3.174,3.085
2021-09-15,159915,创业板ETF,3.105,465234504.384,149915164.0,3.122,3.133,3.088
2021-09-16,159915,创业板ETF,3.035,475463022.778,155375565.0,3.103,3.103,3.032
2021-09-17,159915,创业板ETF,3.097,416326537.518,135898658.0,3.027,3.101,3.026
2021-09-22,159915,创业板ETF,3.068,399143225.473,129937867.0,3.057,3.1,3.051
2021-09-23,159915,创业板ETF,3.086,397539178.572,128892500.0,3.087,3.111,3.059
2021-09-24,159915,创业板ETF,3.109,686278130.704,220295893.0,3.077,3.147,3.071
2021-09-27,159915,创业板ETF,3.13,542895651.15,172280400.0,3.119,3.177,3.111
2021-09-28,159915,创业板ETF,3.114,413922395.97,132080949.0,3.118,3.17,3.102
2021-09-29,159915,创业板ETF,3.083,397039747.315,128649391.0,3.095,3.109,3.067
2021-09-30,159915,创业板ETF,3.148,526243733.02,168196320.0,3.088,3.155,3.084
2021-10-08,159915,创业板ETF,3.138,462007151.212,146534774.0,3.169,3.186,3.125
2021-10-11,159915,创业板ETF,3.096,386575054.053,123880621.0,3.147,3.156,3.092
2021-10-12,159915,创业板ETF,3.042,584156111.8,191120000.0,3.081,3.102,3.013
2021-10-13,159915,创业板ETF,3.109,493474527.144,160197174.0,3.04,3.11,3.04
2021-10-14,159915,创业板ETF,3.112,440664711.995,141220171.0,3.1,3.138,3.1
2021-10-15,159915,创业板ETF,3.176,469407102.224,148862000.0,3.11,3.18,3.088
2021-10-18,159915,创业板ETF,3.172,429834368.137,136330880.0,3.178,3.185,3.128
2021-10-19,159915,创业板ETF,3.191,370006963.122,115987412.0,3.18,3.208,3.168
2021-10-20,159915,创业板ETF,3.185,318199425.257,99612866.0,3.19,3.215,3.172
2021-10-21,159915,创业板ETF,3.174,269220235.385,84781520.0,3.188,3.2,3.155
2021-10-22,159915,创业板ETF,3.185,406128193.584,127467698.0,3.184,3.205,3.166
2021-10-25,159915,创业板ETF,3.236,376354454.802,116805756.0,3.182,3.237,3.182
2021-10-26,159915,创业板ETF,3.221,359486742.704,110950879.0,3.256,3.262,3.217
2021-10-27,159915,创业板ETF,3.205,272827856.98,85248602.0,3.221,3.221,3.182
2021-10-28,159915,创业板ETF,3.178,415142999.033,129880004.0,3.196,3.232,3.163
2021-10-29,159915,创业板ETF,3.249,519204474.246,162236957.0,3.186,3.25,3.151
2021-11-01,159915,创业板ETF,3.224,394374040.05,121975751.0,3.245,3.268,3.201
2021-11-02,159915,创业板ETF,3.228,421526526.022,130108238.0,3.227,3.266,3.205
2021-11-03,159915,创业板ETF,3.222,384321855.621,119039178.0,3.213,3.26,3.198
2021-11-04,159915,创业板ETF,3.26,374782365.775,115115318.0,3.233,3.275,3.233
2021-11-05,159915,创业板ETF,3.248,321718702.589,98630686.0,3.243,3.276,3.243
2021-11-08,159915,创业板ETF,3.278,347490996.296,106448868.0,3.24,3.287,3.234
2021-11-09,159915,创业板ETF,3.3,321415212.4,97771700.0,3.278,3.302,3.269
2021-11-10,159915,创业板ETF,3.296,472925647.806,144468143.0,3.287,3.3,3.236
2021-11-11,159915,创业板ETF,3.324,308172879.222,92895009.0,3.284,3.333,3.279
2021-11-12,159915,创业板ETF,3.324,302146408.409,91083967.0,3.318,3.335,3.3
2021-11-15,159915,创业板ETF,3.295,361456651.376,109479113.0,3.324,3.329,3.284
2021-11-16,159915,创业板ETF,3.282,326985000.587,99175252.0,3.292,3.315,3.28
2021-11-17,159915,创业板ETF,3.317,290279981.303,87741977.0,3.284,3.319,3.284
2021-11-18,159915,创业板ETF,3.274,444481595.861,135334985.0,3.305,3.308,3.268
2021-11-19,159915,创业板ETF,3.313,395483410.104,119882902.0,3.273,3.315,3.271
2021-11-22,159915,创业板ETF,3.393,465562680.399,138369244.0,3.322,3.395,3.314
2021-11-23,159915,创业板ETF,3.38,296005012.304,87442886.0,3.392,3.402,3.371
2021-11-24,159915,创业板ETF,3.362,305382857.563,90530953.0,3.381,3.392,3.357
2021-11-25,159915,创业板ETF,3.368,377306217.528,112002348.0,3.366,3.386,3.353
2021-11-26,159915,创业板ETF,3.364,216778344.136,64330753.0,3.367,3.39,3.35
2021-11-29,159915,创业板ETF,3.389,501423047.757,147854308.0,3.345,3.411,3.338
2021-11-30,159915,创业板ETF,3.386,444538659.318,131532105.0,3.395,3.408,3.364
2021-12-01,159915,创业板ETF,3.365,264340175.881,78513012.0,3.377,3.389,3.352
2021-12-02,159915,创业板ETF,3.355,240583837.664,71581205.0,3.354,3.375,3.346
2021-12-03,159915,创业板ETF,3.37,308520263.5,91855800.0,3.355,3.372,3.34
2021-12-06,159915,创业板ETF,3.294,450904339.336,135542200.0,3.354,3.368,3.293
2021-12-07,159915,创业板ETF,3.266,433547035.8,132836201.0,3.314,3.317,3.235
2021-12-08,159915,创业板ETF,3.314,375738217.673,113979509.0,3.266,3.32,3.266
2021-12-09,159915,创业板ETF,3.353,432890826.757,129892631.0,3.304,3.353,3.29
2021-12-10,159915,创业板ETF,3.37,266988997.47,79556660.0,3.335,3.377,3.324
2021-12-13,159915,创业板ETF,3.389,351039662.851,103787369.0,3.362,3.4,3.347
2021-12-14,159915,创业板ETF,3.384,262770210.251,77658739.0,3.37,3.396,3.37
2021-12-15,159915,创业板ETF,3.355,271904784.89,80333029.0,3.382,3.411,3.355
2021-12-16,159915,创业板ETF,3.378,250958262.497,74455876.0,3.361,3.384,3.357
2021-12-17,159915,创业板ETF,3.328,306517649.182,91741172.0,3.376,3.376,3.32
2021-12-20,159915,创业板ETF,3.225,589476636.332,181023473.0,3.322,3.328,3.218
2021-12-21,159915,创业板ETF,3.247,518742684.953,160419213.0,3.227,3.25,3.204
2021-12-22,159915,创业板ETF,3.26,311821720.871,95584871.0,3.249,3.273,3.248
2021-12-23,159915,创业板ETF,3.269,243092924.776,74430254.0,3.269,3.282,3.252
2021-12-24,159915,创业板ETF,3.196,379369585.403,118251170.0,3.268,3.275,3.181
2021-12-27,159915,创业板ETF,3.19,327519837.664,102621485.0,3.183,3.212,3.173
2021-12-28,159915,创业板ETF,3.226,456900668.369,142547829.0,3.193,3.229,3.178
2021-12-29,159915,创业板ETF,3.182,451279115.386,141497166.0,3.216,3.218,3.176
2021-12-30,159915,创业板ETF,3.219,623398581.205,194025382.0,3.18,3.233,3.176
2021-12-31,159915,创业板ETF,3.218,365770854.834,113567219.0,3.231,3.247,3.207
2022-01-04,159915,创业板ETF,3.154,420460015.746,132940778.0,3.236,3.242,3.14
2022-01-05,159915,创业板ETF,3.064,1024198003.963,332667600.0,3.151,3.151,3.049
2022-01-06,159915,创业板ETF,3.034,1191713459.189,394002193.0,3.043,3.054,2.999
2022-01-07,159915,创业板ETF,3.003,763631795.944,253289843.0,3.035,3.046,2.998
2022-01-10,159915,创业板ETF,2.998,766782186.728,256393952.0,3.0,3.018,2.958
2022-01-11,159915,创业板ETF,2.96,731615225.949,246058037.0,2.998,3.008,2.956
2022-01-12,159915,创业板ETF,3.035,1024275782.941,339832167.0,2.984,3.039,2.984
2022-01-13,159915,创业板ETF,2.99,650933054.585,216175660.0,3.042,3.043,2.988
2022-01-14,159915,创业板ETF,3.015,631548713.239,210134515.0,2.975,3.027,2.967
2022-01-17,159915,创业板ETF,3.068,574324699.986,188036945.0,3.0,3.075,3.0
2022-01-18,159915,创业板ETF,3.047,499162016.78,163349259.0,3.057,3.075,3.038
2022-01-19,159915,创业板ETF,2.985,940912461.24,314388568.0,3.036,3.047,2.958
2022-01-20,159915,创业板ETF,2.975,538084533.254,180663593.0,2.973,3.002,2.962
2022-01-21,159915,创业板ETF,2.941,792706568.056,269310659.0,2.957,2.973,2.927
2022-01-24,159915,创业板ETF,2.962,701816614.789,237572197.0,2.929,2.972,2.924
2022-01-25,159915,创业板ETF,2.881,838924822.317,286977900.0,2.94,2.961,2.881
2022-01-26,159915,创业板ETF,2.906,663438517.995,229204561.0,2.893,2.914,2.86
2022-01-27,159915,创业板ETF,2.815,1146566921.511,402578800.0,2.889,2.904,2.813
2022-01-28,159915,创业板ETF,2.819,866769773.663,305307391.0,2.848,2.869,2.794
2022-02-07,159915,创业板ETF,2.83,734467155.5,257569780.0,2.87,2.891,2.815
2022-02-08,159915,创业板ETF,2.758,1245274534.274,454017488.0,2.826,2.826,2.697
2022-02-09,159915,创业板ETF,2.791,763262240.25,275942849.0,2.749,2.797,2.729
2022-02-10,159915,创业板ETF,2.74,1016153807.859,370924390.0,2.794,2.8,2.711
2022-02-11,159915,创业板ETF,2.66,1171177439.962,434959916.0,2.715,2.725,2.655
2022-02-14,159915,创业板ETF,2.646,1047249832.629,394346335.0,2.648,2.687,2.626
2022-02-15,159915,创业板ETF,2.726,1262875385.138,468559630.0,2.653,2.728,2.653
2022-02-16,159915,创业板ETF,2.725,859252102.451,314085732.0,2.733,2.75,2.718
2022-02-17,159915,创业板ETF,2.744,922856282.698,336006986.0,2.716,2.768,2.705
2022-02-18,159915,创业板ETF,2.739,679899444.313,249115500.0,2.727,2.74,2.713
2022-02-21,159915,创业板ETF,2.713,666516009.07,244861857.0,2.739,2.747,2.706
2022-02-22,159915,创业板ETF,2.678,996241146.894,373309353.0,2.689,2.692,2.656
2022-02-23,159915,创业板ETF,2.754,989582147.331,363213958.0,2.683,2.754,2.68
2022-02-24,159915,创业板ETF,2.693,1275508051.399,469738049.0,2.721,2.759,2.662
2022-02-25,159915,创业板ETF,2.763,1153131751.6,417152100.0,2.732,2.79,2.732
2022-02-28,159915,创业板ETF,2.786,822801655.9,297335100.0,2.763,2.787,2.741
2022-03-01,159915,创业板ETF,2.795,829887578.5,297158989.0,2.8,2.814,2.772
2022-03-02,159915,创业板ETF,2.741,887831882.748,323906960.0,2.777,2.777,2.721
2022-03-03,159915,创业板ETF,2.704,967361083.7,355783500.0,2.76,2.761,2.701
2022-03-04,159915,创业板ETF,2.662,1129164378.759,421568753.0,2.681,2.71,2.652
2022-03-07,159915,创业板ETF,2.543,1693028057.766,657431081.0,2.641,2.642,2.535
2022-03-08,159915,创业板ETF,2.507,2081933920.593,823474261.0,2.54,2.568,2.486
2022-03-09,159915,创业板ETF,2.483,2464941033.054,1000329680.0,2.515,2.526,2.388
2022-03-10,159915,创业板ETF,2.547,2395099653.531,937142180.0,2.552,2.578,2.525
2022-03-11,159915,创业板ETF,2.583,1451675036.177,574145449.0,2.502,2.585,2.484
2022-03-14,159915,创业板ETF,2.49,1264484841.498,500412898.0,2.547,2.564,2.489
2022-03-15,159915,创业板ETF,2.421,1782042420.101,720371101.0,2.455,2.54,2.421
2022-03-16,159915,创业板ETF,2.552,2779605345.635,1118256150.0,2.46,2.557,2.4
2022-03-17,159915,创业板ETF,2.624,2582585876.667,981918041.0,2.595,2.674,2.59
2022-03-18,159915,创业板ETF,2.635,1064215120.576,407462114.0,2.61,2.642,2.582
2022-03-21,159915,创业板ETF,2.636,1212819345.232,459004012.0,2.639,2.666,2.614
2022-03-22,159915,创业板ETF,2.602,792870775.009,304342630.0,2.623,2.626,2.589
2022-03-23,159915,创业板ETF,2.629,902277644.918,344175155.0,2.619,2.639,2.597
2022-03-24,159915,创业板ETF,2.62,1128841043.2,434296027.0,2.605,2.638,2.571
2022-03-25,159915,创业板ETF,2.565,1313441848.976,508855361.0,2.612,2.627,2.559
2022-03-28,159915,创业板ETF,2.512,1374741682.242,545915442.0,2.54,2.545,2.494
2022-03-29,159915,创业板ETF,2.511,1044201417.295,413883198.0,2.517,2.548,2.499
2022-03-30,159915,创业板ETF,2.61,1401462034.596,544344827.0,2.527,2.61,2.524
2022-03-31,159915,创业板ETF,2.574,1006760051.848,390435400.0,2.595,2.6,2.563
2022-04-01,159915,创业板ETF,2.58,1086474053.049,421010194.0,2.55,2.599,2.548
2022-04-06,159915,创业板ETF,2.55,900487023.976,353504268.0,2.566,2.577,2.533
2022-04-07,159915,创业板ETF,2.496,1112917409.666,442818632.0,2.535,2.547,2.495
2022-04-08,159915,创业板ETF,2.491,864112991.725,346638970.0,2.496,2.525,2.467
2022-04-11,159915,创业板ETF,2.386,1456176620.232,605010321.0,2.46,2.465,2.378
2022-04-12,159915,创业板ETF,2.44,1136473144.839,471392786.0,2.386,2.442,2.381
2022-04-13,159915,创业板ETF,2.394,1152801771.021,478173706.0,2.418,2.433,2.391
2022-04-14,159915,创业板ETF,2.389,1810300878.802,757305712.0,2.42,2.43,2.365
2022-04-15,159915,创业板ETF,2.385,1238914351.112,522694074.0,2.36,2.406,2.339
2022-04-18,159915,创业板ETF,2.412,1280920676.248,538176438.0,2.361,2.413,2.335
2022-04-19,159915,创业板ETF,2.377,1049972636.993,438886235.0,2.398,2.43,2.368
2022-04-20,159915,创业板ETF,2.288,1899263288.748,818080224.0,2.376,2.376,2.284
2022-04-21,159915,创业板ETF,2.24,1485233314.192,655445194.0,2.27,2.304,2.227
2022-04-22,159915,创业板ETF,2.225,1324393071.343,594208581.0,2.221,2.252,2.207
2022-04-25,159915,创业板ETF,2.103,2241221673.7,1044159500.0,2.177,2.192,2.103
2022-04-26,159915,创业板ETF,2.086,2151858221.173,1020151680.0,2.103,2.15,2.083
2022-04-27,159915,创业板ETF,2.2,2893831998.801,1365175127.0,2.066,2.2,2.057
2022-04-28,159915,创业板ETF,2.158,1683688128.181,778832322.0,2.172,2.194,2.138
2022-04-29,159915,创业板ETF,2.244,1849314397.822,838179927.0,2.166,2.25,2.152
2022-05-05,159915,创业板ETF,2.212,1693006827.152,765492397.0,2.2,2.244,2.174
2022-05-06,159915,创业板ETF,2.177,1598495156.922,733627028.0,2.16,2.203,2.148
2022-05-09,159915,创业板ETF,2.162,709048119.938,327422055.0,2.165,2.194,2.145
2022-05-10,159915,创业板ETF,2.204,1394483030.965,637878072.0,2.136,2.217,2.121
2022-05-11,159915,创业板ETF,2.272,2927962877.574,1284483079.0,2.206,2.323,2.203
2022-05-12,159915,创业板ETF,2.277,1390418814.405,611513015.0,2.256,2.295,2.251
2022-05-13,159915,创业板ETF,2.285,987480485.841,433217044.0,2.29,2.298,2.26
2022-05-16,159915,创业板ETF,2.257,1048772706.667,460000370.0,2.295,2.319,2.256
2022-05-17,159915,创业板ETF,2.293,775875478.118,340268036.0,2.256,2.297,2.249
2022-05-18,159915,创业板ETF,2.29,682924954.802,297727959.0,2.291,2.31,2.277
2022-05-19,159915,创业板ETF,2.306,900615499.465,394460793.0,2.255,2.306,2.255
2022-05-20,159915,创业板ETF,2.347,896931093.734,384367482.0,2.317,2.352,2.31
2022-05-23,159915,创业板ETF,2.332,700392454.918,300704631.0,2.347,2.348,2.313
2022-05-24,159915,创业板ETF,2.246,1301870288.759,571083102.0,2.331,2.331,2.246
2022-05-25,159915,创业板ETF,2.253,998804924.195,445035331.0,2.246,2.26,2.233
2022-05-26,159915,创业板ETF,2.249,1114149056.971,496380206.0,2.254,2.271,2.212
2022-05-27,159915,创业板ETF,2.251,1052158839.438,463126679.0,2.268,2.304,2.238
2022-05-30,159915,创业板ETF,2.276,816599724.774,359269334.0,2.262,2.289,2.252
2022-05-31,159915,创业板ETF,2.334,913288792.99,396981527.0,2.276,2.338,2.251
2022-06-01,159915,创业板ETF,2.354,970268951.178,413110272.0,2.333,2.366,2.321
2022-06-02,159915,创业板ETF,2.386,777180735.91,327388405.0,2.341,2.389,2.336
2022-06-06,159915,创业板ETF,2.477,1141794047.212,465679666.0,2.38,2.483,2.379
2022-06-07,159915,创业板ETF,2.478,782226841.586,316063541.0,2.474,2.498,2.457
2022-06-08,159915,创业板ETF,2.494,966851637.76,392041028.0,2.477,2.498,2.433
2022-06-09,159915,创业板ETF,2.423,813530317.084,332064328.0,2.477,2.487,2.419
2022-06-10,159915,创业板ETF,2.48,771162261.4,314443000.0,2.408,2.481,2.404
2022-06-13,159915,创业板ETF,2.469,690639934.317,279982947.0,2.458,2.488,2.448
2022-06-14,159915,创业板ETF,2.475,1020709276.402,420423193.0,2.443,2.48,2.388
2022-06-15,159915,创业板ETF,2.497,1265062247.5,504100200.0,2.476,2.554,2.473
2022-06-16,159915,创业板ETF,2.507,920034935.753,365609738.0,2.498,2.539,2.494
2022-06-17,159915,创业板ETF,2.584,1181373864.751,463346492.0,2.482,2.588,2.482
2022-06-20,159915,创业板ETF,2.626,1139676092.3,434266350.0,2.59,2.661,2.588
2022-06-21,159915,创业板ETF,2.615,896834437.948,343337748.0,2.626,2.643,2.586
2022-06-22,159915,创业板ETF,2.596,885373232.47,337790527.0,2.614,2.642,2.595
2022-06-23,159915,创业板ETF,2.68,879219374.314,333311072.0,2.601,2.68,2.594
2022-06-24,159915,创业板ETF,2.738,934975895.633,344323264.0,2.697,2.74,2.678
2022-06-27,159915,创业板ETF,2.741,967427238.606,351170751.0,2.751,2.78,2.735
2022-06-28,159915,创业板ETF,2.754,821994191.671,301968582.0,2.739,2.767,2.69
2022-06-29,159915,创业板ETF,2.683,1139624743.38,418819644.0,2.734,2.76,2.68
2022-06-30,159915,创业板ETF,2.73,1049192628.28,385120220.0,2.689,2.751,2.689
2022-07-01,159915,创业板ETF,2.699,1012247110.862,373317705.0,2.728,2.738,2.687
2022-07-04,159915,创业板ETF,2.75,1149825963.143,422454210.0,2.682,2.75,2.663
2022-07-05,159915,创业板ETF,2.739,872914386.762,319075511.0,2.758,2.784,2.701
2022-07-06,159915,创业板ETF,2.725,973782192.362,355301270.0,2.734,2.773,2.694
2022-07-07,159915,创业板ETF,2.769,817217265.949,297701836.0,2.721,2.77,2.709
2022-07-08,159915,创业板ETF,2.731,940906417.685,341026117.0,2.779,2.803,2.727
2022-07-11,159915,创业板ETF,2.69,889549018.692,331205323.0,2.729,2.729,2.661
2022-07-12,159915,创业板ETF,2.622,970727725.576,366684792.0,2.682,2.692,2.618
2022-07-13,159915,创业板ETF,2.665,1065751082.83,403435902.0,2.628,2.681,2.595
2022-07-14,159915,创业板ETF,2.735,1094292975.736,402201800.0,2.653,2.758,2.649
2022-07-15,159915,创业板ETF,2.68,865852959.113,317926973.0,2.729,2.755,2.68
2022-07-18,159915,创业板ETF,2.717,797786444.434,295954600.0,2.685,2.732,2.657
2022-07-19,159915,创业板ETF,2.67,853331935.532,317931400.0,2.715,2.715,2.658
2022-07-20,159915,创业板ETF,2.68,569203440.3,211530200.0,2.682,2.706,2.674
2022-07-21,159915,创业板ETF,2.67,645789345.0,240085000.0,2.674,2.712,2.66
2022-07-22,159915,创业板ETF,2.651,729309353.181,273100619.0,2.694,2.706,2.635
2022-07-25,159915,创业板ETF,2.629,707531030.318,268891671.0,2.647,2.657,2.615
2022-07-26,159915,创业板ETF,2.634,778613116.443,296400018.0,2.628,2.65,2.603
2022-07-27,159915,创业板ETF,2.637,652824562.765,248050857.0,2.629,2.65,2.616
2022-07-28,159915,创业板ETF,2.629,741482248.241,280331287.0,2.653,2.669,2.624
2022-07-29,159915,创业板ETF,2.594,847751101.941,324833381.0,2.633,2.639,2.588
2022-08-01,159915,创业板ETF,2.657,776182250.824,296644973.0,2.58,2.657,2.562
2022-08-02,159915,创业板ETF,2.605,943589432.36,361887470.0,2.627,2.637,2.575
2022-08-03,159915,创业板ETF,2.553,761912522.285,294159628.0,2.613,2.637,2.545
2022-08-04,159915,创业板ETF,2.565,700218509.72,273721862.0,2.56,2.578,2.536
2022-08-05,159915,创业板ETF,2.606,770493902.012,297501062.0,2.566,2.61,2.561
2022-08-08,159915,创业板ETF,2.596,584360799.7,225592800.0,2.588,2.602,2.571
2022-08-09,159915,创业板ETF,2.614,473721182.8,181719600.0,2.596,2.62,2.58
2022-08-10,159915,创业板ETF,2.579,522628844.3,201743400.0,2.606,2.614,2.57
2022-08-11,159915,创业板ETF,2.647,764684794.001,292071500.0,2.59,2.647,2.572
2022-08-12,159915,创业板ETF,2.613,626906468.393,239229451.0,2.633,2.639,2.611
2022-08-15,159915,创业板ETF,2.638,564950676.542,214185308.0,2.606,2.654,2.606
2022-08-16,159915,创业板ETF,2.652,562021362.388,211315398.0,2.639,2.679,2.638
2022-08-17,159915,创业板ETF,2.695,671659961.919,251215347.0,2.653,2.702,2.639
2022-08-18,159915,创业板ETF,2.693,525084893.15,194603868.0,2.687,2.713,2.682
2022-08-19,159915,创业板ETF,2.653,514616519.95,192544050.0,2.693,2.698,2.652
2022-08-22,159915,创业板ETF,2.699,645464008.882,241175642.0,2.65,2.701,2.634
2022-08-23,159915,创业板ETF,2.697,551734915.695,204361915.0,2.69,2.719,2.683
2022-08-24,159915,创业板ETF,2.6,1021893624.731,386985175.0,2.714,2.721,2.597
2022-08-25,159915,创业板ETF,2.59,657182670.848,254645316.0,2.604,2.615,2.558
2022-08-26,159915,创业板ETF,2.566,585540538.999,227227088.0,2.581,2.598,2.556
2022-08-29,159915,创业板ETF,2.553,579746547.3,227397300.0,2.541,2.564,2.525
2022-08-30,159915,创业板ETF,2.538,561430724.026,221382633.0,2.551,2.555,2.52
2022-08-31,159915,创业板ETF,2.491,825005583.262,329722217.0,2.525,2.537,2.474
2022-09-01,159915,创业板ETF,2.463,732782105.919,294973900.0,2.487,2.508,2.457
2022-09-02,159915,创业板ETF,2.461,858991298.185,349020510.0,2.466,2.48,2.443
2022-09-05,159915,创业板ETF,2.467,736895176.3,299676600.0,2.454,2.479,2.445
2022-09-06,159915,创业板ETF,2.468,1142575774.757,466526847.0,2.466,2.47,2.42
2022-09-07,159915,创业板ETF,2.493,959508458.597,385939505.0,2.45,2.509,2.443
2022-09-08,159915,创业板ETF,2.448,850822848.67,344796853.0,2.494,2.496,2.445
2022-09-09,159915,创业板ETF,2.476,664274323.265,269631054.0,2.453,2.477,2.449
2022-09-13,159915,创业板ETF,2.475,503964408.823,203552560.0,2.485,2.494,2.46
2022-09-14,159915,创业板ETF,2.431,659194896.455,270649466.0,2.445,2.454,2.415
2022-09-15,159915,创业板ETF,2.349,1083976788.256,455643405.0,2.431,2.438,2.336
2022-09-16,159915,创业板ETF,2.297,1122302443.527,483345501.0,2.341,2.356,2.297
2022-09-19,159915,创业板ETF,2.285,915197463.826,399160704.0,2.292,2.318,2.27
2022-09-20,159915,创业板ETF,2.297,830485845.316,360217200.0,2.295,2.327,2.285
2022-09-21,159915,创业板ETF,2.265,1181944144.214,521184289.0,2.284,2.289,2.256
2022-09-22,159915,创业板ETF,2.252,828818164.838,367288984.0,2.25,2.28,2.236
2022-09-23,159915,创业板ETF,2.239,1189493313.755,531741668.0,2.245,2.268,2.209
2022-09-26,159915,创业板ETF,2.253,1194645335.225,528002975.0,2.226,2.288,2.22
2022-09-27,159915,创业板ETF,2.306,1091035686.312,478844429.0,2.258,2.306,2.258
2022-09-28,159915,创业板ETF,2.249,1052922691.876,464719960.0,2.294,2.3,2.248
2022-09-29,159915,创业板ETF,2.267,925354891.107,407569326.0,2.269,2.288,2.251
2022-09-30,159915,创业板ETF,2.221,982234933.625,437156367.0,2.259,2.276,2.219
2022-10-10,159915,创业板ETF,2.166,915088738.969,417162707.0,2.219,2.232,2.166
2022-10-11,159915,创业板ETF,2.192,863598840.147,394014249.0,2.183,2.206,2.176
2022-10-12,159915,创业板ETF,2.274,1644065087.782,739272978.0,2.191,2.275,2.169
2022-10-13,159915,创业板ETF,2.282,1363147675.051,596260779.0,2.255,2.305,2.252
2022-10-14,159915,创业板ETF,2.365,1559025000.992,667115977.0,2.315,2.38,2.297
2022-10-17,159915,创业板ETF,2.362,918318759.833,389871512.0,2.349,2.375,2.333
2022-10-18,159915,创业板ETF,2.373,1071043942.248,450961167.0,2.38,2.397,2.355
2022-10-19,159915,创业板ETF,2.355,953362760.865,402415044.0,2.366,2.39,2.351
2022-10-20,159915,创业板ETF,2.337,1556557603.982,667018698.0,2.34,2.375,2.296
2022-10-21,159915,创业板ETF,2.321,1030042923.653,442915341.0,2.337,2.342,2.31
2022-10-24,159915,创业板ETF,2.266,1771918160.558,771540769.0,2.323,2.348,2.253
2022-10-25,159915,创业板ETF,2.241,1496709732.86,666103065.0,2.252,2.279,2.214
2022-10-26,159915,创业板ETF,2.302,1543143214.042,671957850.0,2.251,2.329,2.251
2022-10-27,159915,创业板ETF,2.265,1214527194.908,530353994.0,2.319,2.32,2.265
2022-10-28,159915,创业板ETF,2.187,1625576082.75,732198550.0,2.247,2.259,2.179
2022-10-31,159915,创业板ETF,2.202,1503479168.0,682884200.0,2.166,2.231,2.164
2022-11-01,159915,创业板ETF,2.275,1699347630.528,762556902.0,2.208,2.275,2.186
2022-11-02,159915,创业板ETF,2.305,1655586782.96,721461496.0,2.261,2.325,2.256
2022-11-03,159915,创业板ETF,2.309,1449665101.399,629229171.0,2.283,2.316,2.283
2022-11-04,159915,创业板ETF,2.383,1620339902.752,686859859.0,2.307,2.394,2.304
2022-11-07,159915,创业板ETF,2.379,1292475454.68,543151468.0,2.372,2.4,2.36
2022-11-08,159915,创业板ETF,2.363,1162296853.3,492218900.0,2.379,2.386,2.341
2022-11-09,159915,创业板ETF,2.326,1190843693.673,508981025.0,2.356,2.362,2.326
2022-11-10,159915,创业板ETF,2.288,1697717814.617,738973167.0,2.313,2.321,2.276
2022-11-11,159915,创业板ETF,2.33,2423406667.954,1030188096.0,2.4,2.4,2.33
2022-11-14,159915,创业板ETF,2.302,1332197394.816,573687099.0,2.333,2.345,2.296
2022-11-15,159915,创业板ETF,2.361,1607887432.137,690063941.0,2.297,2.362,2.287
2022-11-16,159915,创业板ETF,2.33,1328655949.747,566352602.0,2.359,2.372,2.327
2022-11-17,159915,创业板ETF,2.316,1446037619.756,629681585.0,2.322,2.322,2.281
2022-11-18,159915,创业板ETF,2.315,1733414577.115,743979880.0,2.317,2.348,2.312
2022-11-21,159915,创业板ETF,2.319,879699281.743,381540553.0,2.298,2.32,2.291
2022-11-22,159915,创业板ETF,2.273,1368854747.347,598290264.0,2.312,2.316,2.263
2022-11-23,159915,创业板ETF,2.269,1317378800.065,582687305.0,2.269,2.288,2.233
2022-11-24,159915,创业板ETF,2.264,723242428.332,317976523.0,2.276,2.289,2.262
2022-11-25,159915,创业板ETF,2.242,766181308.201,340945898.0,2.261,2.261,2.238
2022-11-28,159915,创业板ETF,2.233,1077709960.108,487088584.0,2.203,2.235,2.197
2022-11-29,159915,创业板ETF,2.268,1462123786.67,647587855.0,2.233,2.28,2.228
2022-11-30,159915,创业板ETF,2.265,1007896822.454,444986589.0,2.266,2.277,2.255
2022-12-01,159915,创业板ETF,2.311,1439503784.333,620519705.0,2.312,2.332,2.308
2022-12-02,159915,创业板ETF,2.316,1018348442.807,438405490.0,2.31,2.339,2.302
2022-12-05,159915,创业板ETF,2.313,1758129142.18,761532495.0,2.327,2.334,2.298
2022-12-06,159915,创业板ETF,2.319,1147772470.181,493991600.0,2.301,2.346,2.299
2022-12-07,159915,创业板ETF,2.343,1744170477.012,745058214.0,2.311,2.359,2.308
2022-12-08,159915,创业板ETF,2.338,711782390.406,304336619.0,2.337,2.351,2.326
2022-12-09,159915,创业板ETF,2.348,837521119.938,358337153.0,2.337,2.353,2.323
2022-12-12,159915,创业板ETF,2.333,907490954.931,388162334.0,2.342,2.348,2.33
2022-12-13,159915,创业板ETF,2.305,838699628.185,362350429.0,2.334,2.336,2.303
2022-12-14,159915,创业板ETF,2.299,768091406.907,333566215.0,2.309,2.32,2.293
2022-12-15,159915,创业板ETF,2.326,1005896265.262,435106195.0,2.299,2.33,2.295
2022-12-16,159915,创业板ETF,2.298,913544785.517,396639029.0,2.312,2.319,2.291
2022-12-19,159915,创业板ETF,2.274,1025543893.537,447690442.0,2.304,2.317,2.267
2022-12-20,159915,创业板ETF,2.243,920756610.852,408480751.0,2.27,2.271,2.242
2022-12-21,159915,创业板ETF,2.24,759300920.38,339057832.0,2.244,2.253,2.225
2022-12-22,159915,创业板ETF,2.235,911848117.834,406770275.0,2.249,2.259,2.221
2022-12-23,159915,创业板ETF,2.222,969067962.9,436246900.0,2.216,2.236,2.207
2022-12-26,159915,创业板ETF,2.262,1287210409.448,571469455.0,2.224,2.265,2.222
2022-12-27,159915,创业板ETF,2.293,1286940340.401,565056044.0,2.268,2.295,2.256
2022-12-28,159915,创业板ETF,2.267,968584394.205,426917279.0,2.278,2.281,2.257
2022-12-29,159915,创业板ETF,2.277,1001296980.452,439087769.0,2.255,2.295,2.252
2022-12-30,159915,创业板ETF,2.279,869409610.896,380227663.0,2.287,2.298,2.278
2023-01-03,159915,创业板ETF,2.289,943665756.348,415435034.0,2.267,2.293,2.246
2023-01-04,159915,创业板ETF,2.267,827058629.22,364283220.0,2.28,2.283,2.255
2023-01-05,159915,创业板ETF,2.33,1524537065.585,660398898.0,2.276,2.334,2.274
2023-01-06,159915,创业板ETF,2.35,1164821538.86,496565430.0,2.321,2.368,2.315
2023-01-09,159915,创业板ETF,2.365,756781803.999,319507271.0,2.361,2.382,2.356
2023-01-10,159915,创业板ETF,2.401,898088948.698,376398322.0,2.365,2.406,2.36
2023-01-11,159915,创业板ETF,2.374,698040665.78,292322728.0,2.401,2.409,2.369
2023-01-12,159915,创业板ETF,2.382,829707689.34,347597313.0,2.383,2.404,2.375
2023-01-13,159915,创业板ETF,2.417,909951500.141,379220161.0,2.397,2.417,2.388
2023-01-16,159915,创业板ETF,2.462,1269926087.484,515887314.0,2.421,2.492,2.417
2023-01-17,159915,创业板ETF,2.47,608463040.288,246206514.0,2.465,2.483,2.46
2023-01-18,159915,创业板ETF,2.468,652164937.4,264109350.0,2.479,2.482,2.457
2023-01-19,159915,创业板ETF,2.496,748630145.911,301661804.0,2.465,2.498,2.454
2023-01-20,159915,创业板ETF,2.507,1004660329.568,400846024.0,2.505,2.518,2.495
2023-01-30,159915,创业板ETF,2.533,1450511413.592,568397682.0,2.577,2.579,2.532
2023-01-31,159915,创业板ETF,2.507,943675151.217,374504768.0,2.533,2.543,2.497
2023-02-01,159915,创业板ETF,2.537,1167804023.758,463857096.0,2.516,2.538,2.495
2023-02-02,159915,创业板ETF,2.524,791120816.775,311955363.0,2.544,2.554,2.519
2023-02-03,159915,创业板ETF,2.5,1158328375.601,463220984.0,2.515,2.527,2.475
2023-02-06,159915,创业板ETF,2.468,1045613922.704,424024224.0,2.486,2.486,2.449
2023-02-07,159915,创业板ETF,2.461,976604426.133,396782526.0,2.474,2.482,2.445
2023-02-08,159915,创业板ETF,2.447,966329485.284,392946861.0,2.466,2.475,2.445
2023-02-09,159915,创业板ETF,2.493,1172120589.556,473029358.0,2.444,2.496,2.44
2023-02-10,159915,创业板ETF,2.465,1054102719.203,426409795.0,2.493,2.494,2.455
2023-02-13,159915,创业板ETF,2.495,995868214.878,400301131.0,2.463,2.502,2.463
2023-02-14,159915,创业板ETF,2.49,673563677.11,270949848.0,2.502,2.508,2.475
2023-02-15,159915,创业板ETF,2.468,682666614.98,275920364.0,2.488,2.498,2.466
2023-02-16,159915,创业板ETF,2.436,1083733097.476,440439397.0,2.473,2.491,2.422
2023-02-17,159915,创业板ETF,2.378,1429280289.727,594946763.0,2.433,2.439,2.375
2023-02-20,159915,创业板ETF,2.403,1269505061.414,533365951.0,2.372,2.409,2.353
2023-02-21,159915,创业板ETF,2.395,905100097.7,378099800.0,2.401,2.407,2.378
2023-02-22,159915,创业板ETF,2.377,815119185.33,342061627.0,2.385,2.399,2.372
2023-02-23,159915,创业板ETF,2.385,918343003.602,384925671.0,2.379,2.398,2.374
2023-02-24,159915,创业板ETF,2.357,1167374629.836,493528769.0,2.388,2.39,2.354
2023-02-27,159915,创业板ETF,2.34,1183931502.392,505281300.0,2.347,2.362,2.333
2023-02-28,159915,创业板ETF,2.359,1120630125.193,476687944.0,2.35,2.362,2.334
2023-03-01,159915,创业板ETF,2.372,1515000132.132,641239839.0,2.358,2.378,2.344
2023-03-02,159915,创业板ETF,2.347,1187932735.936,504645348.0,2.368,2.371,2.341
2023-03-03,159915,创业板ETF,2.352,1323371045.211,563211585.0,2.353,2.362,2.332
2023-03-06,159915,创业板ETF,2.361,1815382144.734,773804802.0,2.356,2.365,2.32
2023-03-07,159915,创业板ETF,2.312,2091310410.946,895696416.0,2.354,2.359,2.311
2023-03-08,159915,创业板ETF,2.308,1754539003.433,761173623.0,2.303,2.319,2.296
2023-03-09,159915,创业板ETF,2.303,1602665742.41,694805094.0,2.309,2.316,2.296
2023-03-10,159915,创业板ETF,2.3,2284813245.1,992962972.0,2.295,2.318,2.284
2023-03-13,159915,创业板ETF,2.287,2333097120.399,1019589999.0,2.295,2.306,2.276
2023-03-14,159915,创业板ETF,2.276,2646251583.758,1167430139.0,2.285,2.287,2.238
2023-03-15,159915,创业板ETF,2.268,2327203774.176,1018744045.0,2.285,2.303,2.266
2023-03-16,159915,创业板ETF,2.233,2884549879.575,1283576520.0,2.257,2.265,2.23
2023-03-17,159915,创业板ETF,2.228,3685846849.535,1648031449.0,2.248,2.252,2.221
2023-03-20,159915,创业板ETF,2.226,3546732507.992,1592100923.0,2.229,2.25,2.213
2023-03-21,159915,创业板ETF,2.265,3658666378.204,1625921035.0,2.233,2.266,2.232
2023-03-22,159915,创业板ETF,2.27,3267475374.119,1437067121.0,2.27,2.286,2.26
2023-03-23,159915,创业板ETF,2.288,1965791419.49,862696993.0,2.262,2.288,2.259
2023-03-24,159915,创业板ETF,2.297,1946226679.717,848559409.0,2.292,2.3,2.282
2023-03-27,159915,创业板ETF,2.323,2786917097.533,1204912351.0,2.293,2.325,2.29
2023-03-28,159915,创业板ETF,2.298,1422968347.472,617310942.0,2.322,2.322,2.293
2023-03-29,159915,创业板ETF,2.297,1286214706.707,558502747.0,2.3,2.309,2.294
2023-03-30,159915,创业板ETF,2.313,1301419790.113,565199458.0,2.3,2.313,2.29
2023-03-31,159915,创业板ETF,2.327,1580918255.262,680843545.0,2.321,2.328,2.314
2023-04-03,159915,创业板ETF,2.366,2608463108.322,1109615298.0,2.327,2.37,2.327
2023-04-04,159915,创业板ETF,2.35,1822002563.154,776431390.0,2.366,2.367,2.336
2023-04-06,159915,创业板ETF,2.354,1285376423.21,548706855.0,2.334,2.355,2.331
2023-04-07,159915,创业板ETF,2.369,1346645921.39,568429137.0,2.351,2.38,2.347
2023-04-10,159915,创业板ETF,2.368,1960483425.724,826441010.0,2.379,2.385,2.358
2023-04-11,159915,创业板ETF,2.362,1197323525.615,505805374.0,2.367,2.386,2.351
2023-04-12,159915,创业板ETF,2.353,1259523938.32,535620949.0,2.364,2.364,2.342
2023-04-13,159915,创业板ETF,2.332,1033292670.392,441531604.0,2.345,2.352,2.332
2023-04-14,159915,创业板ETF,2.355,1254207925.494,533887158.0,2.342,2.356,2.336
2023-04-17,159915,创业板ETF,2.364,997150264.8,422975200.0,2.354,2.366,2.348
2023-04-18,159915,创业板ETF,2.354,1105884332.189,468656041.0,2.362,2.372,2.35
2023-04-19,159915,创业板ETF,2.339,724993726.414,309091279.0,2.356,2.356,2.338
2023-04-20,159915,创业板ETF,2.314,1259885382.868,543487388.0,2.337,2.338,2.304
2023-04-21,159915,创业板ETF,2.269,1587990018.845,691772625.0,2.318,2.326,2.268
2023-04-24,159915,创业板ETF,2.234,1633647557.757,729423712.0,2.267,2.269,2.22
2023-04-25,159915,创业板ETF,2.193,2993352612.481,1360845153.0,2.236,2.241,2.178
2023-04-26,159915,创业板ETF,2.226,2461077825.159,1108303693.0,2.187,2.238,2.184
2023-04-27,159915,创业板ETF,2.24,1025641028.228,459020843.0,2.219,2.247,2.215
2023-04-28,159915,创业板ETF,2.255,929424455.635,413314576.0,2.247,2.26,2.236
2023-05-04,159915,创业板ETF,2.23,858954724.27,384566957.0,2.253,2.253,2.224
2023-05-05,159915,创业板ETF,2.202,1161401101.16,525795107.0,2.228,2.23,2.194
2023-05-08,159915,创业板ETF,2.213,1709956981.041,776158104.0,2.21,2.214,2.188
2023-05-09,159915,创业板ETF,2.18,1776822707.692,808962924.0,2.209,2.211,2.179
2023-05-10,159915,创业板ETF,2.199,2574160725.628,1177438087.0,2.176,2.21,2.166
2023-05-11,159915,创业板ETF,2.211,1841293786.245,831426855.0,2.201,2.229,2.2
2023-05-12,159915,创业板ETF,2.185,1317692906.827,598689306.0,2.211,2.22,2.185
2023-05-15,159915,创业板ETF,2.234,1532618072.966,691640344.0,2.192,2.235,2.19
2023-05-16,159915,创业板ETF,2.228,1395160843.55,625001008.0,2.242,2.244,2.222
2023-05-17,159915,创业板ETF,2.229,1384597411.611,622135261.0,2.23,2.236,2.217
2023-05-18,159915,创业板ETF,2.215,1699666378.098,767041872.0,2.233,2.237,2.198
2023-05-19,159915,创业板ETF,2.215,991730762.438,447228331.0,2.212,2.229,2.206
2023-05-22,159915,创业板ETF,2.214,1144617725.1,517290300.0,2.216,2.227,2.201
2023-05-23,159915,创业板ETF,2.187,1527019908.604,693364445.0,2.216,2.218,2.186
2023-05-24,159915,创业板ETF,2.183,1618149752.086,739504663.0,2.181,2.204,2.175
2023-05-25,159915,创业板ETF,2.184,1770841547.728,812696688.0,2.179,2.194,2.166
2023-05-26,159915,创业板ETF,2.167,1990154129.266,918184107.0,2.183,2.183,2.153
2023-05-29,159915,创业板ETF,2.143,1531858751.801,712522485.0,2.171,2.177,2.136
2023-05-30,159915,创业板ETF,2.155,1552001556.974,724969316.0,2.139,2.157,2.12
2023-05-31,159915,创业板ETF,2.131,1815634532.653,849879478.0,2.149,2.153,2.125
2023-06-01,159915,创业板ETF,2.148,1899353699.709,882644949.0,2.133,2.163,2.127
2023-06-02,159915,创业板ETF,2.175,1708637641.611,787976875.0,2.156,2.179,2.152
2023-06-05,159915,创业板ETF,2.143,1861880058.649,867213847.0,2.173,2.173,2.138
2023-06-06,159915,创业板ETF,2.106,1912088170.629,901203189.0,2.14,2.141,2.102
2023-06-07,159915,创业板ETF,2.075,1949152965.977,935942912.0,2.105,2.106,2.069
2023-06-08,159915,创业板ETF,2.071,1941993647.294,936815159.0,2.075,2.083,2.064
2023-06-09,159915,创业板ETF,2.086,1814523637.904,874565924.0,2.073,2.086,2.064
2023-06-12,159915,创业板ETF,2.095,1588662807.187,759590789.0,2.08,2.106,2.076
2023-06-13,159915,创业板ETF,2.111,1485189091.473,705803363.0,2.093,2.113,2.09
2023-06-14,159915,创业板ETF,2.106,1441646659.143,682405991.0,2.115,2.121,2.106
2023-06-15,159915,创业板ETF,2.179,4072250914.331,1894513924.0,2.114,2.18,2.114
2023-06-16,159915,创业板ETF,2.208,2354504582.919,1071432329.0,2.185,2.215,2.178
2023-06-19,159915,创业板ETF,2.207,1627002667.741,736784304.0,2.211,2.219,2.201
2023-06-20,159915,创业板ETF,2.21,1280742117.803,579583067.0,2.203,2.22,2.199
2023-06-21,159915,创业板ETF,2.156,1563223806.373,717516575.0,2.206,2.208,2.155
2023-06-26,159915,创业板ETF,2.133,1478758273.7,692530200.0,2.14,2.158,2.118
2023-06-27,159915,创业板ETF,2.138,1273123146.83,595913585.0,2.133,2.151,2.124
2023-06-28,159915,创业板ETF,2.126,1373018915.509,646705709.0,2.134,2.135,2.107
2023-06-29,159915,创业板ETF,2.129,804433119.411,377461400.0,2.121,2.139,2.121
2023-06-30,159915,创业板ETF,2.164,2177900541.632,1009143576.0,2.126,2.174,2.118
2023-07-03,159915,创业板ETF,2.171,1213190974.763,558298527.0,2.168,2.185,2.16
2023-07-04,159915,创业板ETF,2.174,934176287.662,430654335.0,2.169,2.178,2.161
2023-07-05,159915,创业板ETF,2.156,861355843.8,397849000.0,2.176,2.182,2.152
2023-07-06,159915,创业板ETF,2.137,1281170745.728,597872373.0,2.15,2.163,2.133
2023-07-07,159915,创业板ETF,2.118,1006764646.903,474277941.0,2.13,2.132,2.116
2023-07-10,159915,创业板ETF,2.145,1248499024.991,582323452.0,2.127,2.158,2.126
2023-07-11,159915,创业板ETF,2.161,797744814.985,370678896.0,2.147,2.162,2.138
2023-07-12,159915,创业板ETF,2.139,935868566.201,435312827.0,2.162,2.163,2.138
2023-07-13,159915,创业板ETF,2.182,1378630702.278,634177956.0,2.151,2.182,2.151
2023-07-14,159915,创业板ETF,2.169,1128574320.219,519181764.0,2.184,2.187,2.167
2023-07-17,159915,创业板ETF,2.152,783461345.012,364269795.0,2.163,2.164,2.142
2023-07-18,159915,创业板ETF,2.147,958560160.478,446288874.0,2.155,2.159,2.143
2023-07-19,159915,创业板ETF,2.125,1445979320.509,679578094.0,2.145,2.148,2.117
2023-07-20,159915,创业板ETF,2.103,1811813284.511,853623459.0,2.129,2.145,2.098
2023-07-21,159915,创业板ETF,2.11,1134454100.044,537540301.0,2.1,2.123,2.097
2023-07-24,159915,创业板ETF,2.09,1308892789.909,624224979.0,2.1,2.114,2.088
2023-07-25,159915,创业板ETF,2.136,1988807314.884,934957464.0,2.123,2.14,2.113
2023-07-26,159915,创业板ETF,2.135,1458159714.989,683781717.0,2.13,2.138,2.125
2023-07-27,159915,创业板ETF,2.129,1056226088.934,494127457.0,2.14,2.15,2.125
2023-07-28,159915,创业板ETF,2.163,2013407724.616,936686482.0,2.12,2.169,2.117
2023-07-31,159915,创业板ETF,2.182,1445212383.63,660965287.0,2.172,2.199,2.172
2023-08-01,159915,创业板ETF,2.168,1058105268.735,486445986.0,2.18,2.192,2.161
2023-08-02,159915,创业板ETF,2.164,879593774.671,406098632.0,2.166,2.177,2.158
2023-08-03,159915,创业板ETF,2.187,969634983.313,445575312.0,2.158,2.187,2.158
2023-08-04,159915,创业板ETF,2.204,1959096598.609,886747451.0,2.21,2.225,2.19
2023-08-07,159915,创业板ETF,2.185,1301999178.47,595173894.0,2.198,2.201,2.179
2023-08-08,159915,创业板ETF,2.177,1147757817.04,526421685.0,2.183,2.19,2.171
2023-08-09,159915,创业板ETF,2.174,895238678.783,411631166.0,2.17,2.185,2.169
2023-08-10,159915,创业板ETF,2.184,1031790344.633,473737627.0,2.173,2.186,2.165
2023-08-11,159915,创业板ETF,2.129,1512087615.606,702368727.0,2.187,2.187,2.129
2023-08-14,159915,创业板ETF,2.113,1610654412.627,765851696.0,2.112,2.115,2.087
2023-08-15,159915,创业板ETF,2.096,1342676080.731,641605873.0,2.112,2.116,2.078
2023-08-16,159915,创业板ETF,2.082,976619953.045,467057983.0,2.085,2.102,2.08
2023-08-17,159915,创业板ETF,2.094,1574016215.566,756313144.0,2.078,2.099,2.061
2023-08-18,159915,创业板ETF,2.065,1297043878.266,622647459.0,2.09,2.101,2.064
2023-08-21,159915,创业板ETF,2.035,1407292362.424,687195028.0,2.061,2.061,2.033
2023-08-22,159915,创业板ETF,2.038,2319842201.515,1146018577.0,2.043,2.05,1.998
2023-08-23,159915,创业板ETF,1.987,1816410148.755,905667448.0,2.023,2.028,1.984
2023-08-24,159915,创业板ETF,2.014,1994099514.06,991409796.0,1.995,2.031,1.99
2023-08-25,159915,创业板ETF,1.991,1362246860.638,682777133.0,2.0,2.007,1.982
2023-08-28,159915,创业板ETF,2.01,2700032793.544,1312341802.0,2.136,2.136,2.003
2023-08-29,159915,创业板ETF,2.067,2248179739.882,1096027917.0,2.002,2.08,2.0
2023-08-30,159915,创业板ETF,2.066,1364718724.19,658646718.0,2.064,2.088,2.057
2023-08-31,159915,创业板ETF,2.052,842366261.501,409895941.0,2.062,2.064,2.048
2023-09-01,159915,创业板ETF,2.049,797102947.698,388520505.0,2.058,2.068,2.04
2023-09-04,159915,创业板ETF,2.067,1398673132.026,679968051.0,2.058,2.069,2.038
2023-09-05,159915,创业板ETF,2.057,896796269.804,435085200.0,2.06,2.069,2.055
2023-09-06,159915,创业板ETF,2.049,916192384.969,448124258.0,2.05,2.053,2.037
2023-09-07,159915,创业板ETF,2.003,1262214404.272,625392618.0,2.043,2.043,2.003
2023-09-08,159915,创业板ETF,1.998,936024551.608,469066896.0,2.0,2.005,1.987
2023-09-11,159915,创业板ETF,2.011,1172438835.229,584037929.0,2.0,2.025,1.99
2023-09-12,159915,创业板ETF,1.998,854262967.943,426593799.0,2.007,2.012,1.997
2023-09-13,159915,创业板ETF,1.974,1453391113.1,734514100.0,1.995,2.002,1.964
2023-09-14,159915,创业板ETF,1.96,1383425958.49,705540431.0,1.969,1.974,1.952
2023-09-15,159915,创业板ETF,1.954,1753078110.606,896520762.0,1.962,1.972,1.946
2023-09-18,159915,创业板ETF,1.968,1521163681.185,772908104.0,1.951,1.982,1.946
2023-09-19,159915,创业板ETF,1.952,1343148109.074,688245182.0,1.966,1.967,1.945
2023-09-20,159915,创业板ETF,1.936,1066751867.356,549262359.0,1.947,1.952,1.935
2023-09-21,159915,创业板ETF,1.917,1077187922.054,559424890.0,1.93,1.94,1.917
2023-09-22,159915,创业板ETF,1.964,1892135675.372,974501148.0,1.913,1.964,1.911
2023-09-25,159915,创业板ETF,1.953,930583694.729,476078192.0,1.955,1.963,1.949
2023-09-26,159915,创业板ETF,1.938,884715811.998,454845902.0,1.951,1.958,1.938
2023-09-27,159915,创业板ETF,1.956,1549533282.592,791895321.0,1.935,1.977,1.935
2023-09-28,159915,创业板ETF,1.953,969167462.235,496048624.0,1.958,1.968,1.945
2023-10-09,159915,创业板ETF,1.947,1125998596.722,580112721.0,1.95,1.956,1.928
2023-10-10,159915,创业板ETF,1.938,893269399.65,458517775.0,1.954,1.962,1.936
2023-10-11,159915,创业板ETF,1.954,1132965435.236,578796016.0,1.945,1.969,1.945
2023-10-12,159915,创业板ETF,1.968,1001556845.373,509939716.0,1.969,1.971,1.951
2023-10-13,159915,创业板ETF,1.945,1110367167.052,570836227.0,1.954,1.956,1.936
2023-10-16,159915,创业板ETF,1.906,1479735211.777,771927807.0,1.945,1.947,1.9
2023-10-17,159915,创业板ETF,1.912,793332533.945,415257707.0,1.91,1.919,1.9
2023-10-18,159915,创业板ETF,1.887,1093760512.562,578109825.0,1.906,1.906,1.885
2023-10-19,159915,创业板ETF,1.867,1345516353.388,717269767.0,1.878,1.887,1.864
2023-10-20,159915,创业板ETF,1.85,1363194268.6,734415500.0,1.86,1.874,1.845
2023-10-23,159915,创业板ETF,1.815,1734577390.475,951548155.0,1.845,1.845,1.806
2023-10-24,159915,创业板ETF,1.832,1548311384.565,847443361.0,1.818,1.842,1.812
2023-10-25,159915,创业板ETF,1.815,1655296717.16,904460724.0,1.844,1.848,1.814
2023-10-26,159915,创业板ETF,1.829,1530249533.136,846244015.0,1.802,1.83,1.793
2023-10-27,159915,创业板ETF,1.881,2456974471.157,1323508741.0,1.82,1.888,1.816
2023-10-30,159915,创业板ETF,1.926,2835314842.376,1482883041.0,1.874,1.933,1.874
2023-10-31,159915,创业板ETF,1.916,883490876.275,461418314.0,1.92,1.923,1.907
2023-11-01,159915,创业板ETF,1.908,831878498.737,435475245.0,1.921,1.923,1.899
2023-11-02,159915,创业板ETF,1.89,916837551.864,481502647.0,1.912,1.922,1.889
2023-11-03,159915,创业板ETF,1.918,1196348049.99,625522007.0,1.894,1.925,1.894
2023-11-06,159915,创业板ETF,1.981,2108232238.048,1073307431.0,1.93,1.982,1.93
2023-11-07,159915,创业板ETF,1.967,1367621073.153,694565756.0,1.974,1.98,1.96
2023-11-08,159915,创业板ETF,1.971,1374036921.459,696777573.0,1.964,1.983,1.957
2023-11-09,159915,创业板ETF,1.967,1134900129.379,576008578.0,1.968,1.983,1.961
2023-11-10,159915,创业板ETF,1.955,987856579.081,505557927.0,1.958,1.96,1.948
2023-11-13,159915,创业板ETF,1.958,994005985.157,508384042.0,1.965,1.97,1.945
2023-11-14,159915,创业板ETF,1.953,1173304817.079,599259509.0,1.957,1.973,1.943
2023-11-15,159915,创业板ETF,1.963,1282823008.767,651342175.0,1.98,1.983,1.956
2023-11-16,159915,创业板ETF,1.925,1439596749.633,742839749.0,1.961,1.962,1.925
2023-11-17,159915,创业板ETF,1.934,713018363.956,369854251.0,1.92,1.935,1.918
2023-11-20,159915,创业板ETF,1.942,1162760020.945,602010387.0,1.934,1.947,1.918
2023-11-21,159915,创业板ETF,1.931,1477950379.886,759957242.0,1.949,1.962,1.928
2023-11-22,159915,创业板ETF,1.899,1478989709.677,773629987.0,1.923,1.93,1.899
2023-11-23,159915,创业板ETF,1.911,966151374.152,508292678.0,1.898,1.912,1.891
2023-11-24,159915,创业板ETF,1.888,1036666689.054,547588358.0,1.908,1.91,1.885
2023-11-27,159915,创业板ETF,1.878,898970208.26,479283610.0,1.883,1.886,1.868
2023-11-28,159915,创业板ETF,1.89,760640145.591,404416755.0,1.874,1.89,1.87
2023-11-29,159915,创业板ETF,1.867,846641824.76,450992537.0,1.886,1.888,1.867
2023-11-30,159915,创业板ETF,1.874,836239285.038,446459400.0,1.869,1.884,1.863
2023-12-01,159915,创业板ETF,1.881,1181661361.571,631200711.0,1.873,1.887,1.856
2023-12-04,159915,创业板ETF,1.858,1226999419.549,656821120.0,1.878,1.88,1.858
2023-12-05,159915,创业板ETF,1.823,1349960021.938,733446934.0,1.854,1.857,1.822
2023-12-06,159915,创业板ETF,1.834,983248291.957,535123528.0,1.818,1.85,1.816
2023-12-07,159915,创业板ETF,1.829,917245048.662,502106061.0,1.828,1.841,1.817
2023-12-08,159915,创业板ETF,1.843,903724815.643,491846206.0,1.831,1.848,1.823
2023-12-11,159915,创业板ETF,1.868,1784431939.823,967030082.0,1.836,1.872,1.819
2023-12-12,159915,创业板ETF,1.856,1220686877.755,657303304.0,1.861,1.865,1.851
2023-12-13,159915,创业板ETF,1.822,1272670979.771,694101415.0,1.85,1.85,1.822
2023-12-14,159915,创业板ETF,1.812,971479846.505,531726788.0,1.833,1.846,1.812
2023-12-15,159915,创业板ETF,1.802,1331806827.852,735592234.0,1.82,1.83,1.795
2023-12-18,159915,创业板ETF,1.773,1182987159.103,663673250.0,1.792,1.799,1.767
2023-12-19,159915,创业板ETF,1.781,1178902788.072,663599408.0,1.771,1.791,1.767
2023-12-20,159915,创业板ETF,1.755,1314787691.285,743595696.0,1.783,1.787,1.755
2023-12-21,159915,创业板ETF,1.787,1712190864.094,965993397.0,1.749,1.794,1.747
2023-12-22,159915,创业板ETF,1.78,1576158511.174,884137215.0,1.779,1.801,1.766
2023-12-25,159915,创业板ETF,1.783,1015507698.85,570330401.0,1.777,1.791,1.772
2023-12-26,159915,创业板ETF,1.761,1442271689.63,818580114.0,1.78,1.781,1.753
2023-12-27,159915,创业板ETF,1.763,1150699719.655,653687815.0,1.762,1.771,1.75
2023-12-28,159915,创业板ETF,1.833,2875816785.62,1588449099.0,1.761,1.84,1.757
2023-12-29,159915,创业板ETF,1.842,1378547224.124,749327441.0,1.828,1.848,1.827
2024-01-02,159915,创业板ETF,1.806,1289636676.348,708913360.0,1.842,1.842,1.806
2024-01-03,159915,创业板ETF,1.787,1412240535.042,788716184.0,1.802,1.809,1.778
2024-01-04,159915,创业板ETF,1.754,1892807410.772,1075385099.0,1.783,1.786,1.748
2024-01-05,159915,创业板ETF,1.728,2058616833.088,1180603065.0,1.751,1.768,1.72
2024-01-08,159915,创业板ETF,1.699,2127475776.66,1242198954.0,1.724,1.734,1.698
2024-01-09,159915,创业板ETF,1.706,2143990454.555,1256151656.0,1.702,1.729,1.691
2024-01-10,159915,创业板ETF,1.698,1886530670.936,1106678416.0,1.696,1.726,1.681
2024-01-11,159915,创业板ETF,1.732,2359728392.379,1370393609.0,1.694,1.744,1.694
2024-01-12,159915,创业板ETF,1.714,1746324895.392,1012545700.0,1.722,1.739,1.713
2024-01-15,159915,创业板ETF,1.698,1451523478.967,851791011.0,1.702,1.72,1.692
2024-01-16,159915,创业板ETF,1.708,2176231828.164,1284760475.0,1.692,1.709,1.679
2024-01-17,159915,创业板ETF,1.656,2123585814.985,1265337918.0,1.7,1.7,1.653
2024-01-18,159915,创业板ETF,1.683,2794540413.086,1688088523.0,1.643,1.69,1.635
2024-01-19,159915,创业板ETF,1.669,2498436774.154,1486453132.0,1.675,1.697,1.669
2024-01-22,159915,创业板ETF,1.623,2144565815.448,1302284360.0,1.663,1.67,1.612
2024-01-23,159915,创业板ETF,1.642,2311645670.571,1408814153.0,1.62,1.656,1.612
2024-01-24,159915,创业板ETF,1.65,2449723396.253,1502149290.0,1.65,1.657,1.599
2024-01-25,159915,创业板ETF,1.675,2958236063.376,1785198899.0,1.641,1.676,1.628
2024-01-26,159915,创业板ETF,1.637,2307114645.895,1396533540.0,1.665,1.67,1.633
2024-01-29,159915,创业板ETF,1.58,2705441120.778,1686528696.0,1.638,1.643,1.58
2024-01-30,159915,创业板ETF,1.544,2493371606.879,1595555816.0,1.57,1.589,1.541
2024-01-31,159915,创业板ETF,1.533,2884546065.995,1866133206.0,1.544,1.56,1.53
2024-02-01,159915,创业板ETF,1.548,3070980291.653,1981325768.0,1.527,1.574,1.522
2024-02-02,159915,创业板ETF,1.508,3868328778.934,2553627718.0,1.546,1.554,1.471
2024-02-05,159915,创业板ETF,1.527,9548912110.888,6284794220.0,1.491,1.56,1.444
2024-02-06,159915,创业板ETF,1.623,5835093267.116,3688075091.0,1.508,1.624,1.502
2024-02-07,159915,创业板ETF,1.66,7203702865.633,4361891060.0,1.622,1.666,1.614
2024-02-08,159915,创业板ETF,1.681,4328895568.062,2560367620.0,1.67,1.718,1.669
2024-02-19,159915,创业板ETF,1.697,3851174613.555,2281919883.0,1.704,1.707,1.675
2024-02-20,159915,创业板ETF,1.696,2253230303.13,1332943721.0,1.688,1.701,1.676
2024-02-21,159915,创业板ETF,1.703,2116292414.101,1237167433.0,1.681,1.736,1.676
2024-02-22,159915,创业板ETF,1.71,1636373905.059,960793958.0,1.7,1.714,1.694
2024-02-23,159915,创业板ETF,1.709,1432116124.756,839875547.0,1.717,1.719,1.695
2024-02-26,159915,创业板ETF,1.704,2098414307.647,1231141476.0,1.706,1.72,1.69
2024-02-27,159915,创业板ETF,1.746,2089515169.044,1214852778.0,1.696,1.746,1.694
2024-02-28,159915,创业板ETF,1.701,3255806446.122,1864987538.0,1.749,1.78,1.701
2024-02-29,159915,创业板ETF,1.761,2471440725.001,1424778162.0,1.696,1.762,1.693
2024-03-01,159915,创业板ETF,1.775,2273286642.421,1288194720.0,1.757,1.781,1.746
2024-03-04,159915,创业板ETF,1.783,1715526745.231,962685627.0,1.773,1.796,1.767
2024-03-05,159915,创业板ETF,1.78,6145635731.623,3446431998.0,1.771,1.794,1.765
2024-03-06,159915,创业板ETF,1.782,2665126135.581,1500724206.0,1.773,1.805,1.761
2024-03-07,159915,创业板ETF,1.742,2142139665.232,1219475363.0,1.779,1.788,1.74
2024-03-08,159915,创业板ETF,1.756,1438428485.099,822748925.0,1.745,1.763,1.73
2024-03-11,159915,创业板ETF,1.84,3627820398.651,2012724290.0,1.76,1.84,1.76
2024-03-12,159915,创业板ETF,1.851,2058508901.515,1113893870.0,1.845,1.863,1.832
2024-03-13,159915,创业板ETF,1.841,1650375298.174,893689364.0,1.854,1.859,1.838
2024-03-14,159915,创业板ETF,1.832,1520527764.472,827895132.0,1.841,1.86,1.818
2024-03-15,159915,创业板ETF,1.833,1953112039.125,1076474699.0,1.825,1.836,1.796
2024-03-18,159915,创业板ETF,1.875,2643711004.149,1421189585.0,1.85,1.875,1.848
2024-03-19,159915,创业板ETF,1.853,1474010253.765,790305384.0,1.87,1.873,1.852
2024-03-20,159915,创业板ETF,1.856,1143969188.114,617123607.0,1.848,1.862,1.844
2024-03-21,159915,创业板ETF,1.846,1316880020.165,710884938.0,1.86,1.868,1.844
2024-03-22,159915,创业板ETF,1.817,1943555229.485,1066712085.0,1.843,1.844,1.808
2024-03-25,159915,创业板ETF,1.781,2087959021.225,1158324590.0,1.809,1.819,1.781
2024-03-26,159915,创业板ETF,1.792,1815893657.353,1014158890.0,1.782,1.805,1.777
2024-03-27,159915,创业板ETF,1.742,1339840543.91,759903151.0,1.787,1.788,1.741
2024-03-28,159915,创业板ETF,1.758,1300045015.431,739077416.0,1.74,1.778,1.738
2024-03-29,159915,创业板ETF,1.768,1055046937.284,598869727.0,1.756,1.773,1.75
2024-04-01,159915,创业板ETF,1.822,1596048944.79,883013533.0,1.78,1.822,1.78
2024-04-02,159915,创业板ETF,1.808,1158298114.724,640194903.0,1.822,1.822,1.801
2024-04-03,159915,创业板ETF,1.79,827315040.422,460926972.0,1.804,1.804,1.789
2024-04-08,159915,创业板ETF,1.758,955289218.836,539691331.0,1.785,1.789,1.756
2024-04-09,159915,创业板ETF,1.777,859278565.315,486469617.0,1.759,1.778,1.752
2024-04-10,159915,创业板ETF,1.739,1569964686.588,900005281.0,1.774,1.774,1.731
2024-04-11,159915,创业板ETF,1.731,1258500431.58,724619007.0,1.725,1.752,1.725
2024-04-12,159915,创业板ETF,1.713,1249364654.156,725132373.0,1.73,1.74,1.711
2024-04-15,159915,创业板ETF,1.746,1979130288.867,1135792622.0,1.712,1.757,1.712
2024-04-16,159915,创业板ETF,1.713,1303733279.501,756146236.0,1.74,1.742,1.709
2024-04-17,159915,创业板ETF,1.747,1094935987.125,631105956.0,1.718,1.748,1.718
2024-04-18,159915,创业板ETF,1.738,1258117105.748,723180629.0,1.739,1.759,1.717
2024-04-19,159915,创业板ETF,1.705,1441227373.0,843747450.0,1.725,1.728,1.692
2024-04-22,159915,创业板ETF,1.703,872464901.952,511959306.0,1.695,1.718,1.687
2024-04-23,159915,创业板ETF,1.705,813383060.541,477287894.0,1.708,1.716,1.693
2024-04-24,159915,创业板ETF,1.719,930652227.873,544465144.0,1.709,1.72,1.696
2024-04-25,159915,创业板ETF,1.716,1015097835.684,591638977.0,1.71,1.73,1.7
2024-04-26,159915,创业板ETF,1.774,1835092513.043,1045562882.0,1.717,1.777,1.717
2024-04-29,159915,创业板ETF,1.837,2249887446.742,1233080828.0,1.78,1.854,1.78
2024-04-30,159915,创业板ETF,1.816,1307150516.621,715833999.0,1.837,1.837,1.816
2024-05-06,159915,创业板ETF,1.853,1611906606.445,869089056.0,1.852,1.863,1.846
2024-05-07,159915,创业板ETF,1.85,1027079885.132,555116244.0,1.851,1.857,1.844
2024-05-08,159915,创业板ETF,1.821,1083975322.9,592679800.0,1.847,1.847,1.82
2024-05-09,159915,创业板ETF,1.856,1404404803.6,759364800.0,1.828,1.86,1.828
2024-05-10,159915,创业板ETF,1.84,1166185263.927,634573290.0,1.858,1.859,1.829
2024-05-13,159915,创业板ETF,1.817,1003162015.7,550642700.0,1.819,1.835,1.808
2024-05-14,159915,创业板ETF,1.813,933390405.971,513724454.0,1.821,1.831,1.809
2024-05-15,159915,创业板ETF,1.797,1155215878.492,639722365.0,1.814,1.823,1.795
2024-05-16,159915,创业板ETF,1.801,1191189941.165,659468880.0,1.806,1.819,1.794
2024-05-17,159915,创业板ETF,1.824,1282770696.493,708980647.0,1.795,1.825,1.791
2024-05-20,159915,创业板ETF,1.831,1508793859.48,823089781.0,1.828,1.844,1.823
2024-05-21,159915,创业板ETF,1.818,820583253.22,450842056.0,1.826,1.831,1.813
2024-05-22,159915,创业板ETF,1.839,1358050288.773,743467414.0,1.819,1.842,1.814
2024-05-23,159915,创业板ETF,1.811,1199542616.421,659988869.0,1.837,1.837,1.807
2024-05-24,159915,创业板ETF,1.781,1226193736.942,682831899.0,1.804,1.821,1.778
2024-05-27,159915,创业板ETF,1.792,1104233033.265,621923869.0,1.784,1.793,1.762
2024-05-28,159915,创业板ETF,1.769,752314720.067,423728843.0,1.784,1.789,1.766
2024-05-29,159915,创业板ETF,1.772,1212774231.5,681760700.0,1.768,1.793,1.765
2024-05-30,159915,创业板ETF,1.777,811975922.1,457519100.0,1.772,1.783,1.767
2024-05-31,159915,创业板ETF,1.772,926361099.15,519931443.0,1.781,1.794,1.77
2024-06-03,159915,创业板ETF,1.782,983357008.728,553437146.0,1.769,1.786,1.764
2024-06-04,159915,创业板ETF,1.806,1338179961.014,745020494.0,1.778,1.812,1.777
2024-06-05,159915,创业板ETF,1.796,958489683.728,529841662.0,1.805,1.821,1.796
2024-06-06,159915,创业板ETF,1.785,1180252981.529,657750919.0,1.804,1.808,1.778
2024-06-07,159915,创业板ETF,1.748,1757294814.554,1001784458.0,1.784,1.786,1.729
2024-06-11,159915,创业板ETF,1.752,1050263762.575,603465510.0,1.735,1.757,1.727
2024-06-12,159915,创业板ETF,1.743,689179251.875,394380200.0,1.746,1.754,1.742
2024-06-13,159915,创业板ETF,1.742,1267620108.3,724504200.0,1.752,1.766,1.741
2024-06-14,159915,创业板ETF,1.756,1130929526.855,648735541.0,1.745,1.762,1.726
2024-06-17,159915,创业板ETF,1.768,1074684609.6,608888400.0,1.746,1.775,1.743
2024-06-18,159915,创业板ETF,1.776,874882847.353,492435065.0,1.769,1.785,1.766
2024-06-19,159915,创业板ETF,1.753,1108481829.85,630364710.0,1.781,1.783,1.752
2024-06-20,159915,创业板ETF,1.728,1033472874.31,594462010.0,1.75,1.758,1.727
2024-06-21,159915,创业板ETF,1.723,1042667756.0,606289500.0,1.725,1.729,1.709
2024-06-24,159915,创业板ETF,1.696,1256397081.89,735995842.0,1.711,1.721,1.693
2024-06-25,159915,创业板ETF,1.666,1489330686.87,888854570.0,1.694,1.698,1.657
2024-06-26,159915,创业板ETF,1.699,1288964861.958,766865883.0,1.665,1.7,1.662
2024-06-27,159915,创业板ETF,1.67,1209479321.074,721433264.0,1.689,1.689,1.669
2024-06-28,159915,创业板ETF,1.652,1261766760.664,756079060.0,1.665,1.688,1.647
2024-07-01,159915,创业板ETF,1.65,1421609502.621,868099709.0,1.648,1.658,1.621
2024-07-02,159915,创业板ETF,1.633,1134882671.728,692631751.0,1.643,1.652,1.627
2024-07-03,159915,创业板ETF,1.629,1208017829.842,741643774.0,1.633,1.645,1.616
2024-07-04,159915,创业板ETF,1.616,1165540300.32,716873865.0,1.633,1.643,1.615
2024-07-05,159915,创业板ETF,1.623,1313878495.801,813820537.0,1.615,1.63,1.601
2024-07-08,159915,创业板ETF,1.596,1273747612.306,793613042.0,1.615,1.62,1.592
2024-07-09,159915,创业板ETF,1.62,1768440724.248,1100880992.0,1.594,1.629,1.584
2024-07-10,159915,创业板ETF,1.618,1262057166.9,776889000.0,1.609,1.636,1.608
2024-07-11,159915,创业板ETF,1.654,1590536255.136,965745652.0,1.64,1.664,1.627
2024-07-12,159915,创业板ETF,1.653,1376375909.296,833284352.0,1.648,1.661,1.64
2024-07-15,159915,创业板ETF,1.64,1297951099.874,791256244.0,1.644,1.648,1.633
2024-07-16,159915,创业板ETF,1.664,1448026915.645,875855545.0,1.638,1.665,1.637
2024-07-17,159915,创业板ETF,1.663,1303083812.509,783429981.0,1.66,1.674,1.653
2024-07-18,159915,创业板ETF,1.686,3469057541.183,2080696228.0,1.653,1.687,1.649
2024-07-19,159915,创业板ETF,1.692,2486560315.398,1470068545.0,1.673,1.699,1.672
2024-07-22,159915,创业板ETF,1.693,1307253170.83,772695673.0,1.693,1.702,1.679
2024-07-23,159915,创业板ETF,1.64,1262944816.83,760674858.0,1.691,1.691,1.639
2024-07-24,159915,创业板ETF,1.619,1095298509.99,671540405.0,1.634,1.651,1.614
2024-07-25,159915,创业板ETF,1.614,912831629.313,564990756.0,1.61,1.627,1.607
2024-07-26,159915,创业板ETF,1.627,1220285927.23,750258059.0,1.617,1.638,1.615
2024-07-29,159915,创业板ETF,1.604,920370351.555,572442768.0,1.622,1.623,1.603
2024-07-30,159915,创业板ETF,1.601,975027426.172,610603538.0,1.6,1.607,1.591
2024-07-31,159915,创业板ETF,1.658,2339588940.191,1432051900.0,1.594,1.658,1.592
2024-08-01,159915,创业板ETF,1.636,1484320326.521,903043900.0,1.659,1.663,1.631
2024-08-02,159915,创业板ETF,1.609,1810881105.993,1119024276.0,1.621,1.639,1.604
2024-08-05,159915,创业板ETF,1.576,2010902183.749,1257983773.0,1.592,1.625,1.576
2024-08-06,159915,创业板ETF,1.597,1423912521.232,893255174.0,1.594,1.607,1.581
2024-08-07,159915,创业板ETF,1.589,1098120312.3,688750762.0,1.593,1.601,1.587
2024-08-08,159915,创业板ETF,1.582,1413969051.56,893844578.0,1.582,1.599,1.568
2024-08-09,159915,创业板ETF,1.566,1294422205.6,819608200.0,1.59,1.598,1.566
2024-08-12,159915,创业板ETF,1.563,1011415437.4,646270400.0,1.566,1.572,1.558
2024-08-13,159915,创业板ETF,1.578,1195477104.283,763605725.0,1.562,1.578,1.558
2024-08-14,159915,创业板ETF,1.555,1373900547.908,879850384.0,1.575,1.576,1.554
2024-08-15,159915,创业板ETF,1.565,2158889978.627,1380274479.0,1.551,1.579,1.55
2024-08-16,159915,创业板ETF,1.561,1025138603.239,655459444.0,1.564,1.573,1.558
2024-08-19,159915,创业板ETF,1.559,1244095195.0,794377400.0,1.56,1.577,1.557
2024-08-20,159915,创业板ETF,1.539,1447293515.25,936758543.0,1.561,1.562,1.536
2024-08-21,159915,创业板ETF,1.529,1125584865.14,734193701.0,1.532,1.543,1.527
2024-08-22,159915,创业板ETF,1.516,1301647484.735,855591700.0,1.53,1.534,1.515
2024-08-23,159915,创业板ETF,1.517,1835561828.46,1209725805.0,1.512,1.526,1.509
2024-08-26,159915,创业板ETF,1.515,1070720952.548,705268982.0,1.517,1.528,1.511
2024-08-27,159915,创业板ETF,1.5,1194899265.98,795111890.0,1.511,1.512,1.497
2024-08-28,159915,创业板ETF,1.501,1182047814.75,788319730.0,1.499,1.505,1.494
2024-08-29,159915,创业板ETF,1.513,2770964892.435,1840128965.0,1.488,1.522,1.484
2024-08-30,159915,创业板ETF,1.552,3199131567.465,2067004415.0,1.511,1.571,1.511
2024-09-02,159915,创业板ETF,1.507,2416710682.158,1586730030.0,1.547,1.552,1.506
2024-09-03,159915,创业板ETF,1.525,1675797248.304,1101524700.0,1.504,1.532,1.503
2024-09-04,159915,创业板ETF,1.525,1492736475.856,978509626.0,1.512,1.54,1.51
2024-09-05,159915,创业板ETF,1.536,1323868191.808,862451200.0,1.525,1.546,1.524
2024-09-06,159915,创业板ETF,1.508,1503394564.8,989684600.0,1.535,1.538,1.508
2024-09-09,159915,创业板ETF,1.513,2736028698.504,1813528856.0,1.5,1.519,1.498
2024-09-10,159915,创业板ETF,1.512,2323816829.436,1541258816.0,1.514,1.524,1.495
2024-09-11,159915,创业板ETF,1.528,2187736485.803,1435229316.0,1.51,1.534,1.507
2024-09-12,159915,创业板ETF,1.525,1936399815.193,1261776253.0,1.536,1.549,1.521
2024-09-13,159915,创业板ETF,1.509,1332460552.155,878423707.0,1.525,1.528,1.508
2024-09-18,159915,创业板ETF,1.504,1451166497.533,965714800.0,1.505,1.513,1.494
2024-09-19,159915,创业板ETF,1.519,2789678359.133,1839423710.0,1.511,1.537,1.492
2024-09-20,159915,创业板ETF,1.508,3150914899.5,2092058400.0,1.516,1.517,1.498
2024-09-23,159915,创业板ETF,1.501,1967069133.831,1303535933.0,1.507,1.52,1.5
2024-09-24,159915,创业板ETF,1.587,5158211996.798,3337729544.0,1.515,1.588,1.504
2024-09-25,159915,创业板ETF,1.61,4346647262.225,2673008266.0,1.621,1.649,1.609
2024-09-26,159915,创业板ETF,1.686,4662498812.27,2844215463.0,1.604,1.686,1.595
2024-09-27,159915,创业板ETF,1.86,10096030846.854,5612598482.0,1.713,1.89,1.713
2024-09-30,159915,创业板ETF,2.232,14533319604.382,6977214473.0,2.0,2.232,1.928
2024-10-08,159915,创业板ETF,2.678,47486377734.325,18567726532.0,2.678,2.678,2.29
2024-10-09,159915,创业板ETF,2.242,38584923664.502,16461881315.0,2.41,2.478,2.238
2024-10-10,159915,创业板ETF,2.174,17811734056.289,8062551631.0,2.241,2.297,2.137
2024-10-11,159915,创业板ETF,2.06,15183685404.586,7299528756.0,2.134,2.152,2.026
2024-10-14,159915,创业板ETF,2.116,11851253261.662,5700479873.0,2.078,2.124,2.022
2024-10-15,159915,创业板ETF,2.045,9145503483.604,4378476181.0,2.094,2.135,2.045
2024-10-16,159915,创业板ETF,2.0,7664940633.07,3815133051.0,2.001,2.044,1.989
2024-10-17,159915,创业板ETF,1.995,6333780718.009,3136105541.0,2.019,2.042,1.993
2024-10-18,159915,创业板ETF,2.156,17246253906.793,8169588546.0,1.986,2.256,1.986
2024-10-21,159915,创业板ETF,2.167,11510502662.903,5290536333.0,2.162,2.225,2.139
2024-10-22,159915,创业板ETF,2.175,5911593010.163,2731476861.0,2.158,2.186,2.139
2024-10-23,159915,创业板ETF,2.162,6623460718.262,3045440403.0,2.166,2.211,2.145
2024-10-24,159915,创业板ETF,2.132,4281073036.949,1999647292.0,2.149,2.161,2.126
2024-10-25,159915,创业板ETF,2.196,9158136091.576,4185661608.0,2.147,2.236,2.138
2024-10-28,159915,创业板ETF,2.188,4432947300.66,2035712102.0,2.193,2.193,2.158
2024-10-29,159915,创业板ETF,2.135,5783642893.711,2679460409.0,2.191,2.198,2.133
2024-10-30,159915,创业板ETF,2.111,4870460597.468,2306501650.0,2.119,2.138,2.086
2024-10-31,159915,创业板ETF,2.122,6665871258.044,3127668969.0,2.105,2.164,2.09
2024-11-01,159915,创业板ETF,2.084,5027417592.785,2388576798.0,2.104,2.125,2.08
2024-11-04,159915,创业板ETF,2.145,4424060317.6,2083738600.0,2.081,2.146,2.08
2024-11-05,159915,创业板ETF,2.249,11653247663.192,5248183767.0,2.144,2.258,2.13
2024-11-06,159915,创业板ETF,2.223,10389830349.896,4598609726.0,2.249,2.316,2.202
2024-11-07,159915,创业板ETF,2.306,8123542737.353,3602781575.0,2.202,2.306,2.198
2024-11-08,159915,创业板ETF,2.282,8113596732.71,3498492991.0,2.355,2.365,2.274
2024-11-11,159915,创业板ETF,2.349,7362300483.6,3186116488.0,2.25,2.35,2.249
2024-11-12,159915,创业板ETF,2.345,7623609143.475,3223053432.0,2.365,2.402,2.316
2024-11-13,159915,创业板ETF,2.372,6672901457.963,2853985135.0,2.325,2.381,2.3
2024-11-14,159915,创业板ETF,2.288,5043001876.48,2166119864.0,2.37,2.372,2.285
2024-11-15,159915,创业板ETF,2.204,6126017644.301,2724669211.0,2.276,2.294,2.201
2024-11-18,159915,创业板ETF,2.149,6207444236.805,2860946863.0,2.205,2.219,2.132
2024-11-19,159915,创业板ETF,2.215,6860088377.953,3152990214.0,2.155,2.219,2.132
2024-11-20,159915,创业板ETF,2.223,5309861882.455,2395697876.0,2.201,2.24,2.195
2024-11-21,159915,创业板ETF,2.223,3449564222.641,1552623895.0,2.213,2.237,2.206
2024-11-22,159915,创业板ETF,2.136,4419031312.634,2025684308.0,2.218,2.226,2.133
2024-11-25,159915,创业板ETF,2.132,4239346267.277,1994601712.0,2.14,2.151,2.1
2024-11-26,159915,创业板ETF,2.109,2950218246.699,1388130768.0,2.122,2.146,2.107
2024-11-27,159915,创业板ETF,2.165,5063215464.538,2381260478.0,2.1,2.167,2.079
2024-11-28,159915,创业板ETF,2.128,3390963014.451,1581214159.0,2.162,2.165,2.124
2024-11-29,159915,创业板ETF,2.179,6686251148.115,3069830207.0,2.122,2.221,2.12
2024-12-02,159915,创业板ETF,2.211,4569798100.424,2074856913.0,2.172,2.218,2.166
2024-12-03,159915,创业板ETF,2.198,3502377943.646,1591681412.0,2.211,2.219,2.182
2024-12-04,159915,创业板ETF,2.17,3072274745.95,1408311822.0,2.195,2.203,2.161
2024-12-05,159915,创业板ETF,2.177,2370569445.183,1088127980.0,2.167,2.195,2.163
2024-12-06,159915,创业板ETF,2.224,5742016666.224,2590327932.0,2.18,2.247,2.17
2024-12-09,159915,创业板ETF,2.206,3292494593.409,1491824413.0,2.219,2.23,2.185
2024-12-10,159915,创业板ETF,2.221,7987491172.366,3532884251.0,2.32,2.32,2.214
2024-12-11,159915,创业板ETF,2.218,3197772570.038,1440691244.0,2.215,2.235,2.209
2024-12-12,159915,创业板ETF,2.248,4274890548.278,1910954845.0,2.217,2.258,2.212
2024-12-13,159915,创业板ETF,2.193,3936277775.368,1780555011.0,2.231,2.233,2.19
2024-12-16,159915,创业板ETF,2.158,2716261843.241,1255253661.0,2.19,2.192,2.148
2024-12-17,159915,创业板ETF,2.159,3681413046.513,1695995491.0,2.156,2.189,2.153
2024-12-18,159915,创业板ETF,2.158,2318259676.496,1073433814.0,2.167,2.173,2.15
2024-12-19,159915,创业板ETF,2.171,3123320233.12,1448207591.0,2.137,2.178,2.132
2024-12-20,159915,创业板ETF,2.169,2726937858.249,1255558193.0,2.166,2.19,2.157
2024-12-23,159915,创业板ETF,2.147,2810536450.2,1300841400.0,2.163,2.18,2.142
2024-12-24,159915,创业板ETF,2.17,3361542137.627,1558187982.0,2.148,2.172,2.143
2024-12-25,159915,创业板ETF,2.156,2502557661.67,1159452844.0,2.173,2.175,2.144
2024-12-26,159915,创业板ETF,2.166,2309054268.675,1065508375.0,2.16,2.176,2.152
2024-12-27,159915,创业板ETF,2.163,3218106312.295,1482658799.0,2.166,2.192,2.154
2024-12-30,159915,创业板ETF,2.165,2207790488.178,1020296318.0,2.158,2.174,2.155
2024-12-31,159915,创业板ETF,2.102,4056325482.738,1904747573.0,2.162,2.165,2.101
2025-01-02,159915,创业板ETF,2.019,4709844390.934,2299909269.0,2.096,2.097,2.0
2025-01-03,159915,创业板ETF,1.978,4033494990.009,2016672390.0,2.02,2.027,1.976
2025-01-06,159915,创业板ETF,1.976,3322854220.7,1679476900.0,1.978,1.994,1.962
2025-01-07,159915,创业板ETF,1.99,3344010729.37,1695431321.0,1.965,1.99,1.951
2025-01-08,159915,创业板ETF,1.968,4466166489.116,2279532895.0,1.975,1.99,1.925
2025-01-09,159915,创业板ETF,1.971,2671984315.048,1352568136.0,1.956,1.985,1.954
2025-01-10,159915,创业板ETF,1.938,2366472762.214,1206162209.0,1.967,1.983,1.938
2025-01-13,159915,创业板ETF,1.942,2622517596.02,1351760825.0,1.916,1.959,1.916
2025-01-14,159915,创业板ETF,2.036,5666356596.638,2836315455.0,1.95,2.037,1.942
2025-01-15,159915,创业板ETF,1.999,3511330420.628,1750519097.0,2.022,2.025,1.992
2025-01-16,159915,创业板ETF,2.01,3896733940.297,1933073844.0,2.009,2.044,1.99
2025-01-17,159915,创业板ETF,2.026,3249604106.116,1607214473.0,1.999,2.043,1.998
2025-01-20,159915,创业板ETF,2.062,3993926763.688,1935127801.0,2.047,2.077,2.046
2025-01-21,159915,创业板ETF,2.07,2200295028.927,1065999429.0,2.081,2.083,2.048
2025-01-22,159915,创业板ETF,2.059,2281647143.145,1110611438.0,2.063,2.069,2.041
2025-01-23,159915,创业板ETF,2.052,3618632282.938,1738134066.0,2.082,2.11,2.052
2025-01-24,159915,创业板ETF,2.084,3113708667.104,1501141344.0,2.045,2.092,2.044
2025-01-27,159915,创业板ETF,2.028,2922348702.718,1424693201.0,2.086,2.087,2.028
2025-02-05,159915,创业板ETF,2.024,2240818341.606,1104967502.0,2.043,2.047,2.016
2025-02-06,159915,创业板ETF,2.08,3505456955.157,1701774951.0,2.022,2.082,2.017
2025-02-07,159915,创业板ETF,2.131,5838438099.748,2746998348.0,2.08,2.159,2.08
2025-02-10,159915,创业板ETF,2.142,2821357496.675,1322839817.0,2.14,2.147,2.114
2025-02-11,159915,创业板ETF,2.113,2260595044.488,1067453235.0,2.141,2.142,2.11
2025-02-12,159915,创业板ETF,2.15,3322841476.11,1562336440.0,2.107,2.154,2.101
2025-02-13,159915,创业板ETF,2.135,3217541986.367,1498365582.0,2.145,2.163,2.133
2025-02-14,159915,创业板ETF,2.174,4668509747.439,2157786096.0,2.134,2.181,2.132
2025-02-17,159915,创业板ETF,2.182,3606618049.443,1650052695.0,2.198,2.2,2.166
2025-02-18,159915,创业板ETF,2.14,2892733134.994,1336311044.0,2.178,2.19,2.131
2025-02-19,159915,创业板ETF,2.185,2996598071.184,1381906367.0,2.136,2.186,2.133
2025-02-20,159915,创业板ETF,2.184,2194588122.263,1007331983.0,2.179,2.191,2.161
2025-02-21,159915,创业板ETF,2.239,4035502064.543,1818252273.0,2.185,2.242,2.185
2025-02-24,159915,创业板ETF,2.221,3431453111.529,1544732365.0,2.232,2.24,2.201
2025-02-25,159915,创业板ETF,2.197,3203034928.62,1455833590.0,2.189,2.222,2.185
2025-02-26,159915,创业板ETF,2.223,2970832857.675,1344108588.0,2.199,2.225,2.19
2025-02-27,159915,创业板ETF,2.212,2963835960.485,1342483472.0,2.224,2.237,2.183
2025-02-28,159915,创业板ETF,2.128,4095199128.933,1895179214.0,2.197,2.198,2.123
2025-03-03,159915,创业板ETF,2.154,4353725070.0,2012943656.0,2.133,2.189,2.12
2025-03-04,159915,创业板ETF,2.149,2299059817.031,1075561554.0,2.131,2.151,2.12
2025-03-05,159915,创业板ETF,2.149,2053850545.627,958304531.0,2.147,2.159,2.131
2025-03-06,159915,创业板ETF,2.191,3849695005.753,1763060623.0,2.162,2.2,2.16
2025-03-07,159915,创业板ETF,2.16,2731623950.059,1259617935.0,2.181,2.183,2.152
2025-03-10,159915,创业板ETF,2.159,2277006445.308,1057825706.0,2.166,2.174,2.14
2025-03-11,159915,创业板ETF,2.159,2382242786.444,1109701187.0,2.135,2.161,2.131
2025-03-12,159915,创业板ETF,2.149,2254199739.096,1044119531.0,2.17,2.172,2.148
2025-03-13,159915,创业板ETF,2.125,2373852234.623,1114060701.0,2.146,2.158,2.113
2025-03-14,159915,创业板ETF,2.186,4259564959.696,1964722065.0,2.125,2.19,2.12
2025-03-17,159915,创业板ETF,2.173,2217737744.359,1018689200.0,2.188,2.191,2.169
2025-03-18,159915,创业板ETF,2.185,2442376910.384,1116734054.0,2.182,2.201,2.173
2025-03-19,159915,创业板ETF,2.178,2084327408.135,956447233.0,2.181,2.195,2.166
2025-03-20,159915,创业板ETF,2.158,1894715234.15,874402155.0,2.178,2.18,2.155
2025-03-21,159915,创业板ETF,2.112,3023428322.313,1421201720.0,2.153,2.159,2.108
2025-03-24,159915,创业板ETF,2.112,1982939078.184,942742271.0,2.11,2.118,2.084
2025-03-25,159915,创业板ETF,2.105,1967146654.34,933635170.0,2.112,2.123,2.094
2025-03-26,159915,创业板ETF,2.098,1861535855.22,883948452.0,2.1,2.117,2.097
2025-03-27,159915,创业板ETF,2.103,1963608468.535,934864047.0,2.093,2.125,2.076
2025-03-28,159915,创业板ETF,2.089,1710499759.8,816200600.0,2.101,2.112,2.087
2025-03-31,159915,创业板ETF,2.064,2541748555.966,1231822143.0,2.079,2.083,2.047
2025-04-01,159915,创业板ETF,2.062,1927320561.242,930483877.0,2.067,2.087,2.06
2025-04-02,159915,创业板ETF,2.064,1510412683.185,730318817.0,2.062,2.081,2.057
2025-04-03,159915,创业板ETF,2.027,3181472986.023,1562642278.0,2.042,2.057,2.018
2025-04-07,159915,创业板ETF,1.775,12659759619.398,6950586760.0,1.93,1.931,1.721
2025-04-08,159915,创业板ETF,1.804,5298034546.772,2929732212.0,1.792,1.844,1.777
2025-04-09,159915,创业板ETF,1.823,5760841736.393,3192985707.0,1.762,1.838,1.743
2025-04-10,159915,创业板ETF,1.863,5475498058.797,2909461825.0,1.88,1.908,1.86
2025-04-11,159915,创业板ETF,1.892,3492329846.925,1860534888.0,1.845,1.907,1.844
2025-04-14,159915,创业板ETF,1.895,2481540099.817,1303328059.0,1.915,1.919,1.892
2025-04-15,159915,创业板ETF,1.893,1879135555.703,994336404.0,1.895,1.903,1.881
2025-04-16,159915,创业板ETF,1.87,3218073684.0,1728180934.0,1.885,1.885,1.844
2025-04-17,159915,创业板ETF,1.873,2081248945.704,1108408392.0,1.859,1.887,1.856
2025-04-18,159915,创业板ETF,1.878,1664135334.929,888856981.0,1.865,1.881,1.862
2025-04-21,159915,创业板ETF,1.908,2328928106.628,1228790651.0,1.874,1.91,1.865
2025-04-22,159915,创业板ETF,1.899,1652435883.609,868982666.0,1.903,1.911,1.895
2025-04-23,159915,创业板ETF,1.919,2915749901.78,1517964084.0,1.917,1.933,1.906
2025-04-24,159915,创业板ETF,1.907,2336068858.749,1220739638.0,1.916,1.929,1.902
2025-04-25,159915,创业板ETF,1.92,2309659992.776,1202452000.0,1.913,1.932,1.908
2025-04-28,159915,创业板ETF,1.906,1334167133.0,699126100.0,1.918,1.921,1.901
2025-04-29,159915,创业板ETF,1.903,1293918095.471,679507027.0,1.902,1.912,1.895
2025-04-30,159915,创业板ETF,1.921,2044909415.911,1065559528.0,1.905,1.926,1.904
2025-05-06,159915,创业板ETF,1.958,2026370672.879,1039514455.0,1.936,1.959,1.935
2025-05-07,159915,创业板ETF,1.967,3426132325.993,1734873221.0,1.995,2.007,1.953
2025-05-08,159915,创业板ETF,2.001,3148925965.463,1580404668.0,1.963,2.006,1.961
2025-05-09,159915,创业板ETF,1.984,1629568540.583,820913201.0,2.0,2.001,1.975
2025-05-12,159915,创业板ETF,2.037,3149770588.876,1558494886.0,2.013,2.037,2.007
2025-05-13,159915,创业板ETF,2.03,2234622684.115,1095212169.0,2.062,2.065,2.027
2025-05-14,159915,创业板ETF,2.054,2496059353.939,1221065338.0,2.032,2.074,2.021
2025-05-15,159915,创业板ETF,2.012,1727955312.398,853339514.0,2.046,2.047,2.012
2025-05-16,159915,创业板ETF,2.008,1197218183.195,594697516.0,2.006,2.02,2.005
2025-05-19,159915,创业板ETF,2.002,1474714685.148,737994990.0,2.006,2.008,1.988
2025-05-20,159915,创业板ETF,2.018,1580369547.217,784444646.0,2.009,2.031,1.997
2025-05-21,159915,创业板ETF,2.034,2083759004.62,1024128512.0,2.02,2.047,2.019
2025-05-22,159915,创业板ETF,2.016,1135814240.949,561539403.0,2.036,2.037,2.014
2025-05-23,159915,创业板ETF,1.994,1463619653.819,727237904.0,2.015,2.03,1.994
2025-05-26,159915,创业板ETF,1.977,1489711308.496,753296212.0,1.99,1.997,1.965
2025-05-27,159915,创业板ETF,1.967,1466776070.321,746429114.0,1.976,1.976,1.957
2025-05-28,159915,创业板ETF,1.959,1414015462.706,719516754.0,1.969,1.975,1.956
2025-05-29,159915,创业板ETF,1.989,1850177077.489,934137946.0,1.962,1.991,1.961
2025-05-30,159915,创业板ETF,1.972,1303691547.765,661225455.0,1.98,1.98,1.963
2025-06-03,159915,创业板ETF,1.977,1139384009.044,575877829.0,1.961,1.987,1.96
2025-06-04,159915,创业板ETF,2.0,1475808291.241,738909333.0,1.983,2.006,1.982
2025-06-05,159915,创业板ETF,2.023,1624628219.751,808452949.0,2.001,2.029,1.989
2025-06-06,159915,创业板ETF,2.017,1037863344.0,514750401.0,2.022,2.027,2.01
2025-06-09,159915,创业板ETF,2.034,1721674805.581,844534684.0,2.02,2.051,2.02
2025-06-10,159915,创业板ETF,2.012,1894152205.056,938502285.0,2.034,2.041,1.999
2025-06-11,159915,创业板ETF,2.038,1781856917.291,873272046.0,2.016,2.053,2.016
2025-06-12,159915,创业板ETF,2.04,1250732889.926,612476040.0,2.033,2.052,2.027
2025-06-13,159915,创业板ETF,2.02,1480102735.182,730211530.0,2.033,2.042,2.015
2025-06-16,159915,创业板ETF,2.037,1011261424.094,497644794.0,2.019,2.039,2.016
2025-06-17,159915,创业板ETF,2.028,863471367.207,425257474.0,2.04,2.041,2.023
2025-06-18,159915,创业板ETF,2.034,999608204.908,493112727.0,2.027,2.038,2.017
2025-06-19,159915,创业板ETF,2.005,1408373550.495,698947902.0,2.028,2.036,2.0
2025-06-20,159915,创业板ETF,1.988,1183215436.7,592674400.0,2.005,2.015,1.987
2025-06-23,159915,创业板ETF,1.998,1207204146.999,606865720.0,1.98,2.001,1.975
2025-06-24,159915,创业板ETF,2.044,2518135496.438,1238842943.0,2.004,2.044,2.003
2025-06-25,159915,创业板ETF,2.109,3406556995.774,1638197267.0,2.05,2.113,2.05
2025-06-26,159915,创业板ETF,2.093,2325635078.858,1104073901.0,2.109,2.121,2.092
2025-06-27,159915,创业板ETF,2.101,2389373180.739,1132678036.0,2.1,2.125,2.091
2025-06-30,159915,创业板ETF,2.133,2255934779.632,1063413134.0,2.11,2.134,2.106
2025-07-01,159915,创业板ETF,2.126,1434048675.341,675800751.0,2.128,2.131,2.112
2025-07-02,159915,创业板ETF,2.104,1445894926.421,686930771.0,2.123,2.123,2.097
2025-07-03,159915,创业板ETF,2.141,2221641222.03,1043751582.0,2.11,2.147,2.108
2025-07-04,159915,创业板ETF,2.133,2308805612.626,1077084673.0,2.141,2.167,2.131
2025-07-07,159915,创业板ETF,2.11,1613281869.68,763151365.0,2.126,2.134,2.106
2025-07-08,159915,创业板ETF,2.159,2700369074.947,1259122742.0,2.109,2.161,2.107
2025-07-09,159915,创业板ETF,2.163,2435284014.046,1122364524.0,2.157,2.183,2.155
2025-07-10,159915,创业板ETF,2.169,1830798185.168,845535637.0,2.17,2.179,2.153
2025-07-11,159915,创业板ETF,2.185,2493790368.014,1141929926.0,2.169,2.202,2.159
2025-07-14,159915,创业板ETF,2.177,1449095599.025,666132475.0,2.18,2.187,2.167
2025-07-15,159915,创业板ETF,2.212,3151896333.733,1427317746.0,2.184,2.223,2.184
2025-07-16,159915,创业板ETF,2.206,1778554120.466,801457056.0,2.217,2.237,2.205
2025-07-17,159915,创业板ETF,2.247,2146267402.895,961569362.0,2.205,2.247,2.204
2025-07-18,159915,创业板ETF,2.252,2131513000.878,944040957.0,2.256,2.274,2.241
2025-07-21,159915,创业板ETF,2.275,2244881619.446,991144198.0,2.258,2.275,2.251
2025-07-22,159915,创业板ETF,2.289,2460630714.563,1078462481.0,2.274,2.291,2.267
2025-07-23,159915,创业板ETF,2.287,2829799317.115,1233562231.0,2.288,2.31,2.281
2025-07-24,159915,创业板ETF,2.325,2386144787.825,1034695230.0,2.297,2.325,2.291
2025-07-25,159915,创业板ETF,2.318,1763030434.184,761029232.0,2.326,2.326,2.308
2025-07-28,159915,创业板ETF,2.342,2015532116.201,864799530.0,2.322,2.344,2.311
2025-07-29,159915,创业板ETF,2.383,2458006718.553,1042305253.0,2.338,2.384,2.332
2025-07-30,159915,创业板ETF,2.345,4225955580.442,1795294339.0,2.378,2.378,2.325
2025-07-31,159915,创业板ETF,2.301,4628163692.09,1980383619.0,2.354,2.37,2.299
2025-08-01,159915,创业板ETF,2.303,2620619508.446,1137125338.0,2.296,2.324,2.281
2025-08-04,159915,创业板ETF,2.313,1755984114.526,765103895.0,2.285,2.313,2.282
2025-08-05,159915,创业板ETF,2.32,2423350451.697,1046431524.0,2.326,2.328,2.3
2025-08-06,159915,创业板ETF,2.336,2023667990.508,869174240.0,2.314,2.338,2.312
2025-08-07,159915,创业板ETF,2.32,2561935101.344,1103568855.0,2.338,2.35,2.3
2025-08-08,159915,创业板ETF,2.312,1728760970.226,746176413.0,2.314,2.331,2.307
2025-08-11,159915,创业板ETF,2.357,2719858279.901,1159751841.0,2.317,2.362,2.312
2025-08-12,159915,创业板ETF,2.385,2635788947.593,1112049474.0,2.358,2.385,2.345
2025-08-13,159915,创业板ETF,2.473,4624232806.169,1897685098.0,2.395,2.475,2.391
2025-08-14,159915,创业板ETF,2.446,3670028993.538,1489282660.0,2.473,2.489,2.438
2025-08-15,159915,创业板ETF,2.509,3545929725.368,1427117283.0,2.435,2.518,2.435
2025-08-18,159915,创业板ETF,2.582,5893785524.283,2296931519.0,2.52,2.608,2.504
2025-08-19,159915,创业板ETF,2.575,4222774161.561,1635409032.0,2.575,2.61,2.561
2025-08-20,159915,创业板ETF,2.588,5260550950.151,2059444126.0,2.551,2.588,2.524
2025-08-21,159915,创业板ETF,2.572,4859237812.754,1882804391.0,2.589,2.605,2.558
2025-08-22,159915,创业板ETF,2.662,5681941122.755,2165908940.0,2.566,2.663,2.563
2025-08-25,159915,创业板ETF,2.737,7457636147.978,2751414023.0,2.693,2.76,2.675
2025-08-26,159915,创业板ETF,2.716,5706483426.739,2091832159.0,2.727,2.75,2.702
2025-08-27,159915,创业板ETF,2.696,8091776959.283,2943477589.0,2.716,2.796,2.696
2025-08-28,159915,创业板ETF,2.806,7337066719.709,2682020771.0,2.68,2.807,2.677
2025-08-29,159915,创业板ETF,2.865,7050495858.504,2476060762.0,2.799,2.909,2.78
2025-09-01,159915,创业板ETF,2.927,5979182419.477,2064101171.0,2.88,2.932,2.859
2025-09-02,159915,创业板ETF,2.848,8691244492.502,3020220527.0,2.922,2.954,2.815
2025-09-03,159915,创业板ETF,2.87,8367566301.436,2918703247.0,2.852,2.899,2.832
2025-09-04,159915,创业板ETF,2.751,9856433541.82,3504601930.0,2.899,2.93,2.716
2025-09-05,159915,创业板ETF,2.944,7802431010.294,2742078899.0,2.75,2.947,2.749
2025-09-08,159915,创业板ETF,2.908,7234949537.598,2496878153.0,2.946,2.951,2.856
2025-09-09,159915,创业板ETF,2.845,4870733789.144,1704675452.0,2.866,2.898,2.818
2025-09-10,159915,创业板ETF,2.875,5345322585.754,1859579380.0,2.857,2.9,2.833
2025-09-11,159915,创业板ETF,3.025,7786806668.195,2629737283.0,2.883,3.027,2.871
2025-09-12,159915,创业板ETF,2.995,6394148105.646,2125362296.0,3.01,3.033,2.982
2025-09-15,159915,创业板ETF,3.037,5227741888.059,1713662026.0,3.006,3.08,3.006
2025-09-16,159915,创业板ETF,3.059,5729177908.937,1888634980.0,3.039,3.064,2.993
2025-09-17,159915,创业板ETF,3.119,5154304123.48,1668757276.0,3.055,3.125,3.036
2025-09-18,159915,创业板ETF,3.067,8408306051.594,2719063197.0,3.115,3.141,3.024
2025-09-19,159915,创业板ETF,3.062,5266798692.281,1712231771.0,3.067,3.101,3.046
2025-09-22,159915,创业板ETF,3.082,4228087839.518,1382078742.0,3.068,3.082,3.026
2025-09-23,159915,创业板ETF,3.093,6865555807.126,2232003421.0,3.115,3.13,3.015
2025-09-24,159915,创业板ETF,3.16,6065237036.156,1944989513.0,3.063,3.162,3.061
2025-09-25,159915,创业板ETF,3.211,5199641840.272,1625732422.0,3.15,3.24,3.134
2025-09-26,159915,创业板ETF,3.129,5368043518.048,1692755881.0,3.193,3.226,3.126
2025-09-29,159915,创业板ETF,3.213,5208289767.057,1632847130.0,3.126,3.233,3.126
2025-09-30,159915,创业板ETF,3.217,3995389304.531,1240171175.0,3.221,3.254,3.194
2025-10-09,159915,创业板ETF,3.235,5667232669.797,1743566568.0,3.217,3.297,3.217
2025-10-10,159915,创业板ETF,3.095,6981652423.033,2227643125.0,3.201,3.217,3.072
2025-10-13,159915,创业板ETF,3.054,6730538312.754,2223548267.0,2.952,3.073,2.951
2025-10-14,159915,创业板ETF,2.934,7241505141.832,2411647285.0,3.093,3.106,2.92
2025-10-15,159915,创业板ETF,3.003,5552036995.144,1877004280.0,2.932,3.01,2.905
2025-10-16,159915,创业板ETF,3.014,4670184541.573,1548870353.0,2.984,3.044,2.978
2025-10-17,159915,创业板ETF,2.915,4576629143.027,1552640674.0,3.002,3.021,2.91
2025-10-20,159915,创业板ETF,2.971,4642754506.081,1556678678.0,2.976,3.02,2.948
2025-10-21,159915,创业板ETF,3.062,5272466543.795,1735963311.0,2.999,3.078,2.972
2025-10-22,159915,创业板ETF,3.039,3571697635.407,1174128749.0,3.037,3.067,3.02
2025-10-23,159915,创业板ETF,3.038,3006639972.485,998545786.0,3.021,3.045,2.98
2025-10-24,159915,创业板ETF,3.147,4637974087.124,1494880490.0,3.069,3.147,3.058
2025-10-27,159915,创业板ETF,3.209,4823568499.713,1509668463.0,3.209,3.218,3.155
2025-10-28,159915,创业板ETF,3.205,4352354390.296,1353329704.0,3.189,3.258,3.181
2025-10-29,159915,创业板ETF,3.3,4473209145.637,1370135646.0,3.235,3.3,3.234
2025-10-30,159915,创业板ETF,3.239,4602035004.766,1406883999.0,3.296,3.308,3.235
2025-10-31,159915,创业板ETF,3.166,4795957338.81,1495642875.0,3.235,3.258,3.164
2025-11-03,159915,创业板ETF,3.176,4057838466.861,1291988794.0,3.152,3.178,3.098
2025-11-04,159915,创业板ETF,3.112,3999079270.611,1277900258.0,3.166,3.184,3.087
2025-11-05,159915,创业板ETF,3.142,4073292024.942,1312861492.0,3.06,3.157,3.046
2025-11-06,159915,创业板ETF,3.201,4251348431.464,1334422974.0,3.158,3.213,3.153
2025-11-07,159915,创业板ETF,3.185,3090346851.245,970514620.0,3.184,3.218,3.155
2025-11-10,159915,创业板ETF,3.158,3697770212.51,1174688849.0,3.2,3.215,3.117
2025-11-11,159915,创业板ETF,3.113,3323335998.6,1057309779.0,3.175,3.188,3.107
2025-11-12,159915,创业板ETF,3.108,3648762908.877,1181466117.0,3.095,3.116,3.058
2025-11-13,159915,创业板ETF,3.182,5045454814.849,1601868261.0,3.094,3.188,3.086
2025-11-14,159915,创业板ETF,3.093,3818689061.473,1221752298.0,3.146,3.146,3.091
2025-11-17,159915,创业板ETF,3.084,3024962847.564,982889105.0,3.074,3.101,3.06
2025-11-18,159915,创业板ETF,3.051,3834326362.657,1252458681.0,3.069,3.095,3.032
2025-11-19,159915,创业板ETF,3.057,4059815544.721,1325419541.0,3.051,3.092,3.041
2025-11-20,159915,创业板ETF,3.026,4222309799.476,1380802267.0,3.106,3.113,3.019
2025-11-21,159915,创业板ETF,2.904,7001980046.896,2381325432.0,2.99,2.99,2.903
2025-11-24,159915,创业板ETF,2.908,4394186366.192,1510800887.0,2.925,2.932,2.873
2025-11-25,159915,创业板ETF,2.961,6485664185.436,2184713731.0,2.951,3.008,2.94
2025-11-26,159915,创业板ETF,3.027,5496575402.93,1826348317.0,2.955,3.061,2.943
2025-11-27,159915,创业板ETF,3.012,3812794595.844,1249768716.0,3.018,3.093,3.007
2025-11-28,159915,创业板ETF,3.035,2745371289.08,909253540.0,3.008,3.048,2.993
2025-12-01,159915,创业板ETF,3.073,3065143122.884,1004677236.0,3.044,3.074,3.017
2025-12-02,159915,创业板ETF,3.052,1904764494.804,623224565.0,3.075,3.075,3.036
2025-12-03,159915,创业板ETF,3.019,2361211728.084,776119012.0,3.058,3.086,3.01
2025-12-04,159915,创业板ETF,3.051,2449923929.303,808437962.0,3.014,3.056,2.997
2025-12-05,159915,创业板ETF,3.089,2681407787.262,873843662.0,3.063,3.098,3.028
2025-12-08,159915,创业板ETF,3.171,4001557936.312,1268125641.0,3.101,3.194,3.099
2025-12-09,159915,创业板ETF,3.188,3451146147.769,1082566090.0,3.168,3.215,3.153
2025-12-10,159915,创业板ETF,3.192,2694949380.043,852958607.0,3.185,3.2,3.124
2025-12-11,159915,创业板ETF,3.146,2993222525.739,936231349.0,3.192,3.226,3.145
2025-12-12,159915,创业板ETF,3.174,3194779883.316,1011013142.0,3.152,3.186,3.12
2025-12-15,159915,创业板ETF,3.12,2506448325.479,798453240.0,3.14,3.167,3.119
2025-12-16,159915,创业板ETF,3.06,4025761888.812,1309898681.0,3.112,3.125,3.043
2025-12-17,159915,创业板ETF,3.164,4937699275.096,1586163674.0,3.057,3.165,3.054
2025-12-18,159915,创业板ETF,3.092,4297352252.305,1380517391.0,3.134,3.14,3.092
2025-12-19,159915,创业板ETF,3.107,3326085604.734,1067093103.0,3.118,3.141,3.096
2025-12-22,159915,创业板ETF,3.175,4197241563.678,1326079891.0,3.135,3.18,3.135
2025-12-23,159915,创业板ETF,3.185,3015016522.905,946018820.0,3.18,3.21,3.166
2025-12-24,159915,创业板ETF,3.212,2505014135.06,782862119.0,3.194,3.219,3.177
2025-12-25,159915,创业板ETF,3.222,2835992188.315,882507027.0,3.21,3.234,3.184
2025-12-26,159915,创业板ETF,3.226,3075750266.223,953278367.0,3.222,3.252,3.202
2025-12-29,159915,创业板ETF,3.205,3055961797.223,952073248.0,3.217,3.234,3.19
2025-12-30,159915,创业板ETF,3.229,3800219966.893,1180965470.0,3.19,3.234,3.19
2025-12-31,159915,创业板ETF,3.186,2302045751.952,717889714.0,3.23,3.239,3.182
2026-01-05,159915,创业板ETF,3.281,3551323048.42,1093577125.0,3.215,3.281,3.21
2026-01-06,159915,创业板ETF,3.303,4324236361.937,1317059779.0,3.278,3.305,3.249
2026-01-07,159915,创业板ETF,3.311,4059296355.554,1227046740.0,3.311,3.336,3.281
2026-01-08,159915,创业板ETF,3.287,3632320850.416,1103912963.0,3.291,3.313,3.27
2026-01-09,159915,创业板ETF,3.314,5087072562.422,1545146254.0,3.269,3.315,3.253
2026-01-12,159915,创业板ETF,3.371,7314374488.185,2193720124.0,3.314,3.387,3.267
2026-01-13,159915,创业板ETF,3.306,6466148012.324,1931467280.0,3.372,3.402,3.291
2026-01-14,159915,创业板ETF,3.332,9606956788.598,2874007868.0,3.307,3.388,3.292
2026-01-15,159915,创业板ETF,3.352,12904865517.29,3886523269.0,3.306,3.359,3.293
2026-01-16,159915,创业板ETF,3.346,13720977212.367,4092518760.0,3.382,3.394,3.337
2026-01-19,159915,创业板ETF,3.318,6480798729.57,1943741767.0,3.327,3.369,3.31
2026-01-20,159915,创业板ETF,3.263,7628206634.222,2328267455.0,3.319,3.335,3.242
2026-01-21,159915,创业板ETF,3.281,3933094022.781,1195061529.0,3.243,3.315,3.242
2026-01-22,159915,创业板ETF,3.315,5894354074.254,1791980017.0,3.298,3.323,3.264
2026-01-23,159915,创业板ETF,3.337,3018742908.302,907993890.0,3.322,3.337,3.304
2026-01-26,159915,创业板ETF,3.305,5559095523.957,1678245655.0,3.352,3.355,3.292
2026-01-27,159915,创业板ETF,3.327,5853388036.695,1765271470.0,3.31,3.352,3.263
2026-01-28,159915,创业板ETF,3.307,6465046669.206,1949640170.0,3.342,3.345,3.29
2026-01-29,159915,创业板ETF,3.292,5378675115.192,1626118743.0,3.297,3.342,3.284
2026-01-30,159915,创业板ETF,3.335,4271421135.064,1291838077.0,3.286,3.355,3.241
2026-02-02,159915,创业板ETF,3.252,3801816673.138,1148759349.0,3.338,3.376,3.248
2026-02-03,159915,创业板ETF,3.313,3952454659.255,1201589298.0,3.302,3.32,3.238
2026-02-04,159915,创业板ETF,3.297,3852326601.838,1179786209.0,3.29,3.307,3.233
2026-02-05,159915,创业板ETF,3.238,3200834322.531,985289360.0,3.264,3.278,3.227
2026-02-06,159915,创业板ETF,3.229,2843474221.458,878530633.0,3.21,3.275,3.187
2026-02-09,159915,创业板ETF,3.321,3265112642.186,989621332.0,3.288,3.327,3.263
2026-02-10,159915,创业板ETF,3.311,1786183381.832,538115550.0,3.327,3.335,3.307
2026-02-11,159915,创业板ETF,3.273,2669085868.988,811867303.0,3.3,3.312,3.272
2026-02-12,159915,创业板ETF,3.319,3145580563.839,951628247.0,3.28,3.323,3.277
2026-02-13,159915,创业板ETF,3.265,3077154441.329,935966363.0,3.303,3.313,3.263
2026-02-24,159915,创业板ETF,3.295,3059400028.358,924963954.0,3.318,3.331,3.282
2026-02-25,159915,创业板ETF,3.344,3669068169.732,1102226404.0,3.301,3.352,3.293
2026-02-26,159915,创业板ETF,3.336,2959414786.886,891284310.0,3.338,3.343,3.301
2026-02-27,159915,创业板ETF,3.301,4189212906.84,1270882079.0,3.31,3.317,3.283
2026-03-02,159915,创业板ETF,3.282,5551369278.544,1691759057.0,3.251,3.308,3.25
2026-03-03,159915,创业板ETF,3.205,5460114837.727,1675116860.0,3.303,3.32,3.198
2026-03-04,159915,创业板ETF,3.154,4453321263.303,1404622762.0,3.17,3.207,3.138
2026-03-05,159915,创业板ETF,3.206,5123994848.675,1591868255.0,3.216,3.254,3.183
2026-03-06,159915,创业板ETF,3.225,2755966767.95,859446068.0,3.191,3.238,3.169
2026-03-09,159915,创业板ETF,3.201,4311143643.948,1371918888.0,3.183,3.21,3.1
2026-03-10,159915,创业板ETF,3.296,4069373222.191,1240933559.0,3.267,3.298,3.252
2026-03-11,159915,创业板ETF,3.335,3585290331.082,1073178339.0,3.303,3.377,3.303
2026-03-12,159915,创业板ETF,3.308,2601723474.185,787646108.0,3.34,3.35,3.278
2026-03-13,159915,创业板ETF,3.3,2682651220.724,809791868.0,3.29,3.334,3.28
2026-03-16,159915,创业板ETF,3.349,3529085209.464,1065374425.0,3.308,3.35,3.275
2026-03-17,159915,创业板ETF,3.273,3853089118.117,1159777395.0,3.369,3.379,3.271
2026-03-18,159915,创业板ETF,3.338,3701559654.42,1120868025.0,3.293,3.341,3.265
2026-03-19,159915,创业板ETF,3.303,4139744623.703,1246934476.0,3.297,3.353,3.287
2026-03-20,159915,创业板ETF,3.341,6613612449.458,1959672859.0,3.337,3.417,3.337
2026-03-23,159915,创业板ETF,3.228,5505326627.788,1683293180.0,3.3,3.326,3.206
2026-03-24,159915,创业板ETF,3.237,4747716096.742,1481026692.0,3.275,3.277,3.145
2026-03-25,159915,创业板ETF,3.307,3885554464.343,1178836757.0,3.279,3.315,3.262
2026-03-26,159915,创业板ETF,3.263,3137106084.603,953041836.0,3.306,3.338,3.256
2026-03-27,159915,创业板ETF,3.293,3079351984.17,941177748.0,3.241,3.313,3.221
2026-03-30,159915,创业板ETF,3.264,3210679548.133,988480358.0,3.242,3.273,3.216
2026-03-31,159915,创业板ETF,3.182,4434723769.673,1379478960.0,3.248,3.272,3.178
2026-04-01,159915,创业板ETF,3.232,3666283809.55,1137456799.0,3.245,3.247,3.2
2026-04-02,159915,创业板ETF,3.164,3296758515.252,1035747386.0,3.224,3.224,3.148
2026-04-03,159915,创业板ETF,3.141,2326714624.862,735319582.0,3.182,3.189,3.139
2026-04-07,159915,创业板ETF,3.151,2361499071.31,749372436.0,3.153,3.173,3.125
2026-04-08,159915,创业板ETF,3.345,4785824705.834,1456939901.0,3.241,3.345,3.235
2026-04-09,159915,创业板ETF,3.32,2407159486.863,726721415.0,3.316,3.331,3.292
2026-04-10,159915,创业板ETF,3.437,4765722093.559,1393326433.0,3.339,3.462,3.339
2026-04-13,159915,创业板ETF,3.468,3606546237.848,1041762858.0,3.43,3.485,3.421
2026-04-14,159915,创业板ETF,3.55,3744100707.304,1063243629.0,3.501,3.552,3.484
2026-04-15,159915,创业板ETF,3.511,4785008636.285,1352469021.0,3.589,3.595,3.482
2026-04-16,159915,创业板ETF,3.624,5298080774.882,1479654181.0,3.522,3.624,3.511
2026-04-17,159915,创业板ETF,3.67,5489998910.635,1503305804.0,3.638,3.678,3.61
2026-04-20,159915,创业板ETF,3.672,5444544523.628,1485358840.0,3.657,3.689,3.636
2026-04-21,159915,创业板ETF,3.681,5051182322.518,1382838279.0,3.663,3.688,3.614
2026-04-22,159915,创业板ETF,3.758,6923895010.658,1861500562.0,3.66,3.761,3.66
2026-04-23,159915,创业板ETF,3.728,5446610050.463,1458092107.0,3.769,3.789,3.684
2026-04-24,159915,创业板ETF,3.674,6285359225.219,1712826513.0,3.689,3.704,3.63
2026-04-27,159915,创业板ETF,3.652,3519636450.21,960411127.0,3.68,3.691,3.643
2026-04-28,159915,创业板ETF,3.602,3998704631.168,1106101937.0,3.63,3.643,3.588
2026-04-29,159915,创业板ETF,3.694,3886447435.205,1064146064.0,3.585,3.7,3.578
2026-04-30,159915,创业板ETF,3.689,3710117031.458,1003983995.0,3.703,3.727,3.668
2026-05-06,159915,创业板ETF,3.786,7445851677.571,1963948718.0,3.763,3.824,3.733
2026-05-07,159915,创业板ETF,3.845,3408781901.032,894995493.0,3.814,3.849,3.769
2026-05-08,159915,创业板ETF,3.806,3704430721.104,969617959.0,3.811,3.851,3.796
2026-05-11,159915,创业板ETF,3.947,5237822670.85,1348822785.0,3.834,3.947,3.806
2026-05-12,159915,创业板ETF,3.94,4919168159.673,1248083142.0,3.952,3.966,3.907
2026-05-13,159915,创业板ETF,4.048,4827427703.022,1215009887.0,3.91,4.054,3.904
2026-05-14,159915,创业板ETF,3.961,5906571388.606,1471968793.0,4.092,4.104,3.948
2026-05-15,159915,创业板ETF,3.97,7510651174.562,1903600706.0,3.961,4.015,3.88
2026-05-18,159915,创业板ETF,3.923,5450614720.997,1387092169.0,3.912,3.971,3.892
2026-05-19,159915,创业板ETF,3.922,5712080576.183,1473240345.0,3.901,3.931,3.82
2026-05-20,159915,创业板ETF,3.932,4551859988.279,1160267846.0,3.895,3.959,3.895
2026-05-21,159915,创业板ETF,3.846,7219559132.685,1828414522.0,3.97,4.029,3.835
2026-05-22,159915,创业板ETF,3.946,5660833953.616,1447580004.0,3.877,3.959,3.866
2026-05-25,159915,创业板ETF,4.034,5436396959.877,1365032611.0,3.982,4.034,3.916
2026-05-26,159915,创业板ETF,4.055,6460251325.066,1602324564.0,4.012,4.07,3.997
2026-05-27,159915,创业板ETF,4.056,7161587254.754,1747333142.0,4.053,4.158,4.027
2026-05-28,159915,创业板ETF,4.138,5679123150.34,1401168181.0,4.039,4.148,3.984
2026-05-29,159915,创业板ETF,4.053,6627594234.918,1617188056.0,4.143,4.174,4.022
2026-06-01,159915,创业板ETF,3.964,5325031114.047,1322445104.0,4.047,4.094,3.956
2026-06-02,159915,创业板ETF,4.071,5968727719.571,1482175013.0,3.981,4.098,3.959
2026-06-03,159915,创业板ETF,4.145,6853479731.095,1649058134.0,4.095,4.23,4.076
2026-06-04,159915,创业板ETF,4.1,4344953805.909,1059912087.0,4.074,4.131,4.065
2026-06-05,159915,创业板ETF,3.977,5925661224.953,1466350474.0,4.083,4.122,3.947
2026-06-08,159915,创业板ETF,3.827,6918765209.041,1791638820.0,3.83,3.916,3.79
2026-06-09,159915,创业板ETF,3.972,6169162413.896,1578765256.0,3.877,3.975,3.836
2026-06-10,159915,创业板ETF,3.87,4932052567.099,1269815008.0,3.925,3.942,3.835
2026-06-11,159915,创业板ETF,3.83,5811234668.286,1513149151.0,3.843,3.925,3.77
2026-06-12,159915,创业板ETF,3.846,4861543972.63,1249608655.0,3.932,3.934,3.835
