date,code,name,close,amount,volume,open,high,low
2018-01-02,510300,沪深300ETF,3.478,695160731.0,168876561.0,3.428,3.48,3.425999999
2018-01-03,510300,沪深300ETF,3.5,527466330.0,126793328.0,3.478,3.528,3.473999999
2018-01-04,510300,沪深300ETF,3.513,384082441.0,92220709.0,3.5,3.521999999,3.492
2018-01-05,510300,沪深300ETF,3.529,531271769.0,127131673.0,3.521,3.539,3.507
2018-01-08,510300,沪深300ETF,3.545999999,443371348.0,105696705.0,3.528,3.556,3.515
2018-01-09,510300,沪深300ETF,3.58,455234072.0,107946072.0,3.545999999,3.582999999,3.539
2018-01-10,510300,沪深300ETF,3.598,614504154.0,144965698.0,3.576,3.602,3.563
2018-01-11,510300,沪深300ETF,3.592,417892590.0,98475059.0,3.590999999,3.598,3.574
2018-01-12,510300,沪深300ETF,3.614999999,441244227.0,103574919.0,3.592,3.619,3.587
2018-01-15,510300,沪深300ETF,3.606999999,674167931.0,157364726.0,3.614999999,3.652,3.603
2018-01-16,510300,沪深300ETF,3.65,528244298.0,123183954.0,3.606999999,3.653,3.602
2018-01-17,510300,沪深300ETF,3.637,684342130.0,158939722.0,3.651,3.669,3.622999999
2018-01-18,510300,沪深300ETF,3.665,540068089.0,125086310.0,3.643,3.678,3.64
2018-01-19,510300,沪深300ETF,3.677,948695895.0,218506460.0,3.667,3.707,3.664
2018-01-22,510300,沪深300ETF,3.732,609570931.0,139873365.0,3.664,3.735,3.664
2018-01-23,510300,沪深300ETF,3.776,692085166.0,158466266.0,3.741,3.777,3.738
2018-01-24,510300,沪深300ETF,3.779,707011909.0,161345725.0,3.776,3.788,3.744
2018-01-25,510300,沪深300ETF,3.751,675877088.0,154871983.0,3.776,3.778,3.729
2018-01-26,510300,沪深300ETF,3.773,431465307.0,98413154.0,3.738,3.802,3.733
2018-01-29,510300,沪深300ETF,3.69,928592912.0,214053187.0,3.783,3.788,3.679
2018-01-30,510300,沪深300ETF,3.646,692033502.0,161687140.0,3.68,3.698,3.643
2018-01-31,510300,沪深300ETF,3.659,710282987.0,166736854.0,3.634,3.673999999,3.628
2018-02-01,510300,沪深300ETF,3.628999999,1861964695.0,439073590.0,3.657999999,3.676,3.604
2018-02-02,510300,沪深300ETF,3.655,900347625.0,212796141.0,3.598,3.660999999,3.575999999
2018-02-05,510300,沪深300ETF,3.651,979154068.0,230839513.0,3.617,3.656,3.598
2018-02-06,510300,沪深300ETF,3.531,1306561662.0,313173133.0,3.588,3.601,3.524
2018-02-07,510300,沪深300ETF,3.433,1400842660.0,339517812.0,3.588,3.596999999,3.426999999
2018-02-08,510300,沪深300ETF,3.399999999,1257459010.0,312348562.0,3.428,3.46,3.369
2018-02-09,510300,沪深300ETF,3.215,1597192107.0,416837179.0,3.293,3.309,3.152
2018-02-12,510300,沪深300ETF,3.27,749100613.0,193558868.0,3.224,3.293,3.212
2018-02-13,510300,沪深300ETF,3.317,641207460.0,162462468.0,3.305,3.369,3.305
2018-02-14,510300,沪深300ETF,3.352,367327722.0,93035624.0,3.329,3.359,3.315
2018-02-22,510300,沪深300ETF,3.434,762189665.0,189064057.0,3.404,3.441,3.39
2018-02-23,510300,沪深300ETF,3.455999999,639724875.0,157657247.0,3.442,3.466,3.421
2018-02-26,510300,沪深300ETF,3.508,830732992.0,202772259.0,3.486,3.521,3.438
2018-02-27,510300,沪深300ETF,3.449,865489044.0,211823291.0,3.516,3.516999999,3.442999999
2018-02-28,510300,沪深300ETF,3.407999999,962934464.0,239224566.0,3.415999999,3.442999999,3.383
2018-03-01,510300,沪深300ETF,3.437,479103432.0,118636949.0,3.388,3.455,3.381
2018-03-02,510300,沪深300ETF,3.41,364642458.0,90614682.0,3.407999999,3.431,3.396
2018-03-05,510300,沪深300ETF,3.401,385767882.0,96012470.0,3.413,3.437,3.378
2018-03-06,510300,沪深300ETF,3.461,539875126.0,133593823.0,3.43,3.462,3.385
2018-03-07,510300,沪深300ETF,3.428,568031944.0,139728541.0,3.458,3.481,3.418999999
2018-03-08,510300,沪深300ETF,3.469,378638988.0,93207522.0,3.43,3.471,3.418999999
2018-03-09,510300,沪深300ETF,3.499,457659735.0,111687110.0,3.476,3.505,3.462
2018-03-12,510300,沪深300ETF,3.511,1217400451.0,294989163.0,3.519,3.535999999,3.505
2018-03-13,510300,沪深300ETF,3.466999999,588518518.0,143512766.0,3.508,3.515,3.465
2018-03-14,510300,沪深300ETF,3.453,492145660.0,120903364.0,3.458,3.473,3.449
2018-03-15,510300,沪深300ETF,3.482999999,408458352.0,100079431.0,3.447999999,3.486,3.439999999
2018-03-16,510300,沪深300ETF,3.438,360428554.0,88323264.0,3.478,3.493,3.437
2018-03-19,510300,沪深300ETF,3.46,328421749.0,80902013.0,3.437,3.463,3.417
2018-03-20,510300,沪深300ETF,3.458,306450965.0,75493600.0,3.447,3.47,3.422
2018-03-21,510300,沪深300ETF,3.437,527036026.0,129100272.0,3.474,3.502,3.428
2018-03-22,510300,沪深300ETF,3.401,396821608.0,98444017.0,3.444,3.457,3.391
2018-03-23,510300,沪深300ETF,3.282,1086361137.0,278976065.0,3.288,3.311,3.213
2018-03-26,510300,沪深300ETF,3.264,902528341.0,233957550.0,3.251,3.274,3.215
2018-03-27,510300,沪深300ETF,3.299,562269231.0,143793379.0,3.309,3.318,3.273
2018-03-28,510300,沪深300ETF,3.22,521665681.0,135099139.0,3.262,3.292,3.217
2018-03-29,510300,沪深300ETF,3.29,746819665.0,193453972.0,3.235,3.307,3.181
2018-03-30,510300,沪深300ETF,3.284,359636705.0,92303130.0,3.291,3.303,3.266
2018-04-02,510300,沪深300ETF,3.271,693287261.0,177505995.0,3.285,3.324,3.268
2018-04-03,510300,沪深300ETF,3.246,543351694.0,140985282.0,3.247,3.266,3.225
2018-04-04,510300,沪深300ETF,3.236,398759731.0,102878409.0,3.255,3.284,3.231
2018-04-09,510300,沪深300ETF,3.241,459331572.0,119199109.0,3.24,3.263,3.216
2018-04-10,510300,沪深300ETF,3.316,618424472.0,159073409.0,3.245,3.317,3.241
2018-04-11,510300,沪深300ETF,3.321,537937545.0,136495500.0,3.326,3.345,3.314
2018-04-12,510300,沪深300ETF,3.28,378606246.0,96730312.0,3.32,3.326,3.279
2018-04-13,510300,沪深300ETF,3.253,470493231.0,121246776.0,3.303,3.315,3.246
2018-04-16,510300,沪深300ETF,3.192,436296437.0,114159639.0,3.246,3.258,3.179
2018-04-17,510300,沪深300ETF,3.136,523630373.0,138299800.0,3.203,3.208,3.133
2018-04-18,510300,沪深300ETF,3.144,796578445.0,212567660.0,3.169,3.183,3.098
2018-04-19,510300,沪深300ETF,3.197,651728801.0,171495153.0,3.153,3.207,3.152
2018-04-20,510300,沪深300ETF,3.138,615887355.0,163178579.0,3.185,3.198,3.131
2018-04-23,510300,沪深300ETF,3.154,399919034.0,106409975.0,3.131,3.177,3.119
2018-04-24,510300,沪深300ETF,3.233,687344861.0,179486723.0,3.162,3.243,3.162
2018-04-25,510300,沪深300ETF,3.21,410074477.787,107213904.0,3.217,3.225,3.201
2018-04-26,510300,沪深300ETF,3.134,482929627.399,127956877.0,3.215,3.222,3.128
2018-04-27,510300,沪深300ETF,3.142,441623030.017,117876195.0,3.154,3.157,3.1
2018-05-02,510300,沪深300ETF,3.154,425241654.759,113098000.0,3.158,3.177,3.129
2018-05-03,510300,沪深300ETF,3.176,565842657.735,150087441.0,3.144,3.19,3.119
2018-05-04,510300,沪深300ETF,3.158,420677780.58,111229369.0,3.174,3.187,3.152
2018-05-07,510300,沪深300ETF,3.219,579308583.833,151975283.0,3.164,3.223,3.158
2018-05-08,510300,沪深300ETF,3.269,728175015.104,188264393.0,3.223,3.279,3.218
2018-05-09,510300,沪深300ETF,3.258,337422352.065,87267325.0,3.268,3.269,3.241
2018-05-10,510300,沪深300ETF,3.284,386259700.895,99489112.0,3.269,3.286,3.25
2018-05-11,510300,沪深300ETF,3.261,330549503.706,85096764.0,3.291,3.298,3.257
2018-05-14,510300,沪深300ETF,3.295,706411151.952,180928713.0,3.269,3.304,3.269
2018-05-15,510300,沪深300ETF,3.31,563948809.105,144488809.0,3.303,3.31,3.272
2018-05-16,510300,沪深300ETF,3.278,342418771.641,87803478.0,3.296,3.305,3.27
2018-05-17,510300,沪深300ETF,3.245,323714465.025,83591034.0,3.28,3.285,3.244
2018-05-18,510300,沪深300ETF,3.287,742237809.77,191679213.0,3.25,3.292,3.232
2018-05-21,510300,沪深300ETF,3.306,620802679.549,158257390.0,3.313,3.33,3.294
2018-05-22,510300,沪深300ETF,3.29,330057427.358,84688776.0,3.306,3.306,3.266
2018-05-23,510300,沪深300ETF,3.239,425876946.484,110004473.0,3.28,3.281,3.238
2018-05-24,510300,沪深300ETF,3.208,466989764.985,121639995.0,3.238,3.248,3.204
2018-05-25,510300,沪深300ETF,3.199,394358878.812,103168428.0,3.207,3.227,3.189
2018-05-28,510300,沪深300ETF,3.223,350526730.406,91613409.0,3.207,3.238,3.189
2018-05-29,510300,沪深300ETF,3.187,482554984.96,126385560.0,3.218,3.228,3.185
2018-05-30,510300,沪深300ETF,3.115,539595347.048,144032281.0,3.15,3.155,3.114
2018-05-31,510300,沪深300ETF,3.191,641624946.093,170193623.0,3.136,3.194,3.13
2018-06-01,510300,沪深300ETF,3.165,457363165.814,121025470.0,3.174,3.187,3.148
2018-06-04,510300,沪深300ETF,3.202,479680887.921,126079681.0,3.185,3.206,3.172
2018-06-05,510300,沪深300ETF,3.234,401237872.72,104885997.0,3.198,3.238,3.191
2018-06-06,510300,沪深300ETF,3.227,320637989.566,83502820.0,3.229,3.237,3.219
2018-06-07,510300,沪深300ETF,3.226,422900700.01,109814321.0,3.241,3.257,3.219
2018-06-08,510300,沪深300ETF,3.175,513530039.645,135333285.0,3.218,3.218,3.156
2018-06-11,510300,沪深300ETF,3.185,291013492.191,76834934.0,3.159,3.193,3.158
2018-06-12,510300,沪深300ETF,3.223,467011537.107,122168366.0,3.186,3.236,3.167
2018-06-13,510300,沪深300ETF,3.184,437627115.61,114881661.0,3.21,3.215,3.178
2018-06-14,510300,沪深300ETF,3.174,520482487.914,137252556.0,3.173,3.209,3.164
2018-06-15,510300,沪深300ETF,3.168,492809287.346,130340300.0,3.168,3.19,3.148
2018-06-19,510300,沪深300ETF,3.038,1292738872.528,351576108.0,3.143,3.143,2.999
2018-06-20,510300,沪深300ETF,3.038,904915504.682,249030285.0,3.025,3.055,2.993
2018-06-21,510300,沪深300ETF,3.008,1221213655.897,333719959.0,3.04,3.084,3.002
2018-06-22,510300,沪深300ETF,3.024,556599129.846,154260956.0,2.998,3.025,2.96
2018-06-25,510300,沪深300ETF,2.973,417813385.647,115424451.0,3.036,3.042,2.972
2018-06-26,510300,沪深300ETF,2.938,716286616.058,202340188.0,2.939,2.959,2.895
2018-06-27,510300,沪深300ETF,2.854,702852611.0,200894524.0,2.941,2.948,2.845
2018-06-28,510300,沪深300ETF,2.834,564116635.0,162531044.0,2.838,2.887,2.828
2018-06-29,510300,沪深300ETF,2.925,597021733.0,170604955.0,2.837,2.931,2.837
2018-07-02,510300,沪深300ETF,2.831,735873210.0,212198117.0,2.919,2.923,2.793
2018-07-03,510300,沪深300ETF,2.818,1233354152.0,361552434.0,2.83,2.841,2.737
2018-07-04,510300,沪深300ETF,2.782,433275639.0,126890878.0,2.811,2.828,2.777
2018-07-05,510300,沪深300ETF,2.754,584959041.0,172621249.0,2.783,2.815,2.748
2018-07-06,510300,沪深300ETF,2.783,795708989.0,235437839.0,2.76,2.819,2.718
2018-07-09,510300,沪深300ETF,2.882,795175061.0,229957247.0,2.798,2.885,2.798
2018-07-10,510300,沪深300ETF,2.891,508628683.0,145734481.0,2.888,2.895,2.857
2018-07-11,510300,沪深300ETF,2.833,670565340.0,195431757.0,2.828,2.848,2.787
2018-07-12,510300,沪深300ETF,2.916,731987742.0,208933958.0,2.831,2.934,2.829
2018-07-13,510300,沪深300ETF,2.922,468721618.0,132747563.0,2.917,2.931,2.905
2018-07-16,510300,沪深300ETF,2.907,445644461.0,126517900.0,2.919,2.947,2.894
2018-07-17,510300,沪深300ETF,2.885,424438862.0,121537372.0,2.903,2.907,2.858
2018-07-18,510300,沪深300ETF,2.869,447725445.0,127613656.0,2.89,2.923,2.868
2018-07-19,510300,沪深300ETF,2.871,496040524.0,141953100.0,2.887,2.91,2.856
2018-07-20,510300,沪深300ETF,2.938,678380244.0,193402166.0,2.869,2.953,2.842
2018-07-23,510300,沪深300ETF,2.961,617794895.0,173776124.0,2.918,2.97,2.908
2018-07-24,510300,沪深300ETF,3.027,946219416.0,260280530.0,2.969,3.045,2.969
2018-07-25,510300,沪深300ETF,3.026,734740073.0,202257308.0,3.028,3.033,3.009
2018-07-26,510300,沪深300ETF,2.979,560786022.0,155486234.0,3.023,3.037,2.97
2018-07-27,510300,沪深300ETF,2.97,314271002.0,87662456.0,2.974,2.992,2.958
2018-07-30,510300,沪深300ETF,2.95,571061222.0,159982013.0,2.969,2.995,2.932
2018-07-31,510300,沪深300ETF,2.963,377612133.0,105773714.0,2.945,2.982,2.941
2018-08-01,510300,沪深300ETF,2.883,955861968.0,269610753.0,2.983,2.997,2.882
2018-08-02,510300,沪深300ETF,2.805,928219556.0,270606239.0,2.872,2.875,2.766
2018-08-03,510300,沪深300ETF,2.757,570042885.0,167573565.0,2.804,2.818,2.756
2018-08-06,510300,沪深300ETF,2.722,745138907.0,222204999.0,2.757,2.788,2.701
2018-08-07,510300,沪深300ETF,2.815,760035075.0,225098060.0,2.728,2.817,2.711
2018-08-08,510300,沪深300ETF,2.765,671015987.0,197563683.0,2.809,2.81,2.751
2018-08-09,510300,沪深300ETF,2.846,786909755.0,229221996.0,2.763,2.857,2.751
2018-08-10,510300,沪深300ETF,2.852,476328436.0,137674358.0,2.841,2.87,2.824
2018-08-13,510300,沪深300ETF,2.837,585048476.0,170754010.0,2.818,2.846,2.78
2018-08-14,510300,沪深300ETF,2.822,333235953.0,97181092.0,2.834,2.839,2.8
2018-08-15,510300,沪深300ETF,2.74,511733358.0,151489700.0,2.82,2.822,2.733
2018-08-16,510300,沪深300ETF,2.726,693606301.0,207748996.0,2.718,2.765,2.68
2018-08-17,510300,沪深300ETF,2.675,599148758.0,180110413.0,2.75,2.754,2.666
2018-08-20,510300,沪深300ETF,2.71,675291674.775,204679525.0,2.683,2.713,2.658
2018-08-21,510300,沪深300ETF,2.767,782217697.469,232249206.0,2.709,2.784,2.709
2018-08-22,510300,沪深300ETF,2.761,392672641.786,116553337.0,2.773,2.773,2.744
2018-08-23,510300,沪深300ETF,2.771,828514161.158,245065534.0,2.763,2.791,2.733
2018-08-24,510300,沪深300ETF,2.776,686112193.15,203133054.0,2.765,2.804,2.737
2018-08-27,510300,沪深300ETF,2.861,771738583.897,224129105.0,2.783,2.862,2.783
2018-08-28,510300,沪深300ETF,2.851,496834086.583,143206281.0,2.862,2.872,2.841
2018-08-29,510300,沪深300ETF,2.838,456314437.315,132357316.0,2.847,2.851,2.829
2018-08-30,510300,沪深300ETF,2.804,559016733.189,162923699.0,2.838,2.856,2.798
2018-08-31,510300,沪深300ETF,2.778,506223122.409,149124071.0,2.79,2.812,2.76
2018-09-03,510300,沪深300ETF,2.771,474050718.547,140562775.0,2.774,2.783,2.739
2018-09-04,510300,沪深300ETF,2.811,596721022.032,174997837.0,2.77,2.826,2.758
2018-09-05,510300,沪深300ETF,2.741,661947226.599,195263963.0,2.798,2.804,2.74
2018-09-06,510300,沪深300ETF,2.712,713999170.316,213334039.0,2.739,2.766,2.702
2018-09-07,510300,沪深300ETF,2.734,620163732.406,185057798.0,2.722,2.772,2.701
2018-09-10,510300,沪深300ETF,2.686,530067963.0,160330584.0,2.721,2.731,2.682
2018-09-11,510300,沪深300ETF,2.674,741946470.58,225378210.0,2.687,2.702,2.662
2018-09-12,510300,沪深300ETF,2.651,675164145.0,206182200.0,2.673,2.679,2.647
2018-09-13,510300,沪深300ETF,2.686,853411395.0,259771423.0,2.684,2.703,2.645
2018-09-14,510300,沪深300ETF,2.691,579892804.0,175624021.0,2.69,2.703,2.676
2018-09-17,510300,沪深300ETF,2.66,378852956.0,115650820.0,2.673,2.679,2.652
2018-09-18,510300,沪深300ETF,2.723,781592572.0,236746841.0,2.649,2.727,2.648
2018-09-19,510300,沪深300ETF,2.768,1506129693.0,446329246.0,2.718,2.795,2.711
2018-09-20,510300,沪深300ETF,2.766,825539581.0,244090449.0,2.768,2.801,2.759
2018-09-21,510300,沪深300ETF,2.872,1638859067.0,477366017.0,2.776,2.874,2.765
2018-09-25,510300,沪深300ETF,2.837,720037973.0,208980617.0,2.835,2.846,2.818
2018-09-26,510300,沪深300ETF,2.875,1051659669.0,301578428.0,2.838,2.904,2.836
2018-09-27,510300,沪深300ETF,2.86,802583651.0,231202883.0,2.863,2.875,2.848
2018-09-28,510300,沪深300ETF,2.896,1056783601.0,302266815.0,2.865,2.9,2.861
2018-10-08,510300,沪深300ETF,2.729,1455777086.0,429904746.0,2.819,2.822,2.728
2018-10-09,510300,沪深300ETF,2.736,659150601.0,196570044.0,2.736,2.759,2.724
2018-10-10,510300,沪深300ETF,2.734,882335127.0,263664079.0,2.739,2.766,2.702
2018-10-11,510300,沪深300ETF,2.562,2150656828.0,667556837.0,2.638,2.66,2.538
2018-10-12,510300,沪深300ETF,2.621,1602829892.0,500732547.0,2.566,2.637,2.549
2018-10-15,510300,沪深300ETF,2.574,939523911.0,292629244.0,2.627,2.63,2.571
2018-10-16,510300,沪深300ETF,2.553,1573220157.0,493884019.0,2.578,2.616,2.541
2018-10-17,510300,沪深300ETF,2.564,2044127833.0,643736526.0,2.593,2.603,2.513
2018-10-18,510300,沪深300ETF,2.494,1856470334.0,593291440.0,2.543,2.553,2.493
2018-10-19,510300,沪深300ETF,2.573,2107742152.0,673105315.0,2.478,2.588,2.461
2018-10-22,510300,沪深300ETF,2.741,3089534700.0,934186388.0,2.638,2.758,2.588
2018-10-23,510300,沪深300ETF,2.628,2826511885.0,859975998.0,2.738,2.74,2.61
2018-10-24,510300,沪深300ETF,2.633,1729656791.0,530668997.0,2.624,2.697,2.617
2018-10-25,510300,沪深300ETF,2.649,1694329466.0,528384552.0,2.558,2.654,2.549
2018-10-26,510300,沪深300ETF,2.616,1458792282.0,449965791.0,2.656,2.673,2.591
2018-10-29,510300,沪深300ETF,2.519,1289984523.0,408324867.0,2.607,2.614,2.498
2018-10-30,510300,沪深300ETF,2.556,1725356929.0,546588034.0,2.509,2.59,2.496
2018-10-31,510300,沪深300ETF,2.593,1215577185.0,379812449.0,2.563,2.621,2.552
2018-11-01,510300,沪深300ETF,2.616,1684628651.0,517841018.0,2.629,2.668,2.61
2018-11-02,510300,沪深300ETF,2.751,2850227373.0,857183305.0,2.738,2.766,2.671
2018-11-05,510300,沪深300ETF,2.708,1498256838.0,451180900.0,2.728,2.732,2.674
2018-11-06,510300,沪深300ETF,2.687,1109603464.0,337071814.0,2.696,2.703,2.655
2018-11-07,510300,沪深300ETF,2.66,1293442439.0,392048742.0,2.69,2.724,2.657
2018-11-08,510300,沪深300ETF,2.657,1026631712.0,312186607.0,2.692,2.7,2.653
2018-11-09,510300,沪深300ETF,2.616,974269058.0,300641309.0,2.639,2.641,2.614
2018-11-12,510300,沪深300ETF,2.652,1126558732.0,347471891.0,2.608,2.657,2.603
2018-11-13,510300,沪深300ETF,2.686,1469919911.0,449938160.0,2.616,2.705,2.611
2018-11-14,510300,沪深300ETF,2.646,1117143888.0,341269217.0,2.676,2.685,2.638
2018-11-15,510300,沪深300ETF,2.689,1098160730.0,334424552.0,2.646,2.69,2.643
2018-11-16,510300,沪深300ETF,2.699,1376601906.0,415306733.0,2.694,2.732,2.666
2018-11-19,510300,沪深300ETF,2.736,1215420373.0,365042287.0,2.698,2.737,2.691
2018-11-20,510300,沪深300ETF,2.663,1261365697.0,382519118.0,2.714,2.722,2.652
2018-11-21,510300,沪深300ETF,2.666,945423662.0,289117040.0,2.633,2.674,2.631
2018-11-22,510300,沪深300ETF,2.657,1052449859.0,322232716.0,2.673,2.675,2.634
2018-11-23,510300,沪深300ETF,2.572,1182063370.0,367248738.0,2.651,2.654,2.568
2018-11-26,510300,沪深300ETF,2.577,1361422638.0,426056068.0,2.581,2.608,2.562
2018-11-27,510300,沪深300ETF,2.574,894557364.0,279828903.0,2.589,2.601,2.564
2018-11-28,510300,沪深300ETF,2.622,809476316.0,251727744.0,2.575,2.626,2.568
2018-11-29,510300,沪深300ETF,2.59,659013720.0,203787998.0,2.639,2.648,2.588
2018-11-30,510300,沪深300ETF,2.623,865231833.0,269127077.0,2.588,2.624,2.579
2018-12-03,510300,沪深300ETF,2.707,1967884137.0,592549035.0,2.715,2.727,2.68
2018-12-04,510300,沪深300ETF,2.712,730675740.0,220401803.0,2.702,2.717,2.69
2018-12-05,510300,沪深300ETF,2.697,890764781.0,269428273.0,2.676,2.716,2.672
2018-12-06,510300,沪深300ETF,2.63,1417004889.0,435470972.0,2.669,2.669,2.625
2018-12-07,510300,沪深300ETF,2.623,624489237.0,192426645.0,2.632,2.639,2.622
2018-12-10,510300,沪深300ETF,2.593,835086526.0,260128623.0,2.601,2.618,2.58
2018-12-11,510300,沪深300ETF,2.606,487594880.0,151831888.0,2.601,2.609,2.588
2018-12-12,510300,沪深300ETF,2.617,675103349.0,209047639.0,2.623,2.634,2.605
2018-12-13,510300,沪深300ETF,2.672,1369000784.0,417723230.0,2.623,2.687,2.618
2018-12-14,510300,沪深300ETF,2.615,974869577.0,300148418.0,2.661,2.662,2.612
2018-12-17,510300,沪深300ETF,2.611,1128489162.0,350731460.0,2.609,2.621,2.585
2018-12-18,510300,沪深300ETF,2.571,1047493725.0,327863254.0,2.595,2.618,2.558
2018-12-19,510300,沪深300ETF,2.538,922374195.0,291027768.0,2.574,2.581,2.531
2018-12-20,510300,沪深300ETF,2.515,1083554506.0,346518081.0,2.531,2.544,2.491
2018-12-21,510300,沪深300ETF,2.476,1192539194.0,386498126.0,2.507,2.509,2.456
2018-12-24,510300,沪深300ETF,2.483,745420761.0,241440710.0,2.465,2.486,2.454
2018-12-25,510300,沪深300ETF,2.464,1230561366.0,403131569.0,2.455,2.478,2.414
2018-12-26,510300,沪深300ETF,2.447,663819224.0,216459817.0,2.455,2.473,2.439
2018-12-27,510300,沪深300ETF,2.44,724428293.0,235347582.0,2.485,2.49,2.434
2018-12-28,510300,沪深300ETF,2.447,1192574438.0,389266656.0,2.446,2.475,2.434
2019-01-02,510300,沪深300ETF,2.405,1062967158.0,350934863.0,2.458,2.458,2.397
2019-01-03,510300,沪深300ETF,2.405,811656819.0,268176241.0,2.404,2.449,2.398
2019-01-04,510300,沪深300ETF,2.482,1465170852.0,479847743.0,2.389,2.484,2.385
2019-01-07,510300,沪深300ETF,2.495,1293817436.0,416831608.0,2.497,2.506,2.479
2019-01-08,510300,沪深300ETF,2.495,611718745.0,197084842.0,2.495,2.498,2.482
2019-01-09,510300,沪深300ETF,2.518,1385615363.0,439688193.0,2.507,2.567,2.506
2019-01-10,510300,沪深300ETF,2.521,776376036.0,247692317.0,2.517,2.542,2.502
2019-01-11,510300,沪深300ETF,2.544,791053147.0,251368241.0,2.519,2.553,2.517
2019-01-14,510300,沪深300ETF,2.517,638696708.0,203912053.0,2.543,2.543,2.51
2019-01-15,510300,沪深300ETF,2.576,1112566271.0,351830119.0,2.521,2.578,2.514
2019-01-16,510300,沪深300ETF,2.576,586525234.0,187728100.0,2.578,2.579,2.561
2019-01-17,510300,沪深300ETF,2.559,744200059.0,238176691.0,2.576,2.592,2.557
2019-01-18,510300,沪深300ETF,2.613,1226138122.0,388985926.0,2.568,2.622,2.568
2019-01-21,510300,沪深300ETF,2.63,908445491.0,285184899.0,2.613,2.647,2.61
2019-01-22,510300,沪深300ETF,2.59,801998520.0,254310704.0,2.624,2.624,2.582
2019-01-23,510300,沪深300ETF,2.582,708959829.0,225512623.0,2.582,2.609,2.574
2019-01-24,510300,沪深300ETF,2.606,800011755.0,254376976.0,2.586,2.614,2.565
2019-01-25,510300,沪深300ETF,2.63,867447674.0,272285916.0,2.609,2.65,2.609
2019-01-28,510300,沪深300ETF,2.626,950568916.0,296695511.0,2.644,2.676,2.618
2019-01-29,510300,沪深300ETF,2.64,1139850227.0,358790006.0,2.619,2.65,2.597
2019-01-30,510300,沪深300ETF,2.619,677812070.0,212926833.0,2.625,2.65,2.616
2019-01-31,510300,沪深300ETF,2.649,1068335725.0,334294802.0,2.631,2.663,2.625
2019-02-01,510300,沪深300ETF,2.702,1134007540.0,351264883.0,2.666,2.704,2.649
2019-02-11,510300,沪深300ETF,2.747,1267715658.0,387253735.0,2.692,2.752,2.679
2019-02-12,510300,沪深300ETF,2.771,1235580870.0,372881020.0,2.746,2.778,2.741
2019-02-13,510300,沪深300ETF,2.84,1439016760.0,427801646.0,2.776,2.857,2.77
2019-02-14,510300,沪深300ETF,2.844,1288823469.0,379756065.0,2.836,2.861,2.827
2019-02-15,510300,沪深300ETF,2.788,1507132013.0,447946854.0,2.828,2.842,2.783
2019-02-18,510300,沪深300ETF,2.885,1605204751.0,471106363.0,2.81,2.887,2.81
2019-02-19,510300,沪深300ETF,2.876,2336311876.0,678230531.0,2.892,2.918,2.858
2019-02-20,510300,沪深300ETF,2.885,2102498557.0,611614499.0,2.884,2.9,2.862
2019-02-21,510300,沪深300ETF,2.881,2191410162.0,635292922.0,2.886,2.935,2.865
2019-02-22,510300,沪深300ETF,2.973,2046074090.0,592121710.0,2.876,2.975,2.857
2019-02-25,510300,沪深300ETF,3.222,4191233265.0,1151319843.0,3.027,3.227,3.007
2019-02-26,510300,沪深300ETF,3.137,2911479206.0,782003578.0,3.191,3.205,3.12
2019-02-27,510300,沪深300ETF,3.117,2212624245.0,599435862.0,3.136,3.17,3.077
2019-02-28,510300,沪深300ETF,3.11,1697133454.0,462897908.0,3.116,3.134,3.09
2019-03-01,510300,沪深300ETF,3.185,2409031109.0,652737527.0,3.137,3.196,3.104
2019-03-04,510300,沪深300ETF,3.224,2509089921.0,660330540.0,3.217,3.325,3.197
2019-03-05,510300,沪深300ETF,3.256,1677260193.0,443103496.0,3.221,3.261,3.208
2019-03-06,510300,沪深300ETF,3.282,2208529318.0,580495917.0,3.256,3.297,3.221
2019-03-07,510300,沪深300ETF,3.24,2349302237.0,618420999.0,3.277,3.282,3.21
2019-03-08,510300,沪深300ETF,3.108,1984438722.0,536077631.0,3.161,3.207,3.098
2019-03-11,510300,沪深300ETF,3.157,1666485417.0,452305971.0,3.108,3.169,3.094
2019-03-12,510300,沪深300ETF,3.182,1992691910.0,530745016.0,3.185,3.24,3.155
2019-03-13,510300,沪深300ETF,3.16,1796583884.0,483233618.0,3.185,3.195,3.14
2019-03-14,510300,沪深300ETF,3.133,1340665788.0,362107924.0,3.152,3.178,3.115
2019-03-15,510300,沪深300ETF,3.182,1445462172.0,387005565.0,3.143,3.226,3.143
2019-03-18,510300,沪深300ETF,3.297,2172220321.0,571415655.0,3.183,3.299,3.172
2019-03-19,510300,沪深300ETF,3.269,1523709159.0,397086476.0,3.299,3.309,3.252
2019-03-20,510300,沪深300ETF,3.269,1250007722.0,327893321.0,3.265,3.293,3.227
2019-03-21,510300,沪深300ETF,3.271,1456872033.0,380012707.0,3.273,3.301,3.257
2019-03-22,510300,沪深300ETF,3.276,1152049537.0,302384437.0,3.27,3.284,3.219
2019-03-25,510300,沪深300ETF,3.181,1639701920.0,435950896.0,3.215,3.243,3.174
2019-03-26,510300,沪深300ETF,3.142,1190190240.0,320140031.0,3.195,3.205,3.125
2019-03-27,510300,沪深300ETF,3.174,1304048305.0,350739341.0,3.156,3.185,3.148
2019-03-28,510300,沪深300ETF,3.164,955866280.0,256884436.0,3.161,3.191,3.145
2019-03-29,510300,沪深300ETF,3.316,2426004332.0,634401638.0,3.172,3.325,3.172
2019-04-01,510300,沪深300ETF,3.416,2731589887.0,691035684.0,3.341,3.42,3.341
2019-04-02,510300,沪深300ETF,3.409,1522890283.0,383940043.0,3.418,3.435,3.393
2019-04-03,510300,沪深300ETF,3.461999999,2161151180.0,542017944.0,3.387,3.476,3.382
2019-04-04,510300,沪深300ETF,3.509,2110326811.0,521370108.0,3.474,3.519,3.453999999
2019-04-08,510300,沪深300ETF,3.482999999,3102817036.0,763948328.0,3.545,3.575,3.448
2019-04-09,510300,沪深300ETF,3.506999999,1502839356.0,371223765.0,3.489,3.522999999,3.468
2019-04-10,510300,沪深300ETF,3.513,1562381805.0,385994627.0,3.489,3.553,3.463
2019-04-11,510300,沪深300ETF,3.443,2018585322.0,502104128.0,3.513,3.530999999,3.42
2019-04-12,510300,沪深300ETF,3.429,1122866512.0,282398882.0,3.43,3.445,3.4
2019-04-15,510300,沪深300ETF,3.404,2903101545.0,722580318.0,3.490999999,3.521,3.403
2019-04-16,510300,沪深300ETF,3.524,2686061416.0,669085202.0,3.385,3.525999999,3.381
2019-04-17,510300,沪深300ETF,3.514,1701577295.0,418151517.0,3.522999999,3.544,3.489
2019-04-18,510300,沪深300ETF,3.506999999,1451119731.0,356951847.0,3.514,3.528,3.493
2019-04-19,510300,沪深300ETF,3.567,1866441120.0,457838576.0,3.509999999,3.567,3.476
2019-04-22,510300,沪深300ETF,3.464,2339510346.0,577508653.0,3.567,3.567,3.447
2019-04-23,510300,沪深300ETF,3.457,1418835091.0,353200067.0,3.452,3.498,3.441
2019-04-24,510300,沪深300ETF,3.463,1854784689.0,463122649.0,3.466,3.479,3.4
2019-04-25,510300,沪深300ETF,3.38,1504043079.0,378555556.0,3.447,3.457,3.378
2019-04-26,510300,沪深300ETF,3.326,2457759245.0,628809844.0,3.366,3.385,3.318
2019-04-29,510300,沪深300ETF,3.341,2184244009.0,559375577.0,3.335,3.392,3.318
2019-04-30,510300,沪深300ETF,3.343,1554463815.0,399260816.0,3.335,3.358,3.325
2019-05-06,510300,沪深300ETF,3.12,4499823765.0,1214522745.0,3.225,3.237,3.087
2019-05-07,510300,沪深300ETF,3.154,1790820380.0,483599688.0,3.135,3.178,3.114
2019-05-08,510300,沪深300ETF,3.106,1745381560.0,475372780.0,3.104,3.164,3.09
2019-05-09,510300,沪深300ETF,3.054,2001315076.0,554053021.0,3.082,3.099,3.016
2019-05-10,510300,沪深300ETF,3.167,2468212416.0,671996480.0,3.082,3.175,3.02
2019-05-13,510300,沪深300ETF,3.099,1560795956.0,425777021.0,3.132,3.135,3.089
2019-05-14,510300,沪深300ETF,3.081,1060006491.0,290068555.0,3.077,3.124,3.07
2019-05-15,510300,沪深300ETF,3.159,1320562727.0,357513759.0,3.109,3.187,3.109
2019-05-16,510300,沪深300ETF,3.177,919412280.0,247437408.0,3.154,3.182,3.138
2019-05-17,510300,沪深300ETF,3.093,1158993573.0,315390766.0,3.177,3.181,3.077
2019-05-20,510300,沪深300ETF,3.053,1400009998.0,388224753.0,3.081,3.091,3.023
2019-05-21,510300,沪深300ETF,3.098,1278867495.0,350382927.0,3.052,3.132,3.051
2019-05-22,510300,沪深300ETF,3.089,1032358159.0,283508032.0,3.101,3.11,3.067
2019-05-23,510300,沪深300ETF,3.031,1116377298.0,310608303.0,3.072,3.079,3.025
2019-05-24,510300,沪深300ETF,3.037,1076879362.0,299409208.0,3.033,3.07,3.02
2019-05-27,510300,沪深300ETF,3.08,1566298427.0,435101077.0,3.038,3.096,3.001
2019-05-28,510300,沪深300ETF,3.097,1405784020.0,385067256.0,3.075,3.125,3.072
2019-05-29,510300,沪深300ETF,3.099,1070983408.0,292852624.0,3.087,3.137,3.079
2019-05-30,510300,沪深300ETF,3.097,1107801233.0,305426373.0,3.093,3.101,3.054
2019-05-31,510300,沪深300ETF,3.079,1007992259.0,276030098.0,3.089,3.122,3.076
2019-06-03,510300,沪深300ETF,3.087,1205594361.0,330813060.0,3.092,3.129,3.06
2019-06-04,510300,沪深300ETF,3.054,1177428523.0,326322903.0,3.084,3.092,3.039
2019-06-05,510300,沪深300ETF,3.046,1189233603.0,328564451.0,3.079,3.087,3.043
2019-06-06,510300,沪深300ETF,3.015,1312429002.0,366067403.0,3.046,3.055,3.014
2019-06-10,510300,沪深300ETF,3.061,1210624406.0,335497545.0,3.027,3.082,3.024
2019-06-11,510300,沪深300ETF,3.174,1721944270.0,466796339.0,3.067,3.183,3.067
2019-06-12,510300,沪深300ETF,3.146,961944225.0,259724900.0,3.169,3.169,3.138
2019-06-13,510300,沪深300ETF,3.139,1109255185.0,301229173.0,3.142,3.158,3.107
2019-06-14,510300,沪深300ETF,3.117,1270771660.0,344513947.0,3.141,3.164,3.105
2019-06-17,510300,沪深300ETF,3.12,865085583.0,235206148.0,3.111,3.146,3.107
2019-06-18,510300,沪深300ETF,3.128,975436690.0,265370585.0,3.125,3.139,3.094
2019-06-19,510300,沪深300ETF,3.182,2366152485.0,628901479.0,3.219,3.254,3.179
2019-06-20,510300,沪深300ETF,3.29,2522649388.0,660928446.0,3.181,3.322,3.179
2019-06-21,510300,沪深300ETF,3.297,1626602097.0,421955172.0,3.302,3.327,3.28
2019-06-24,510300,沪深300ETF,3.303,1184601126.0,307454039.0,3.302,3.316,3.279
2019-06-25,510300,沪深300ETF,3.264,1926078217.0,505703429.0,3.302,3.302,3.217
2019-06-26,510300,沪深300ETF,3.265,915875695.0,240208406.0,3.242,3.277,3.237
2019-06-27,510300,沪深300ETF,3.307,1825070981.0,473076803.0,3.267,3.327,3.267
2019-06-28,510300,沪深300ETF,3.306,1485096138.0,386269026.0,3.307,3.307,3.276
2019-07-01,510300,沪深300ETF,3.401,2012117160.0,510266004.0,3.369,3.412,3.357
2019-07-02,510300,沪深300ETF,3.407,1319955759.0,333843577.0,3.401,3.413,3.384
2019-07-03,510300,沪深300ETF,3.374,989488521.0,251838500.0,3.398,3.398,3.359
2019-07-04,510300,沪深300ETF,3.348,1509568953.0,386021727.0,3.367,3.386,3.324
2019-07-05,510300,沪深300ETF,3.368,924064389.0,236203923.0,3.347,3.376,3.335
2019-07-08,510300,沪深300ETF,3.278,1625813687.0,422531310.0,3.35,3.35,3.247
2019-07-09,510300,沪深300ETF,3.269,835183233.0,218346083.0,3.283,3.291,3.253
2019-07-10,510300,沪深300ETF,3.27,667520298.0,174479315.0,3.282,3.295,3.257
2019-07-11,510300,沪深300ETF,3.271,900919956.0,234524437.0,3.285,3.319,3.257
2019-07-12,510300,沪深300ETF,3.302,947469654.0,246010770.0,3.268,3.317,3.266
2019-07-15,510300,沪深300ETF,3.316,1725285115.0,448461100.0,3.288,3.348,3.237
2019-07-16,510300,沪深300ETF,3.3,705319206.0,182887400.0,3.31,3.323,3.292
2019-07-17,510300,沪深300ETF,3.294,847318549.0,219966800.0,3.289,3.313,3.275
2019-07-18,510300,沪深300ETF,3.269,882753326.0,230549411.0,3.281,3.286,3.267
2019-07-19,510300,沪深300ETF,3.309,1235677325.0,319938127.0,3.279,3.33,3.279
2019-07-22,510300,沪深300ETF,3.279,1186817430.0,308863238.0,3.309,3.319,3.257
2019-07-23,510300,沪深300ETF,3.288,640637075.0,167029018.0,3.283,3.292,3.269
2019-07-24,510300,沪深300ETF,3.319,1154191782.0,297445389.0,3.301,3.347,3.299
2019-07-25,510300,沪深300ETF,3.354,908142115.0,233629586.0,3.318,3.355,3.313
2019-07-26,510300,沪深300ETF,3.359,1115742690.0,285790892.0,3.337,3.368,3.334
2019-07-29,510300,沪深300ETF,3.353,964260317.0,247102162.0,3.357,3.361,3.339
2019-07-30,510300,沪深300ETF,3.371,941746113.0,239654855.0,3.357,3.396,3.356
2019-07-31,510300,沪深300ETF,3.343,843556613.0,216422852.0,3.358,3.361,3.334
2019-08-01,510300,沪深300ETF,3.307,1206953804.0,312465662.0,3.326,3.335,3.292
2019-08-02,510300,沪深300ETF,3.248,1859709599.0,490613929.0,3.237,3.257,3.22
2019-08-05,510300,沪深300ETF,3.182,1331928152.0,354214662.0,3.232,3.238,3.177
2019-08-06,510300,沪深300ETF,3.143,2140168125.0,583702695.0,3.123,3.151,3.084
2019-08-07,510300,沪深300ETF,3.119,1029304079.0,278581169.0,3.152,3.158,3.115
2019-08-08,510300,沪深300ETF,3.173,1042883478.0,280984950.0,3.143,3.177,3.143
2019-08-09,510300,沪深300ETF,3.144,783418416.0,210963917.0,3.186,3.192,3.136
2019-08-12,510300,沪深300ETF,3.203,670864658.0,180115577.0,3.155,3.205,3.148
2019-08-13,510300,沪深300ETF,3.171,578461083.0,155348999.0,3.174,3.187,3.159
2019-08-14,510300,沪深300ETF,3.185,727773776.0,193700550.0,3.216,3.221,3.184
2019-08-15,510300,沪深300ETF,3.2,907979338.0,244306152.0,3.127,3.206,3.123
2019-08-16,510300,沪深300ETF,3.216,971656245.0,257412533.0,3.198,3.242,3.188
2019-08-19,510300,沪深300ETF,3.306,1254127715.0,327943205.0,3.245,3.307,3.227
2019-08-20,510300,沪深300ETF,3.29,796970858.0,206912094.0,3.298,3.312,3.288
2019-08-21,510300,沪深300ETF,3.289,931096029.0,242245207.0,3.288,3.299,3.283
2019-08-22,510300,沪深300ETF,3.297,1017422996.0,264778500.0,3.299,3.302,3.277
2019-08-23,510300,沪深300ETF,3.324,1106705439.0,285682076.0,3.3,3.339,3.29
2019-08-26,510300,沪深300ETF,3.281,1024561340.0,267490225.0,3.27,3.293,3.263
2019-08-27,510300,沪深300ETF,3.321,1423007683.0,366176008.0,3.296,3.361,3.294
2019-08-28,510300,沪深300ETF,3.309,672483876.0,173957985.0,3.32,3.33,3.3
2019-08-29,510300,沪深300ETF,3.298,899467510.0,233928253.0,3.314,3.316,3.275
2019-08-30,510300,沪深300ETF,3.308,1068497906.0,276281765.0,3.323,3.344,3.283
2019-09-02,510300,沪深300ETF,3.351,1177245792.0,301944194.0,3.306,3.37,3.305
2019-09-03,510300,沪深300ETF,3.355,903328007.0,231345288.0,3.357,3.361,3.34
2019-09-04,510300,沪深300ETF,3.404,1154462918.0,293760544.0,3.356,3.406,3.355
2019-09-05,510300,沪深300ETF,3.441,2116380664.0,527401698.0,3.418,3.495,3.418
2019-09-06,510300,沪深300ETF,3.468,1057696400.0,264029381.0,3.453999999,3.469999999,3.439
2019-09-09,510300,沪深300ETF,3.484,1140490057.0,282845401.0,3.495,3.504,3.464
2019-09-10,510300,沪深300ETF,3.473,678146853.0,168692850.0,3.481,3.487,3.452
2019-09-11,510300,沪深300ETF,3.444,1218851128.0,304195543.0,3.485,3.487,3.441
2019-09-12,510300,沪深300ETF,3.485,873683978.0,217205516.0,3.457,3.495,3.450999999
2019-09-16,510300,沪深300ETF,3.471,731512753.0,181849801.0,3.493,3.493999999,3.450999999
2019-09-17,510300,沪深300ETF,3.398,1515230656.0,381079011.0,3.465,3.466,3.386
2019-09-18,510300,沪深300ETF,3.415,798496633.0,201031097.0,3.413,3.432,3.406
2019-09-19,510300,沪深300ETF,3.434,962786617.0,242177803.0,3.431,3.435,3.403
2019-09-20,510300,沪深300ETF,3.44,928123393.0,232504313.0,3.441,3.450999999,3.432
2019-09-23,510300,沪深300ETF,3.405,1144938516.0,289892128.0,3.429,3.43,3.383
2019-09-24,510300,沪深300ETF,3.408,840079465.0,211482034.0,3.407,3.444,3.401
2019-09-25,510300,沪深300ETF,3.381,927174175.0,234976431.0,3.401,3.405,3.379
2019-09-26,510300,沪深300ETF,3.354,1245839973.0,317094917.0,3.396,3.405,3.351
2019-09-27,510300,沪深300ETF,3.363,1047443010.0,267734088.0,3.36,3.37,3.347
2019-09-30,510300,沪深300ETF,3.316,1025545904.0,263288381.0,3.357,3.366,3.311
2019-10-08,510300,沪深300ETF,3.341,1261877855.0,323423873.0,3.321,3.368,3.321
2019-10-09,510300,沪深300ETF,3.352,975532606.0,250789659.0,3.332,3.354,3.31
2019-10-10,510300,沪深300ETF,3.38,925785531.0,236335248.0,3.35,3.387,3.336
2019-10-11,510300,沪深300ETF,3.428,1211436364.0,306020073.0,3.388,3.44,3.374
2019-10-14,510300,沪深300ETF,3.457,1591550456.0,395654617.0,3.449,3.497,3.445
2019-10-15,510300,沪深300ETF,3.444,1180542819.0,295000513.0,3.456,3.461,3.442
2019-10-16,510300,沪深300ETF,3.43,1257411220.0,314366343.0,3.449,3.477999999,3.427
2019-10-17,510300,沪深300ETF,3.436,772383216.0,193642784.0,3.434,3.449,3.424
2019-10-18,510300,沪深300ETF,3.378,1219432835.0,308143071.0,3.438,3.453,3.368
2019-10-21,510300,沪深300ETF,3.387,727143485.0,184939266.0,3.369,3.39,3.364
2019-10-22,510300,沪深300ETF,3.402,647323688.0,164134229.0,3.395,3.411,3.377
2019-10-23,510300,沪深300ETF,3.381,582892945.0,147826200.0,3.403,3.408,3.369
2019-10-24,510300,沪深300ETF,3.386,795479683.0,202167106.0,3.382,3.401,3.36
2019-10-25,510300,沪深300ETF,3.41,985865186.0,250290767.0,3.38,3.415,3.356
2019-10-28,510300,沪深300ETF,3.433,1063994683.0,267434287.0,3.417,3.439,3.409
2019-10-29,510300,沪深300ETF,3.42,833722137.0,209553585.0,3.436,3.436,3.416
2019-10-30,510300,沪深300ETF,3.394,1038323004.0,262846100.0,3.413,3.417,3.386
2019-10-31,510300,沪深300ETF,3.392,762011573.0,192782765.0,3.403,3.412,3.383
2019-11-01,510300,沪深300ETF,3.473,1281238312.0,320651363.0,3.387,3.474,3.381
2019-11-04,510300,沪深300ETF,3.485999999,952642394.0,235968262.0,3.472,3.493999999,3.469999999
2019-11-05,510300,沪深300ETF,3.509,1435062389.0,352935688.0,3.485999999,3.548,3.479
2019-11-06,510300,沪深300ETF,3.492,835011380.0,205938945.0,3.506999999,3.513,3.48
2019-11-07,510300,沪深300ETF,3.497,963751239.0,237722500.0,3.492,3.521,3.48
2019-11-08,510300,沪深300ETF,3.481,1205845626.0,297216299.0,3.527,3.530999999,3.477
2019-11-11,510300,沪深300ETF,3.414,1383687075.0,347068934.0,3.46,3.46,3.407
2019-11-12,510300,沪深300ETF,3.409,1306746070.0,330054660.0,3.409,3.426,3.385
2019-11-13,510300,沪深300ETF,3.406,798607025.0,202016501.0,3.404,3.412,3.389
2019-11-14,510300,沪深300ETF,3.409,945812675.0,238587713.0,3.406,3.423,3.399
2019-11-15,510300,沪深300ETF,3.39,742722417.0,187791494.0,3.41,3.426,3.387
2019-11-18,510300,沪深300ETF,3.418,953614222.0,240875274.0,3.388,3.425,3.379
2019-11-19,510300,沪深300ETF,3.458,950390311.0,237888988.0,3.416,3.46,3.41
2019-11-20,510300,沪深300ETF,3.417,863321146.0,216610292.0,3.457,3.457,3.406
2019-11-21,510300,沪深300ETF,3.397,967498735.0,244840685.0,3.407,3.414,3.384
2019-11-22,510300,沪深300ETF,3.355,1395855015.0,354707168.0,3.406,3.433,3.341
2019-11-25,510300,沪深300ETF,3.383,990424084.0,252457634.0,3.362,3.384,3.35
2019-11-26,510300,沪深300ETF,3.389,1126251532.0,285821518.0,3.394,3.403,3.371
2019-11-27,510300,沪深300ETF,3.383,831877049.0,211239168.0,3.387,3.401,3.368
2019-11-28,510300,沪深300ETF,3.377,666322581.0,169480950.0,3.383,3.399,3.364
2019-11-29,510300,沪深300ETF,3.334,1180162224.0,302917100.0,3.369,3.375,3.315
2019-12-02,510300,沪深300ETF,3.342,680076866.0,174355701.0,3.338,3.358,3.334
2019-12-03,510300,沪深300ETF,3.358,772475070.0,198551900.0,3.333,3.36,3.317
2019-12-04,510300,沪深300ETF,3.36,620313854.0,158939610.0,3.347,3.361,3.335
2019-12-05,510300,沪深300ETF,3.389,862802159.0,219206401.0,3.368,3.396,3.367
2019-12-06,510300,沪深300ETF,3.413,841690001.0,213076953.0,3.391,3.414,3.386
2019-12-09,510300,沪深300ETF,3.4,918540389.0,232220816.0,3.413,3.422,3.389
2019-12-10,510300,沪深300ETF,3.403,738991639.0,186995451.0,3.393,3.408,3.388
2019-12-11,510300,沪深300ETF,3.409,663923736.0,170498912.0,3.411,3.413,3.392
2019-12-12,510300,沪深300ETF,3.398,533964092.0,137151900.0,3.41,3.413,3.394
2019-12-13,510300,沪深300ETF,3.477,1721558479.0,436082930.0,3.433,3.484,3.432
2019-12-16,510300,沪深300ETF,3.489,1201480497.0,302848303.0,3.476,3.497,3.46
2019-12-17,510300,沪深300ETF,3.551,2117785566.0,525630459.0,3.487,3.576999999,3.483
2019-12-18,510300,沪深300ETF,3.536,1467298741.0,363117684.0,3.552,3.566,3.531
2019-12-19,510300,沪深300ETF,3.528999999,1062562557.0,264192000.0,3.539,3.542,3.520999999
2019-12-20,510300,沪深300ETF,3.525,1323871265.0,328779836.0,3.528,3.555,3.523
2019-12-23,510300,沪深300ETF,3.473,1788105548.0,447144760.0,3.523999999,3.541,3.471
2019-12-24,510300,沪深300ETF,3.494,1244533039.0,312792100.0,3.474,3.502,3.473
2019-12-25,510300,沪深300ETF,3.501,1237399739.0,310578426.0,3.494,3.506,3.482
2019-12-26,510300,沪深300ETF,3.53,1331523237.0,332255940.0,3.498,3.535,3.496
2019-12-27,510300,沪深300ETF,3.526,1766178612.0,436813014.0,3.534,3.576999999,3.525
2019-12-30,510300,沪深300ETF,3.584,2198624414.0,542381449.0,3.515,3.597,3.509
2019-12-31,510300,沪深300ETF,3.605,1437559663.0,352185905.0,3.578,3.608,3.571
2020-01-02,510300,沪深300ETF,3.658,2603983236.0,627623614.0,3.629,3.683,3.627
2020-01-03,510300,沪深300ETF,3.648,1948030083.0,469673776.0,3.664999999,3.671,3.642
2020-01-06,510300,沪深300ETF,3.632,2760524448.0,666504783.0,3.635,3.68,3.603
2020-01-07,510300,沪深300ETF,3.664,1927362283.0,464959514.0,3.643,3.669,3.637
2020-01-08,510300,沪深300ETF,3.623,2321782204.0,562852067.0,3.644,3.658,3.606
2020-01-09,510300,沪深300ETF,3.667,1636905845.0,394431722.0,3.647,3.674,3.643
2020-01-10,510300,沪深300ETF,3.666,1576677929.0,379555000.0,3.674,3.685,3.653
2020-01-13,510300,沪深300ETF,3.711,1558366390.0,373639185.0,3.664999999,3.714,3.65
2020-01-14,510300,沪深300ETF,3.693,1723090045.0,409962842.0,3.711,3.731,3.688999999
2020-01-15,510300,沪深300ETF,3.661,1330016015.0,319607409.0,3.693,3.699,3.653999999
2020-01-16,510300,沪深300ETF,3.655,1726422321.0,416297801.0,3.668,3.672,3.644
2020-01-17,510300,沪深300ETF,3.66,1335598763.0,321627384.0,3.661,3.684,3.645999999
2020-01-20,510300,沪深300ETF,3.69,1472153087.0,353488249.0,3.664999999,3.692,3.651
2020-01-21,510300,沪深300ETF,3.614,2548564521.0,618294600.0,3.672,3.672,3.608999999
2020-01-22,510300,沪深300ETF,3.628,3709564742.0,907393261.0,3.598,3.642,3.543
2020-01-23,510300,沪深300ETF,3.505,3042046038.0,753583400.0,3.59,3.599,3.465
2020-02-03,510300,沪深300ETF,3.168,5431562760.0,1471075772.0,3.239,3.245,3.145
2020-02-04,510300,沪深300ETF,3.279,2749866008.0,735843705.0,3.159,3.285,3.158
2020-02-05,510300,沪深300ETF,3.316,2109910834.0,553287488.0,3.293,3.364,3.277
2020-02-06,510300,沪深300ETF,3.406,2038967051.0,527965212.0,3.332,3.422,3.306
2020-02-07,510300,沪深300ETF,3.397,1340754089.0,346989051.0,3.379,3.401,3.353
2020-02-10,510300,沪深300ETF,3.41,1549146625.0,398519147.0,3.377,3.419,3.36
2020-02-11,510300,沪深300ETF,3.452,1663318182.0,422258801.0,3.418,3.469,3.416
2020-02-12,510300,沪深300ETF,3.48,1150842638.0,290783451.0,3.448,3.486,3.439
2020-02-13,510300,沪深300ETF,3.459,1290560943.0,325961046.0,3.479,3.494,3.447
2020-02-14,510300,沪深300ETF,3.486,1247221633.0,313979347.0,3.454,3.504,3.452
2020-02-17,510300,沪深300ETF,3.573,2345003457.0,581140084.0,3.495,3.579,3.495
2020-02-18,510300,沪深300ETF,3.547999999,2867046795.0,709950982.0,3.566,3.571,3.520999999
2020-02-19,510300,沪深300ETF,3.549,1783390983.0,440377238.0,3.544999999,3.578,3.538
2020-02-20,510300,沪深300ETF,3.64,2472181763.0,605241099.0,3.563999999,3.653,3.547999999
2020-02-21,510300,沪深300ETF,3.653999999,1839049777.0,444470153.0,3.632,3.687,3.626
2020-02-24,510300,沪深300ETF,3.621,1532512765.0,372727289.0,3.632,3.645,3.591
2020-02-25,510300,沪深300ETF,3.613,2459159333.0,603830762.0,3.56,3.624999999,3.520999999
2020-02-26,510300,沪深300ETF,3.579,2617010934.0,641793391.0,3.573,3.627,3.557
2020-02-27,510300,沪深300ETF,3.579999999,1938047426.0,475330532.0,3.592,3.606,3.57
2020-02-28,510300,沪深300ETF,3.442,2224760713.0,560071042.0,3.519,3.528,3.433
2020-03-02,510300,沪深300ETF,3.584999999,1721101323.0,426683708.0,3.457,3.599,3.457
2020-03-03,510300,沪深300ETF,3.582,1677225022.0,408776061.0,3.626,3.648,3.563999999
2020-03-04,510300,沪深300ETF,3.611,1204615735.0,295453297.0,3.574,3.613,3.557
2020-03-05,510300,沪深300ETF,3.709,2282136998.0,547831292.0,3.66,3.717,3.62
2020-03-06,510300,沪深300ETF,3.63,1035853463.0,249987730.0,3.676,3.677999999,3.626
2020-03-09,510300,沪深300ETF,3.499,1701717889.0,423642354.0,3.576999999,3.576999999,3.49
2020-03-10,510300,沪深300ETF,3.587,3457073174.0,859648156.0,3.501,3.597,3.452
2020-03-11,510300,沪深300ETF,3.52,2845979722.0,703269381.0,3.587,3.587,3.518
2020-03-12,510300,沪深300ETF,3.457,1531041364.0,388119218.0,3.482,3.484,3.428
2020-03-13,510300,沪深300ETF,3.398,2753021876.0,717892899.0,3.342,3.439,3.259
2020-03-16,510300,沪深300ETF,3.235,2168080979.0,571080084.0,3.394,3.394,3.225
2020-03-17,510300,沪深300ETF,3.202,3645999364.0,985255849.0,3.268,3.297,3.124
2020-03-18,510300,沪深300ETF,3.14,2903199190.0,783304767.0,3.215,3.272,3.135
2020-03-19,510300,沪深300ETF,3.105,4456146356.0,1248163833.0,3.143,3.156,3.001
2020-03-20,510300,沪深300ETF,3.153,2456318768.0,678689518.0,3.121,3.166,3.091
2020-03-23,510300,沪深300ETF,3.035,2858519649.0,807278071.0,3.049,3.091,3.022
2020-03-24,510300,沪深300ETF,3.12,2993488749.0,832898539.0,3.098,3.132,3.045
2020-03-25,510300,沪深300ETF,3.215,3732548148.0,1010083600.0,3.202,3.23,3.179
2020-03-26,510300,沪深300ETF,3.192,1314493551.0,355654180.0,3.192,3.231,3.179
2020-03-27,510300,沪深300ETF,3.209,1829774379.0,491544293.0,3.238,3.263,3.207
2020-03-30,510300,沪深300ETF,3.175,1817215400.0,497134429.0,3.168,3.194,3.139
2020-03-31,510300,沪深300ETF,3.178,1377646905.0,374003032.0,3.212,3.215,3.169
2020-04-01,510300,沪深300ETF,3.182,1309936605.0,355438884.0,3.173,3.232,3.163
2020-04-02,510300,沪深300ETF,3.232,1702317215.0,463048932.0,3.167,3.237,3.15
2020-04-03,510300,沪深300ETF,3.206,1202415071.0,324717000.0,3.219,3.233,3.192
2020-04-07,510300,沪深300ETF,3.289,2064202708.0,546740521.0,3.269,3.302,3.267
2020-04-08,510300,沪深300ETF,3.274,835369077.0,221917490.0,3.275,3.288,3.261
2020-04-09,510300,沪深300ETF,3.285,1241868021.0,328543624.0,3.29,3.297,3.279
2020-04-10,510300,沪深300ETF,3.273,1752635038.0,464247186.0,3.285,3.321,3.255
2020-04-13,510300,沪深300ETF,3.252,923357829.0,246696932.0,3.259,3.267,3.241
2020-04-14,510300,沪深300ETF,3.314,1423412717.0,376124777.0,3.269,3.317,3.264
2020-04-15,510300,沪深300ETF,3.292,907994642.0,239200804.0,3.314,3.323,3.29
2020-04-16,510300,沪深300ETF,3.294,859202032.0,227317249.0,3.279,3.306,3.275
2020-04-17,510300,沪深300ETF,3.328,2183824470.0,570480887.0,3.323,3.354,3.319
2020-04-20,510300,沪深300ETF,3.344,1463235135.0,382296046.0,3.335,3.345,3.322
2020-04-21,510300,沪深300ETF,3.304,1110170605.0,292757173.0,3.329,3.334,3.279
2020-04-22,510300,沪深300ETF,3.338,1313936907.0,345671032.0,3.288,3.339,3.281
2020-04-23,510300,沪深300ETF,3.331,771450450.0,201520738.0,3.341,3.351,3.321
2020-04-24,510300,沪深300ETF,3.299,1159836790.0,305829499.0,3.316,3.321,3.287
2020-04-27,510300,沪深300ETF,3.316,1180911446.0,309460942.0,3.301,3.342,3.296
2020-04-28,510300,沪深300ETF,3.34,1614577806.0,422865548.0,3.329,3.353,3.265
2020-04-29,510300,沪深300ETF,3.36,1069637523.0,277834908.0,3.335,3.374,3.332
2020-04-30,510300,沪深300ETF,3.417,2059990937.0,527998051.0,3.374,3.425,3.372
2020-05-06,510300,沪深300ETF,3.427,1490004472.0,383453463.0,3.374,3.435,3.369
2020-05-07,510300,沪深300ETF,3.42,1073971198.0,274638833.0,3.427,3.434,3.408
2020-05-08,510300,沪深300ETF,3.462,1464209061.0,370674288.0,3.438,3.481,3.436
2020-05-11,510300,沪深300ETF,3.455,1634097108.0,412309647.0,3.468,3.501,3.444
2020-05-12,510300,沪深300ETF,3.454,2310845675.0,586605193.0,3.456,3.469,3.426
2020-05-13,510300,沪深300ETF,3.463,1096626960.0,278396942.0,3.442,3.469,3.429
2020-05-14,510300,沪深300ETF,3.43,1178568299.0,300179639.0,3.449,3.449,3.426
2020-05-15,510300,沪深300ETF,3.411,2129155229.0,543570346.0,3.437,3.449,3.41
2020-05-18,510300,沪深300ETF,3.423,1184460537.0,302052954.0,3.41,3.447,3.401
2020-05-19,510300,沪深300ETF,3.452,1096942157.0,278121100.0,3.459,3.466,3.441
2020-05-20,510300,沪深300ETF,3.436,777073054.0,197561843.0,3.449,3.453,3.429
2020-05-21,510300,沪深300ETF,3.41,926829389.0,236523366.0,3.442,3.449,3.408
2020-05-22,510300,沪深300ETF,3.324,2048425731.0,532861629.0,3.407,3.407,3.322
2020-05-25,510300,沪深300ETF,3.326,955690447.0,250559675.0,3.321,3.338,3.306
2020-05-26,510300,沪深300ETF,3.372,1829472410.0,475110838.0,3.343,3.375,3.343
2020-05-27,510300,沪深300ETF,3.354,889357448.0,231199608.0,3.372,3.373,3.342
2020-05-28,510300,沪深300ETF,3.359,1093611518.0,284073116.0,3.356,3.393,3.324
2020-05-29,510300,沪深300ETF,3.375,966708845.0,250919820.0,3.339,3.378,3.332
2020-06-01,510300,沪深300ETF,3.477,1385589758.0,350928902.0,3.407,3.485,3.404
2020-06-02,510300,沪深300ETF,3.488,647069165.0,162838185.0,3.477,3.498,3.469
2020-06-03,510300,沪深300ETF,3.487,1461404414.0,365752469.0,3.507,3.528999999,3.485
2020-06-04,510300,沪深300ETF,3.489,1119665735.0,281384424.0,3.5,3.504,3.474
2020-06-05,510300,沪深300ETF,3.512,801832963.0,201359632.0,3.488,3.512999999,3.474
2020-06-08,510300,沪深300ETF,3.531,1149881973.0,285603662.0,3.528999999,3.555999999,3.520999999
2020-06-09,510300,沪深300ETF,3.558,1189397524.0,294492489.0,3.533,3.559,3.522
2020-06-10,510300,沪深300ETF,3.549,1285096270.0,318357157.0,3.554,3.555,3.536
2020-06-11,510300,沪深300ETF,3.512,1226496439.0,305193298.0,3.542,3.559,3.493
2020-06-12,510300,沪深300ETF,3.522,1230613931.0,309073335.0,3.471,3.531999999,3.451
2020-06-15,510300,沪深300ETF,3.465,1117257834.0,280526100.0,3.491,3.518,3.464
2020-06-16,510300,沪深300ETF,3.527,992947047.0,247695273.0,3.504,3.528,3.5
2020-06-17,510300,沪深300ETF,3.531,1118948762.0,279025595.0,3.528999999,3.531999999,3.505
2020-06-18,510300,沪深300ETF,3.562,1385004401.0,343002705.0,3.522,3.563999999,3.514
2020-06-19,510300,沪深300ETF,3.614,1514130382.0,369563643.0,3.559,3.634,3.559
2020-06-22,510300,沪深300ETF,3.618,2146227183.0,521244200.0,3.614,3.648999999,3.606
2020-06-23,510300,沪深300ETF,3.637,1638145515.0,398167830.0,3.608999999,3.642,3.595
2020-06-24,510300,沪深300ETF,3.672999999,1899221459.0,457942198.0,3.647,3.676,3.645
2020-06-29,510300,沪深300ETF,3.637,876863744.0,212654964.0,3.659,3.669,3.615
2020-06-30,510300,沪深300ETF,3.687,2264019132.0,542468494.0,3.656999999,3.701,3.655
2020-07-01,510300,沪深300ETF,3.781,2425293927.0,574064113.0,3.696,3.785,3.692
2020-07-02,510300,沪深300ETF,3.879,2380221137.0,550437787.0,3.778999999,3.884,3.772
2020-07-03,510300,沪深300ETF,3.966,2583513174.0,586768714.0,3.895,3.973,3.878
2020-07-06,510300,沪深300ETF,4.293,4319345422.0,929317489.0,4.036,4.308,4.017
2020-07-07,510300,沪深300ETF,4.245,5140703744.0,1074501897.0,4.33,4.359,4.233
2020-07-08,510300,沪深300ETF,4.307,4300342496.0,903486859.0,4.243,4.347,4.217
2020-07-09,510300,沪深300ETF,4.381,3104867386.0,642434179.0,4.305,4.393,4.269
2020-07-10,510300,沪深300ETF,4.294,2719824198.0,564416770.0,4.347,4.366,4.272
2020-07-13,510300,沪深300ETF,4.394,4008141929.0,824378259.0,4.291,4.436,4.286
2020-07-14,510300,沪深300ETF,4.351,3569719096.0,737641416.0,4.386,4.408,4.274
2020-07-15,510300,沪深300ETF,4.293,3200591192.0,662402942.0,4.369,4.404,4.274
2020-07-16,510300,沪深300ETF,4.065,6024138887.0,1289918063.0,4.299,4.337,4.059
2020-07-17,510300,沪深300ETF,4.114,4154619226.0,904292349.0,4.079,4.163,4.05
2020-07-20,510300,沪深300ETF,4.236,3384863206.0,724976202.0,4.156,4.249,4.094
2020-07-21,510300,沪深300ETF,4.248,2204859169.0,465350652.0,4.258,4.273,4.22
2020-07-22,510300,沪深300ETF,4.301,3385495850.0,705437207.0,4.241,4.365,4.237
2020-07-23,510300,沪深300ETF,4.275,2037385932.0,430577055.0,4.251,4.298,4.171
2020-07-24,510300,沪深300ETF,4.063,3002698170.0,648282022.0,4.235,4.251,4.036
2020-07-27,510300,沪深300ETF,4.091,1424772722.0,311101401.0,4.092,4.125,4.046
2020-07-28,510300,沪深300ETF,4.126,1726997386.0,374257289.0,4.124,4.15,4.096
2020-07-29,510300,沪深300ETF,4.258,2295204610.0,488385416.0,4.114,4.262,4.108
2020-07-30,510300,沪深300ETF,4.223,1407409977.0,297474433.0,4.259,4.266,4.218
2020-07-31,510300,沪深300ETF,4.259,2461206603.0,518524684.0,4.219,4.318,4.181
2020-08-03,510300,沪深300ETF,4.334,2085189584.0,434393304.0,4.299,4.338,4.281
2020-08-04,510300,沪深300ETF,4.338,1504562149.0,311402501.0,4.358,4.372,4.313
2020-08-05,510300,沪深300ETF,4.34,1444229400.0,300697444.0,4.331,4.354,4.27
2020-08-06,510300,沪深300ETF,4.322,1078135870.0,224666976.0,4.34,4.361,4.256
2020-08-07,510300,沪深300ETF,4.274,1633338710.0,343055100.0,4.312,4.314,4.209
2020-08-10,510300,沪深300ETF,4.29,1145210281.0,240425812.0,4.242,4.327,4.204
2020-08-11,510300,沪深300ETF,4.243,1192172419.0,248052945.0,4.294,4.36,4.235
2020-08-12,510300,沪深300ETF,4.211,1982239077.0,424060538.0,4.234,4.249,4.131
2020-08-13,510300,沪深300ETF,4.196,929510040.0,197805792.0,4.224,4.233,4.187
2020-08-14,510300,沪深300ETF,4.287,2003224522.0,422185608.0,4.197,4.289,4.179
2020-08-17,510300,沪深300ETF,4.386,2736783499.0,563474986.0,4.307,4.419,4.292
2020-08-18,510300,沪深300ETF,4.379,1701347304.0,349311764.0,4.391,4.401,4.353
2020-08-19,510300,沪深300ETF,4.303,1960455849.0,405819093.0,4.376,4.38,4.3
2020-08-20,510300,沪深300ETF,4.252,1635643695.0,344280792.0,4.279,4.29,4.232
2020-08-21,510300,沪深300ETF,4.292,1383398799.0,289329087.0,4.276,4.316,4.253
2020-08-24,510300,沪深300ETF,4.322,2001903982.0,415934500.0,4.314,4.34,4.287
2020-08-25,510300,沪深300ETF,4.331,1045169798.0,216133255.0,4.335,4.379,4.312
2020-08-26,510300,沪深300ETF,4.272,1602850783.0,334981700.0,4.328,4.358,4.256
2020-08-27,510300,沪深300ETF,4.308,990307792.0,207431486.0,4.278,4.31,4.249
2020-08-28,510300,沪深300ETF,4.426,2700358154.0,554996485.0,4.302,4.434,4.287
2020-08-31,510300,沪深300ETF,4.383,2411052931.0,488697161.0,4.454,4.477,4.379
2020-09-01,510300,沪深300ETF,4.417,1174549250.0,240533025.0,4.375,4.419,4.369
2020-09-02,510300,沪深300ETF,4.413,1888805896.0,385904700.0,4.428,4.434,4.363
2020-09-03,510300,沪深300ETF,4.393,1126381241.0,229830280.0,4.407,4.449,4.37
2020-09-04,510300,沪深300ETF,4.338,1805338853.0,375102467.0,4.319,4.356,4.3
2020-09-07,510300,沪深300ETF,4.241,2132974128.0,445746642.0,4.329,4.364,4.219
2020-09-08,510300,沪深300ETF,4.265,2301096971.0,485820300.0,4.249,4.279,4.213
2020-09-09,510300,沪深300ETF,4.154,2407141145.0,515494651.0,4.209,4.219,4.124
2020-09-10,510300,沪深300ETF,4.158,1982854311.0,423536864.0,4.193,4.215,4.143
2020-09-11,510300,沪深300ETF,4.194,1305435223.0,279946274.0,4.139,4.202,4.136
2020-09-14,510300,沪深300ETF,4.221,1240126300.0,263594672.0,4.216,4.233,4.194
2020-09-15,510300,沪深300ETF,4.256,1384217308.0,292860603.0,4.214,4.264,4.203
2020-09-16,510300,沪深300ETF,4.228,893325908.0,188912654.0,4.254,4.258,4.211
2020-09-17,510300,沪深300ETF,4.199,1916736898.0,408145361.0,4.212,4.244,4.176
2020-09-18,510300,沪深300ETF,4.32,4159028072.0,873517831.0,4.204,4.322,4.202
2020-09-21,510300,沪深300ETF,4.265,1825584796.0,381620413.0,4.324,4.359,4.259
2020-09-22,510300,沪深300ETF,4.208,2730884257.0,578513427.0,4.234,4.285,4.188
2020-09-23,510300,沪深300ETF,4.222,2194437868.0,466006228.0,4.212,4.238,4.193
2020-09-24,510300,沪深300ETF,4.145,1602695301.0,344502320.0,4.194,4.205,4.134
2020-09-25,510300,沪深300ETF,4.148,1509949944.0,325369201.0,4.152,4.175,4.13
2020-09-28,510300,沪深300ETF,4.158,1418157832.0,304679600.0,4.151,4.19,4.144
2020-09-29,510300,沪深300ETF,4.169,1474785387.0,315881012.0,4.179,4.196,4.161
2020-09-30,510300,沪深300ETF,4.155,2117459400.0,454910191.0,4.182,4.204,4.129
2020-10-09,510300,沪深300ETF,4.248,1703741732.0,359666738.0,4.23,4.274,4.229
2020-10-12,510300,沪深300ETF,4.396,1747762574.0,360952774.0,4.274,4.402,4.272
2020-10-13,510300,沪深300ETF,4.412,1562011927.0,320043929.0,4.397,4.423,4.369
2020-10-14,510300,沪深300ETF,4.388,1360025596.0,278948296.0,4.399,4.406,4.372
2020-10-15,510300,沪深300ETF,4.376,1611849494.0,330528322.0,4.383,4.41,4.367
2020-10-16,510300,沪深300ETF,4.362,1379059690.0,283570693.0,4.373,4.401,4.333
2020-10-19,510300,沪深300ETF,4.331,2924978826.0,601925222.0,4.389,4.429,4.313
2020-10-20,510300,沪深300ETF,4.361,1322702077.0,273913000.0,4.32,4.363,4.316
2020-10-21,510300,沪深300ETF,4.367,1690610422.0,348894700.0,4.364,4.373,4.327
2020-10-22,510300,沪深300ETF,4.351,1239996905.0,257148347.0,4.353,4.368,4.301
2020-10-23,510300,沪深300ETF,4.295,3742156538.0,776805715.0,4.341,4.376,4.29
2020-10-26,510300,沪深300ETF,4.259,2405937650.0,507147375.0,4.266,4.285,4.215
2020-10-27,510300,沪深300ETF,4.273,1423170547.0,299348813.0,4.246,4.279,4.242
2020-10-28,510300,沪深300ETF,4.313,2308480718.0,482829143.0,4.271,4.327,4.256
2020-10-29,510300,沪深300ETF,4.357,1788027264.0,371024766.0,4.268,4.38,4.261
2020-10-30,510300,沪深300ETF,4.266,1841396295.0,384587845.0,4.347,4.356,4.257
2020-11-02,510300,沪深300ETF,4.294,957490285.0,200166029.0,4.268,4.313,4.268
2020-11-03,510300,沪深300ETF,4.345,1720609438.0,356112935.0,4.309,4.372,4.309
2020-11-04,510300,沪深300ETF,4.382,1675789715.0,344738845.0,4.354,4.404,4.339
2020-11-05,510300,沪深300ETF,4.458,1854962369.0,375894391.0,4.429,4.462,4.409
2020-11-06,510300,沪深300ETF,4.46,1747900635.0,354123679.0,4.467,4.471,4.417
2020-11-09,510300,沪深300ETF,4.557,3010717306.0,597987950.0,4.489,4.583,4.489
2020-11-10,510300,沪深300ETF,4.53,1934778678.0,384784687.0,4.569,4.572,4.501
2020-11-11,510300,沪深300ETF,4.483,1969353182.0,394072600.0,4.517,4.537,4.478
2020-11-12,510300,沪深300ETF,4.48,1283521965.0,258032875.0,4.489,4.503,4.465
2020-11-13,510300,沪深300ETF,4.429,2124647713.0,432927885.0,4.46,4.462,4.396
2020-11-16,510300,沪深300ETF,4.482,1409715394.0,285108660.0,4.454,4.484,4.42
2020-11-17,510300,沪深300ETF,4.473,1479905275.0,298769617.0,4.476,4.479,4.443
2020-11-18,510300,沪深300ETF,4.466,1790609652.0,360698687.0,4.469,4.491,4.443
2020-11-19,510300,沪深300ETF,4.508,1345193263.0,270079501.0,4.455,4.521,4.447
2020-11-20,510300,沪深300ETF,4.523,1423546310.0,284503346.0,4.509,4.529,4.495
2020-11-23,510300,沪深300ETF,4.581,2636959456.0,521147087.0,4.539,4.614,4.518
2020-11-24,510300,沪深300ETF,4.549,1747429494.0,346142109.0,4.578,4.584,4.54
2020-11-25,510300,沪深300ETF,4.487,2134951326.0,425196010.0,4.564,4.586,4.485
2020-11-26,510300,沪深300ETF,4.494,1966293317.0,395838615.0,4.485,4.499,4.446
2020-11-27,510300,沪深300ETF,4.565,1897536955.0,378780759.0,4.494,4.569,4.486
2020-11-30,510300,沪深300ETF,4.54,2720233205.0,535115737.0,4.578,4.639,4.537
2020-12-01,510300,沪深300ETF,4.651,2427406342.0,475283650.0,4.536,4.659,4.535
2020-12-02,510300,沪深300ETF,4.64,1504583763.0,292946878.0,4.654,4.674,4.617
2020-12-03,510300,沪深300ETF,4.638,1276108539.0,248986842.0,4.635,4.656,4.612
2020-12-04,510300,沪深300ETF,4.649,1690672152.0,330154760.0,4.629,4.656,4.589
2020-12-07,510300,沪深300ETF,4.605,1833454989.0,359375330.0,4.649,4.651,4.586
2020-12-08,510300,沪深300ETF,4.589,1839851218.0,361251873.0,4.605,4.629,4.581
2020-12-09,510300,沪深300ETF,4.529,2876485547.0,568550630.0,4.604,4.616,4.52
2020-12-10,510300,沪深300ETF,4.519,1598596517.0,318947390.0,4.519,4.541,4.501
2020-12-11,510300,沪深300ETF,4.463,2000650455.0,403011950.0,4.529,4.544,4.427
2020-12-14,510300,沪深300ETF,4.507,1254112959.0,251887731.0,4.468,4.511,4.457
2020-12-15,510300,沪深300ETF,4.522,1419141948.0,284412698.0,4.507,4.529,4.475
2020-12-16,510300,沪深300ETF,4.532,1425691988.0,284081500.0,4.529,4.539,4.513
2020-12-17,510300,沪深300ETF,4.603,2356909280.0,466230890.0,4.531,4.607,4.523
2020-12-18,510300,沪深300ETF,4.574,2334924963.0,460711300.0,4.599,4.604,4.552
2020-12-21,510300,沪深300ETF,4.619,2272522629.0,445896144.0,4.571,4.63,4.544
2020-12-22,510300,沪深300ETF,4.542,2620513199.0,515397033.0,4.608,4.626,4.535
2020-12-23,510300,沪深300ETF,4.583,1715172081.0,338687208.0,4.549,4.607,4.546
2020-12-24,510300,沪深300ETF,4.583,1946157074.0,383376749.0,4.583,4.606,4.559
2020-12-25,510300,沪深300ETF,4.625,2053182584.0,403356129.0,4.563,4.628,4.552
2020-12-28,510300,沪深300ETF,4.639,2291869850.0,447130014.0,4.621,4.669,4.612
2020-12-29,510300,沪深300ETF,4.623,1756155512.0,342717900.0,4.647,4.661,4.615
2020-12-30,510300,沪深300ETF,4.687,1756760313.0,340671518.0,4.619,4.689,4.616
2020-12-31,510300,沪深300ETF,4.796,4531294876.0,861799157.0,4.697,4.802,4.695
2021-01-04,510300,沪深300ETF,4.843,2697192786.0,506705639.0,4.789,4.875,4.769
2021-01-05,510300,沪深300ETF,4.942,3349890567.0,622830794.0,4.83,4.954,4.814
2021-01-06,510300,沪深300ETF,4.991,2048972312.0,374945107.0,4.956,5.023,4.926
2021-01-07,510300,沪深300ETF,5.108,2604546537.0,470659227.0,4.999,5.109,4.992
2021-01-08,510300,沪深300ETF,5.08,3884322786.0,697564767.0,5.117,5.14,5.028
2021-01-11,510300,沪深300ETF,5.017,3536919284.0,635965163.0,5.081,5.129,4.986
2021-01-12,510300,沪深300ETF,5.177,3327361996.0,596280782.0,5.005,5.181,5.001
2021-01-13,510300,沪深300ETF,5.155,3129878571.0,552434398.0,5.193,5.224,5.119
2021-01-14,510300,沪深300ETF,5.052,3885747946.0,696047994.0,5.155,5.155,5.047
2021-01-15,510300,沪深300ETF,5.035,3916989378.0,709049177.0,5.052,5.085,4.969
2021-01-18,510300,沪深300ETF,5.094,2176480901.0,396768553.0,5.032,5.128,4.996
2021-01-19,510300,沪深300ETF,5.019,2282323327.0,417009672.0,5.099,5.111,4.997
2021-01-20,510300,沪深300ETF,5.049,2307751582.0,422385751.0,5.017,5.076,5.011
2021-01-21,510300,沪深300ETF,5.143,2833318057.0,511620315.0,5.064,5.169,5.064
2021-01-22,510300,沪深300ETF,5.146,3074483608.0,554309326.0,5.138,5.151,5.087
2021-01-25,510300,沪深300ETF,5.212,2518875353.0,450177153.0,5.145,5.23,5.112
2021-01-26,510300,沪深300ETF,5.092,2175771665.0,392744995.0,5.188,5.191,5.084
2021-01-27,510300,沪深300ETF,5.102,3252544454.0,591541591.0,5.086,5.113,5.031
2021-01-28,510300,沪深300ETF,4.966,2541914763.0,469951845.0,5.041,5.041,4.945
2021-01-29,510300,沪深300ETF,4.929,3343269149.0,622113874.0,4.988,5.004,4.863
2021-02-01,510300,沪深300ETF,4.992,2352426025.0,436288063.0,4.929,4.995,4.927
2021-02-02,510300,沪深300ETF,5.072,3133181944.0,573156921.0,5.001,5.075,4.992
2021-02-03,510300,沪深300ETF,5.066,1549207312.0,281969488.0,5.072,5.106,5.045
2021-02-04,510300,沪深300ETF,5.055,1639395452.0,300084150.0,5.041,5.091,4.997
2021-02-05,510300,沪深300ETF,5.063,3085296672.0,560000491.0,5.067,5.128,5.057
2021-02-08,510300,沪深300ETF,5.135,2628084266.0,475013428.0,5.101,5.154,5.063
2021-02-09,510300,沪深300ETF,5.273,2349537935.0,418299845.0,5.156,5.275,5.131
2021-02-10,510300,沪深300ETF,5.388,1973984357.0,341909857.0,5.287,5.414,5.278
2021-02-18,510300,沪深300ETF,5.345,2747359954.0,470765736.0,5.504,5.514,5.329
2021-02-19,510300,沪深300ETF,5.377,4060011755.0,709064650.0,5.323,5.382,5.252
2021-02-22,510300,沪深300ETF,5.17,4399449170.0,776075991.0,5.366,5.367,5.165
2021-02-23,510300,沪深300ETF,5.155,3308715193.0,591250364.0,5.131,5.218,5.128
2021-02-24,510300,沪深300ETF,5.008,5539235696.0,1011269033.0,5.169,5.181,4.952
2021-02-25,510300,沪深300ETF,5.059,3670095572.0,669305438.0,5.062,5.104,5.023
2021-02-26,510300,沪深300ETF,4.91,4486159733.0,837070336.0,4.97,5.001,4.902
2021-03-01,510300,沪深300ETF,4.999,3007992810.0,558208540.0,4.962,5.001,4.929
2021-03-02,510300,沪深300ETF,4.93,2338148827.0,433859754.0,5.027,5.032,4.888
2021-03-03,510300,沪深300ETF,5.035,1950248200.0,361154593.0,4.914,5.039,4.897
2021-03-04,510300,沪深300ETF,4.868,3428246550.0,644981648.0,4.981,4.981,4.839
2021-03-05,510300,沪深300ETF,4.847,3111411979.0,593632850.0,4.783,4.892,4.76
2021-03-08,510300,沪深300ETF,4.661,2929014217.0,563722005.0,4.881,4.906,4.651
2021-03-09,510300,沪深300ETF,4.56,4677125840.0,931719068.0,4.658,4.676,4.507
2021-03-10,510300,沪深300ETF,4.581,3197285817.0,636535760.0,4.618,4.642,4.564
2021-03-11,510300,沪深300ETF,4.71,3161968866.0,620676884.0,4.605,4.713,4.596
2021-03-12,510300,沪深300ETF,4.723,2295113622.0,448201493.0,4.726,4.733,4.661
2021-03-15,510300,沪深300ETF,4.621,1952657088.0,386572405.0,4.699,4.7,4.574
2021-03-16,510300,沪深300ETF,4.654,1635219630.0,323236064.0,4.623,4.667,4.593
2021-03-17,510300,沪深300ETF,4.677,1554332781.0,306294597.0,4.64,4.702,4.594
2021-03-18,510300,沪深300ETF,4.717,1639545016.0,319610130.0,4.689,4.74,4.687
2021-03-19,510300,沪深300ETF,4.578,2478004771.0,492195605.0,4.653,4.669,4.564
2021-03-22,510300,沪深300ETF,4.635,2132916087.0,423486762.0,4.576,4.653,4.571
2021-03-23,510300,沪深300ETF,4.59,2459560323.0,491638773.0,4.63,4.639,4.548
2021-03-24,510300,沪深300ETF,4.514,3741109719.0,755052862.0,4.569,4.611,4.493
2021-03-25,510300,沪深300ETF,4.51,1402397542.0,284908649.0,4.487,4.532,4.469
2021-03-26,510300,沪深300ETF,4.614,2790146481.0,556534950.0,4.531,4.637,4.527
2021-03-29,510300,沪深300ETF,4.624,3229920086.0,639256772.0,4.626,4.661,4.586
2021-03-30,510300,沪深300ETF,4.668,1361536031.0,268283890.0,4.621,4.685,4.611
2021-03-31,510300,沪深300ETF,4.631,1163103563.0,230812676.0,4.664,4.665,4.594
2021-04-01,510300,沪深300ETF,4.693,1641836115.0,322996435.0,4.637,4.701,4.633
2021-04-02,510300,沪深300ETF,4.742,1440678165.0,280334645.0,4.711,4.747,4.69
2021-04-06,510300,沪深300ETF,4.714,1206265186.0,234635544.0,4.754,4.758,4.701
2021-04-07,510300,沪深300ETF,4.679,891976442.0,175217273.0,4.719,4.721,4.648
2021-04-08,510300,沪深300ETF,4.69,718026031.0,140755921.0,4.662,4.711,4.638
2021-04-09,510300,沪深300ETF,4.619,1122455291.0,222329800.0,4.676,4.676,4.606
2021-04-12,510300,沪深300ETF,4.535,3300299232.0,663938234.0,4.607,4.63,4.518
2021-04-13,510300,沪深300ETF,4.528,2247446204.0,453545245.0,4.527,4.575,4.51
2021-04-14,510300,沪深300ETF,4.556,2620909273.0,527184200.0,4.533,4.57,4.524
2021-04-15,510300,沪深300ETF,4.528,2431754041.0,493540700.0,4.541,4.546,4.475
2021-04-16,510300,沪深300ETF,4.544,2476638366.0,499894030.0,4.54,4.556,4.499
2021-04-19,510300,沪深300ETF,4.67,2864077168.0,567369226.0,4.54,4.678,4.517
2021-04-20,510300,沪深300ETF,4.662,1882537197.0,369851557.0,4.652,4.697,4.643
2021-04-21,510300,沪深300ETF,4.674,2104768796.0,414321361.0,4.63,4.689,4.628
2021-04-22,510300,沪深300ETF,4.67,2279984129.0,448399160.0,4.682,4.699,4.646
2021-04-23,510300,沪深300ETF,4.721,1656258287.0,322992630.0,4.662,4.731,4.662
2021-04-26,510300,沪深300ETF,4.657,2762169537.0,538061634.0,4.732,4.772,4.652
2021-04-27,510300,沪深300ETF,4.67,1612968576.0,317792609.0,4.661,4.679,4.634
2021-04-28,510300,沪深300ETF,4.708,1535175286.0,301245972.0,4.652,4.711,4.637
2021-04-29,510300,沪深300ETF,4.754,1964024088.0,380984480.0,4.709,4.761,4.701
2021-04-30,510300,沪深300ETF,4.709,2075946585.0,404241300.0,4.742,4.753,4.675
2021-05-06,510300,沪深300ETF,4.642,2073197356.0,407574566.0,4.69,4.723,4.616
2021-05-07,510300,沪深300ETF,4.581,1705351377.0,338289245.0,4.654,4.678,4.577
2021-05-10,510300,沪深300ETF,4.58,1843018242.0,369199148.0,4.585,4.606,4.536
2021-05-11,510300,沪深300ETF,4.606,1985720798.0,397926530.0,4.548,4.625,4.513
2021-05-12,510300,沪深300ETF,4.637,1277881517.0,253971232.0,4.595,4.644,4.577
2021-05-13,510300,沪深300ETF,4.582,2363024820.0,472543935.0,4.597,4.608,4.557
2021-05-14,510300,沪深300ETF,4.708,4316323603.0,848963043.0,4.601,4.71,4.573
2021-05-17,510300,沪深300ETF,4.769,3464215782.0,667255521.0,4.704,4.796,4.698
2021-05-18,510300,沪深300ETF,4.771,1469848173.0,283458826.0,4.78,4.793,4.748
2021-05-19,510300,沪深300ETF,4.757,2034732842.0,393359467.0,4.761,4.777,4.734
2021-05-20,510300,沪深300ETF,4.771,1400149094.0,270139103.0,4.753,4.787,4.733
2021-05-21,510300,沪深300ETF,4.716,2791300042.0,541063511.0,4.778,4.808,4.704
2021-05-24,510300,沪深300ETF,4.744,1796637071.0,349612789.0,4.716,4.745,4.677
2021-05-25,510300,沪深300ETF,4.908,8133780760.0,1536160149.0,4.744,4.919,4.744
2021-05-26,510300,沪深300ETF,4.909,2596720927.0,486861122.0,4.912,4.934,4.897
2021-05-27,510300,沪深300ETF,4.928,2835202994.0,530753500.0,4.901,4.975,4.877
2021-05-28,510300,沪深300ETF,4.913,1843452031.0,345621858.0,4.927,4.954,4.881
2021-05-31,510300,沪深300ETF,4.919,1745986740.0,328603031.0,4.91,4.92,4.871
2021-06-01,510300,沪深300ETF,4.927,2415673323.0,454422825.0,4.914,4.931,4.852
2021-06-02,510300,沪深300ETF,4.884,3069526940.0,577607087.0,4.932,4.938,4.857
2021-06-03,510300,沪深300ETF,4.843,2344157011.0,443276399.0,4.881,4.904,4.841
2021-06-04,510300,沪深300ETF,4.876,2951205182.0,558117757.0,4.831,4.933,4.814
2021-06-07,510300,沪深300ETF,4.87,1399803061.0,265277430.0,4.876,4.879,4.832
2021-06-08,510300,沪深300ETF,4.828,2392039783.0,454203706.0,4.87,4.921,4.794
2021-06-09,510300,沪深300ETF,4.836,1362104027.0,259513156.0,4.814,4.847,4.812
2021-06-10,510300,沪深300ETF,4.87,2139819984.0,404112579.0,4.83,4.905,4.829
2021-06-11,510300,沪深300ETF,4.821,1774141747.0,337555800.0,4.874,4.888,4.817
2021-06-15,510300,沪深300ETF,4.762,2237735909.0,431236597.0,4.821,4.831,4.735
2021-06-16,510300,沪深300ETF,4.691,2861614501.0,557301699.0,4.756,4.764,4.675
2021-06-17,510300,沪深300ETF,4.702,1752532813.0,342210455.0,4.681,4.725,4.678
2021-06-18,510300,沪深300ETF,4.707,2681620828.0,523765660.0,4.701,4.736,4.67
2021-06-21,510300,沪深300ETF,4.7,2297972209.0,449263050.0,4.689,4.736,4.668
2021-06-22,510300,沪深300ETF,4.726,3481237670.0,678314191.0,4.721,4.732,4.692
2021-06-23,510300,沪深300ETF,4.757,3034353444.0,586465223.0,4.733,4.784,4.717
2021-06-24,510300,沪深300ETF,4.77,1125515428.0,217509708.0,4.761,4.771,4.736
2021-06-25,510300,沪深300ETF,4.851,3253306021.0,619258662.0,4.774,4.87,4.772
2021-06-28,510300,沪深300ETF,4.86,2349760661.0,445496481.0,4.859,4.871,4.838
2021-06-29,510300,沪深300ETF,4.806,1520211071.0,290185647.0,4.86,4.86,4.796
2021-06-30,510300,沪深300ETF,4.837,1948238474.0,371170976.0,4.807,4.848,4.806
2021-07-01,510300,沪深300ETF,4.835,2964560981.0,564373863.0,4.854,4.865,4.803
2021-07-02,510300,沪深300ETF,4.694,2278045477.0,442235989.0,4.801,4.803,4.692
2021-07-05,510300,沪深300ETF,4.701,1316062245.0,257570313.0,4.694,4.713,4.671
2021-07-06,510300,沪深300ETF,4.708,1946038944.0,381688734.0,4.701,4.711,4.652
2021-07-07,510300,沪深300ETF,4.761,1802156519.0,349465134.0,4.686,4.783,4.678
2021-07-08,510300,沪深300ETF,4.717,1689688924.0,328035047.0,4.77,4.777,4.702
2021-07-09,510300,沪深300ETF,4.693,2174685021.0,426231921.0,4.701,4.709,4.637
2021-07-12,510300,沪深300ETF,4.761,3088418555.0,596692894.0,4.731,4.79,4.703
2021-07-13,510300,沪深300ETF,4.777,1798359498.0,346440364.0,4.76,4.795,4.749
2021-07-14,510300,沪深300ETF,4.72,1970051836.0,382469318.0,4.772,4.772,4.709
2021-07-15,510300,沪深300ETF,4.788,1839020775.0,355286695.0,4.712,4.795,4.705
2021-07-16,510300,沪深300ETF,4.737,1916254592.0,370235145.0,4.781,4.786,4.733
2021-07-19,510300,沪深300ETF,4.759,1709347745.0,332046158.0,4.728,4.769,4.687
2021-07-20,510300,沪深300ETF,4.746,1581145200.0,306679327.0,4.721,4.76,4.712
2021-07-21,510300,沪深300ETF,4.785,3011038370.0,578430257.0,4.761,4.806,4.753
2021-07-22,510300,沪深300ETF,4.79,1405906247.0,269684073.0,4.786,4.814,4.779
2021-07-23,510300,沪深300ETF,4.738,1384583057.0,268144135.0,4.791,4.792,4.726
2021-07-26,510300,沪深300ETF,4.563,4590557872.0,915273374.0,4.718,4.719,4.504
2021-07-27,510300,沪深300ETF,4.39,3972490920.0,807205216.0,4.56,4.581,4.384
2021-07-28,510300,沪深300ETF,4.4,4378815460.0,913347342.0,4.384,4.424,4.316
2021-07-29,510300,沪深300ETF,4.487,3130337228.0,640206355.0,4.48,4.498,4.439
2021-07-30,510300,沪深300ETF,4.453,1097220227.0,225870235.0,4.464,4.465,4.402
2021-08-02,510300,沪深300ETF,4.574,1853444876.0,375203941.0,4.437,4.585,4.405
2021-08-03,510300,沪深300ETF,4.576,1161609447.0,233009764.0,4.552,4.6,4.536
2021-08-04,510300,沪深300ETF,4.62,1248682987.0,248645287.0,4.565,4.621,4.563
2021-08-05,510300,沪深300ETF,4.59,1053873944.0,209871649.0,4.585,4.639,4.562
2021-08-06,510300,沪深300ETF,4.574,561475942.0,112699204.0,4.581,4.586,4.543
2021-08-09,510300,沪深300ETF,4.629,1151898657.0,229090628.0,4.551,4.648,4.533
2021-08-10,510300,沪深300ETF,4.686,1635519300.0,324122381.0,4.617,4.689,4.583
2021-08-11,510300,沪深300ETF,4.659,1219614186.0,239129600.0,4.679,4.705,4.656
2021-08-12,510300,沪深300ETF,4.627,677135203.0,133971695.0,4.641,4.662,4.617
2021-08-13,510300,沪深300ETF,4.6,1017354166.0,202566401.0,4.614,4.647,4.571
2021-08-16,510300,沪深300ETF,4.597,934436575.0,186203629.0,4.594,4.625,4.582
2021-08-17,510300,沪深300ETF,4.485,1751144106.0,352300896.0,4.591,4.623,4.476
2021-08-18,510300,沪深300ETF,4.538,1901295854.0,384771032.0,4.485,4.567,4.473
2021-08-19,510300,沪深300ETF,4.504,1185219027.0,240311000.0,4.521,4.538,4.482
2021-08-20,510300,沪深300ETF,4.414,2023086385.0,418441340.0,4.493,4.494,4.369
2021-08-23,510300,沪深300ETF,4.486,1724629446.0,352961261.0,4.424,4.492,4.421
2021-08-24,510300,沪深300ETF,4.538,1571638429.0,317705413.0,4.491,4.559,4.491
2021-08-25,510300,沪深300ETF,4.552,1029752682.0,207656406.0,4.546,4.554,4.519
2021-08-26,510300,沪深300ETF,4.467,956302469.0,194840259.0,4.549,4.55,4.451
2021-08-27,510300,沪深300ETF,4.48,1140911545.0,232236414.0,4.46,4.525,4.457
2021-08-30,510300,沪深300ETF,4.462,1052155091.0,215532211.0,4.492,4.503,4.44
2021-08-31,510300,沪深300ETF,4.46,1190430817.0,245032607.0,4.463,4.478,4.391
2021-09-01,510300,沪深300ETF,4.53,1903964598.0,386518269.0,4.461,4.569,4.421
2021-09-02,510300,沪深300ETF,4.526,1107121906.0,224004834.0,4.541,4.549,4.501
2021-09-03,510300,沪深300ETF,4.499,1718509769.0,348367264.0,4.526,4.55,4.49
2021-09-06,510300,沪深300ETF,4.583,2468976363.0,494535866.0,4.499,4.597,4.495
2021-09-07,510300,沪深300ETF,4.646,2304933623.0,457495603.0,4.581,4.67,4.567
2021-09-08,510300,沪深300ETF,4.625,1198609525.0,236943077.0,4.65,4.674,4.609
2021-09-09,510300,沪深300ETF,4.623,917262214.0,182545189.0,4.612,4.624,4.583
2021-09-10,510300,沪深300ETF,4.672,1982110598.0,389334975.0,4.618,4.708,4.615
2021-09-13,510300,沪深300ETF,4.645,1620670961.0,320015733.0,4.666,4.69,4.616
2021-09-14,510300,沪深300ETF,4.579,1645687915.0,327711994.0,4.646,4.663,4.558
2021-09-15,510300,沪深300ETF,4.526,1340902838.0,270735874.0,4.571,4.572,4.498
2021-09-16,510300,沪深300ETF,4.47,2106848912.0,429348425.0,4.526,4.536,4.462
2021-09-17,510300,沪深300ETF,4.509,2520613348.0,513992694.0,4.469,4.515,4.449
2021-09-22,510300,沪深300ETF,4.476,2399574657.0,491629600.0,4.441,4.493,4.433
2021-09-23,510300,沪深300ETF,4.505,1413518503.0,286973255.0,4.498,4.536,4.487
2021-09-24,510300,沪深300ETF,4.512,2299464435.0,464771190.0,4.509,4.556,4.499
2021-09-27,510300,沪深300ETF,4.544,1786172115.0,359893578.0,4.526,4.579,4.502
2021-09-28,510300,沪深300ETF,4.535,1306079041.0,263635257.0,4.536,4.561,4.507
2021-09-29,510300,沪深300ETF,4.502,2909490209.0,592261073.0,4.503,4.53,4.459
2021-09-30,510300,沪深300ETF,4.516,1544835059.0,312959671.0,4.504,4.534,4.502
2021-10-08,510300,沪深300ETF,4.587,1222701431.0,244624120.0,4.559,4.596,4.552
2021-10-11,510300,沪深300ETF,4.586,1309512481.0,260322371.0,4.595,4.641,4.582
2021-10-12,510300,沪深300ETF,4.534,1639579407.0,330606824.0,4.568,4.579,4.494
2021-10-13,510300,沪深300ETF,4.59,1264333991.0,253573666.0,4.526,4.606,4.524
2021-10-14,510300,沪深300ETF,4.563,998317197.0,199808658.0,4.584,4.609,4.552
2021-10-15,510300,沪深300ETF,4.587,1089703600.0,217970095.0,4.56,4.598,4.541
2021-10-18,510300,沪深300ETF,4.529,1241208468.0,251260474.0,4.584,4.585,4.497
2021-10-19,510300,沪深300ETF,4.576,1436191679.0,288469796.0,4.521,4.581,4.518
2021-10-20,510300,沪深300ETF,4.562,782001177.0,156696300.0,4.581,4.603,4.552
2021-10-21,510300,沪深300ETF,4.584,1119219633.0,224085516.0,4.561,4.608,4.543
2021-10-22,510300,沪深300ETF,4.617,1686635695.0,334597340.0,4.591,4.653,4.591
2021-10-25,510300,沪深300ETF,4.634,1336929143.0,265374504.0,4.603,4.642,4.592
2021-10-26,510300,沪深300ETF,4.617,1251852282.0,247909532.0,4.636,4.669,4.604
2021-10-27,510300,沪深300ETF,4.551,1385676615.0,278104300.0,4.605,4.605,4.539
2021-10-28,510300,沪深300ETF,4.53,2185194500.0,441341200.0,4.541,4.558,4.507
2021-10-29,510300,沪深300ETF,4.562,2114092671.0,426484699.0,4.527,4.563,4.515
2021-11-01,510300,沪深300ETF,4.546,967955364.0,195002345.0,4.538,4.569,4.52
2021-11-02,510300,沪深300ETF,4.494,2119278887.0,429413513.0,4.543,4.576,4.455
2021-11-03,510300,沪深300ETF,4.474,1671068454.0,340635107.0,4.491,4.517,4.46
2021-11-04,510300,沪深300ETF,4.521,1403738125.0,284423300.0,4.494,4.532,4.493
2021-11-05,510300,沪深300ETF,4.504,1312374545.0,265600790.0,4.511,4.548,4.503
2021-11-08,510300,沪深300ETF,4.5,1539084826.0,312485200.0,4.501,4.529,4.483
2021-11-09,510300,沪深300ETF,4.498,1292760723.0,262840000.0,4.516,4.533,4.473
2021-11-10,510300,沪深300ETF,4.473,2379856064.0,489426383.0,4.494,4.494,4.407
2021-11-11,510300,沪深300ETF,4.553,1740182227.0,352364995.0,4.463,4.556,4.461
2021-11-12,510300,沪深300ETF,4.551,1355972393.0,272906704.0,4.557,4.572,4.535
2021-11-15,510300,沪深300ETF,4.545,1667408825.0,335915381.0,4.555,4.572,4.524
2021-11-16,510300,沪深300ETF,4.541,1750476662.0,351870307.0,4.547,4.577,4.531
2021-11-17,510300,沪深300ETF,4.54,1125215664.0,226981757.0,4.534,4.555,4.522
2021-11-18,510300,沪深300ETF,4.496,1774308236.0,360601200.0,4.528,4.533,4.483
2021-11-19,510300,沪深300ETF,4.551,1365616714.0,275920589.0,4.491,4.557,4.486
2021-11-22,510300,沪深300ETF,4.564,1761554915.0,353647489.0,4.555,4.576,4.548
2021-11-23,510300,沪深300ETF,4.567,1582334509.0,317267246.0,4.557,4.581,4.547
2021-11-24,510300,沪深300ETF,4.578,891904463.0,178594706.0,4.567,4.597,4.555
2021-11-25,510300,沪深300ETF,4.559,683495479.0,137259970.0,4.579,4.58,4.551
2021-11-26,510300,沪深300ETF,4.517,1011650370.0,204637800.0,4.546,4.547,4.508
2021-11-29,510300,沪深300ETF,4.51,1151391533.0,233856000.0,4.481,4.519,4.481
2021-11-30,510300,沪深300ETF,4.492,903625434.0,183680000.0,4.513,4.53,4.469
2021-12-01,510300,沪深300ETF,4.505,1040600306.0,211626158.0,4.492,4.51,4.488
2021-12-02,510300,沪深300ETF,4.515,794007121.0,161035147.0,4.501,4.526,4.484
2021-12-03,510300,沪深300ETF,4.56,1087954879.0,219632143.0,4.515,4.561,4.507
2021-12-06,510300,沪深300ETF,4.555,1663482019.0,332899117.0,4.563,4.597,4.55
2021-12-07,510300,沪深300ETF,4.583,1060624162.0,212426758.0,4.576,4.59,4.559
2021-12-08,510300,沪深300ETF,4.655,1721655416.0,341191710.0,4.588,4.66,4.57
2021-12-09,510300,沪深300ETF,4.739,3267970660.0,633221175.0,4.659,4.785,4.657
2021-12-10,510300,沪深300ETF,4.724,2035800619.0,396126046.0,4.724,4.731,4.704
2021-12-13,510300,沪深300ETF,4.737,2227870765.0,429033771.0,4.748,4.808,4.73
2021-12-14,510300,沪深300ETF,4.706,1860581410.0,362687781.0,4.718,4.736,4.696
2021-12-15,510300,沪深300ETF,4.66,1038757245.0,203583199.0,4.701,4.717,4.656
2021-12-16,510300,沪深300ETF,4.687,1919332421.0,377304328.0,4.663,4.688,4.646
2021-12-17,510300,沪深300ETF,4.614,3145885077.0,622618900.0,4.679,4.682,4.612
2021-12-20,510300,沪深300ETF,4.539,4250322969.0,851825300.0,4.6,4.631,4.528
2021-12-21,510300,沪深300ETF,4.56,2572582597.0,517133515.0,4.534,4.573,4.53
2021-12-22,510300,沪深300ETF,4.563,3320651900.0,666046188.0,4.573,4.585,4.551
2021-12-23,510300,沪深300ETF,4.601,1512949495.0,302305260.0,4.574,4.607,4.559
2021-12-24,510300,沪深300ETF,4.578,1301806385.0,260396101.0,4.607,4.613,4.559
2021-12-27,510300,沪深300ETF,4.582,2520394801.0,504491326.0,4.578,4.599,4.551
2021-12-28,510300,沪深300ETF,4.608,3209575435.0,639914174.0,4.582,4.618,4.573
2021-12-29,510300,沪深300ETF,4.541,2011288440.0,403865556.0,4.606,4.612,4.54
2021-12-30,510300,沪深300ETF,4.577,2369943644.0,474498019.0,4.541,4.598,4.536
2021-12-31,510300,沪深300ETF,4.589,1760912797.0,351416595.0,4.591,4.61,4.575
2022-01-04,510300,沪深300ETF,4.571,2417587490.0,486355276.0,4.606,4.608,4.523
2022-01-05,510300,沪深300ETF,4.524,2300116660.0,464073106.0,4.56,4.573,4.506
2022-01-06,510300,沪深300ETF,4.468,2530768429.0,517272800.0,4.504,4.514,4.438
2022-01-07,510300,沪深300ETF,4.48,2349400429.0,478519700.0,4.481,4.511,4.474
2022-01-10,510300,沪深300ETF,4.493,2406258642.0,491122307.0,4.469,4.504,4.44
2022-01-11,510300,沪深300ETF,4.448,2014962361.0,412218898.0,4.493,4.505,4.445
2022-01-12,510300,沪深300ETF,4.5,2511098388.0,511332582.0,4.465,4.514,4.465
2022-01-13,510300,沪深300ETF,4.419,2379000209.0,488272297.0,4.511,4.513,4.417
2022-01-14,510300,沪深300ETF,4.375,1972987305.0,410029000.0,4.406,4.421,4.372
2022-01-17,510300,沪深300ETF,4.416,2407274463.0,498349057.0,4.379,4.432,4.378
2022-01-18,510300,沪深300ETF,4.462,3038466592.0,624167062.0,4.413,4.478,4.396
2022-01-19,510300,沪深300ETF,4.436,2501399275.0,522439260.0,4.471,4.495,4.412
2022-01-20,510300,沪深300ETF,4.474,2608626685.0,541278488.0,4.431,4.503,4.43
2022-01-21,510300,沪深300ETF,4.44,3739337873.0,781436980.0,4.466,4.471,4.42
2022-01-24,510300,沪深300ETF,4.442,2197609279.0,460574013.0,4.416,4.455,4.404
2022-01-25,510300,沪深300ETF,4.336,2814468229.0,595270865.0,4.418,4.433,4.332
2022-01-26,510300,沪深300ETF,4.362,2449571754.0,521842100.0,4.351,4.367,4.306
2022-01-27,510300,沪深300ETF,4.281,2827030197.0,607621674.0,4.349,4.355,4.272
2022-01-28,510300,沪深300ETF,4.21,3950302957.0,858391702.0,4.293,4.315,4.206
2022-02-07,510300,沪深300ETF,4.282,2243165816.0,484586760.0,4.281,4.319,4.262
2022-02-08,510300,沪深300ETF,4.26,2050015387.0,448141306.0,4.282,4.282,4.171
2022-02-09,510300,沪深300ETF,4.299,2124086971.0,458938095.0,4.262,4.309,4.246
2022-02-10,510300,沪深300ETF,4.288,2291737788.0,495383095.0,4.306,4.309,4.262
2022-02-11,510300,沪深300ETF,4.252,2134586500.0,461743608.0,4.27,4.314,4.249
2022-02-14,510300,沪深300ETF,4.203,1503834184.0,329967908.0,4.236,4.25,4.182
2022-02-15,510300,沪深300ETF,4.245,2765515057.0,604314440.0,4.204,4.249,4.202
2022-02-16,510300,沪深300ETF,4.266,2076275356.0,449800548.0,4.266,4.29,4.254
2022-02-17,510300,沪深300ETF,4.276,2909007334.0,629040692.0,4.261,4.3,4.255
2022-02-18,510300,沪深300ETF,4.3,1405440367.0,304105215.0,4.256,4.301,4.251
2022-02-21,510300,沪深300ETF,4.283,1497429121.0,324195053.0,4.292,4.293,4.261
2022-02-22,510300,沪深300ETF,4.223,1438664973.0,315316769.0,4.246,4.253,4.205
2022-02-23,510300,沪深300ETF,4.271,2054646295.0,446903932.0,4.236,4.274,4.227
2022-02-24,510300,沪深300ETF,4.186,2683234005.0,591236542.0,4.246,4.258,4.145
2022-02-25,510300,沪深300ETF,4.221,1760979832.0,384466069.0,4.209,4.267,4.209
2022-02-28,510300,沪深300ETF,4.227,1225032615.0,269317076.0,4.218,4.229,4.178
2022-03-01,510300,沪深300ETF,4.265,1499507431.0,326162903.0,4.244,4.273,4.229
2022-03-02,510300,沪深300ETF,4.23,889476591.0,194601292.0,4.245,4.246,4.208
2022-03-03,510300,沪深300ETF,4.201,914647557.0,200689920.0,4.246,4.256,4.191
2022-03-04,510300,沪深300ETF,4.15,1823719304.0,405376626.0,4.161,4.19,4.136
2022-03-07,510300,沪深300ETF,4.002,2553534379.0,583112990.0,4.115,4.115,3.984
2022-03-08,510300,沪深300ETF,3.92,2976687582.0,691708074.0,4.003,4.027,3.904
2022-03-09,510300,沪深300ETF,3.88,3301655736.0,786748812.0,3.928,3.949999999,3.726
2022-03-10,510300,沪深300ETF,3.94,2377355398.0,552846528.0,3.956,3.982,3.938
2022-03-11,510300,沪深300ETF,3.968,1687296407.0,397342208.0,3.883999999,3.974,3.831
2022-03-14,510300,沪深300ETF,3.827999999,1828943108.0,433100428.0,3.906,3.93,3.827
2022-03-15,510300,沪深300ETF,3.629,4244938233.0,1044477802.0,3.791,3.819999999,3.624
2022-03-16,510300,沪深300ETF,3.802,5383854367.0,1325138541.0,3.691,3.826,3.598
2022-03-17,510300,沪深300ETF,3.886,4866876953.0,1147561626.0,3.879,3.949999999,3.861
2022-03-18,510300,沪深300ETF,3.914,1703858645.0,403021732.0,3.866,3.932,3.845
2022-03-21,510300,沪深300ETF,3.908,1581985311.0,372016391.0,3.919,3.936,3.867999999
2022-03-22,510300,沪深300ETF,3.904,1064168279.0,250422476.0,3.888,3.938,3.887
2022-03-23,510300,沪深300ETF,3.928999999,1314097169.0,308244671.0,3.914,3.941999999,3.896
2022-03-24,510300,沪深300ETF,3.902,935511944.0,220641762.0,3.906,3.925999999,3.869
2022-03-25,510300,沪深300ETF,3.824999999,1499894627.0,356808307.0,3.901,3.909999999,3.823
2022-03-28,510300,沪深300ETF,3.8,1715993645.0,415593846.0,3.79,3.83,3.739
2022-03-29,510300,沪深300ETF,3.782,957679748.0,231033117.0,3.811,3.829,3.775
2022-03-30,510300,沪深300ETF,3.904999999,2107747773.0,500257530.0,3.81,3.908,3.81
2022-03-31,510300,沪深300ETF,3.874,1791950308.0,424278996.0,3.895,3.9,3.866
2022-04-01,510300,沪深300ETF,3.925,1594296080.0,375247241.0,3.843,3.944999999,3.840999999
2022-04-06,510300,沪深300ETF,3.912999999,1443714218.0,339893770.0,3.899,3.925,3.883999999
2022-04-07,510300,沪深300ETF,3.861,1177384174.0,278398351.0,3.893,3.924,3.858
2022-04-08,510300,沪深300ETF,3.888999999,1349449555.0,320271297.0,3.864,3.892,3.831
2022-04-11,510300,沪深300ETF,3.757,2391596005.0,580058497.0,3.861,3.862,3.744
2022-04-12,510300,沪深300ETF,3.827,3334403949.0,806475900.0,3.758999999,3.832,3.731999999
2022-04-13,510300,沪深300ETF,3.795,1609161765.0,387260208.0,3.807,3.843,3.791
2022-04-14,510300,沪深300ETF,3.839,2400662554.0,573689243.0,3.832,3.867999999,3.808999999
2022-04-15,510300,沪深300ETF,3.837,2224422362.0,532237966.0,3.816,3.862,3.806
2022-04-18,510300,沪深300ETF,3.816999999,1159501389.0,279709272.0,3.800999999,3.819999999,3.773
2022-04-19,510300,沪深300ETF,3.79,1301465627.0,313996240.0,3.816,3.842,3.766
2022-04-20,510300,沪深300ETF,3.72,1596762869.0,390343438.0,3.787999999,3.794,3.714
2022-04-21,510300,沪深300ETF,3.652,3193817666.0,792508456.0,3.707999999,3.737,3.631
2022-04-22,510300,沪深300ETF,3.662,2469379279.0,617378397.0,3.621,3.693,3.608
2022-04-25,510300,沪深300ETF,3.469,6447291622.0,1654284344.0,3.601,3.615,3.463
2022-04-26,510300,沪深300ETF,3.439,5888627373.0,1543759738.0,3.472,3.529,3.43
2022-04-27,510300,沪深300ETF,3.545,5260465092.0,1372583856.0,3.427,3.547,3.416
2022-04-28,510300,沪深300ETF,3.571,4183266934.0,1072926129.0,3.528,3.591,3.525
2022-04-29,510300,沪深300ETF,3.670999999,3024738240.0,763121189.0,3.585,3.675,3.549
2022-05-05,510300,沪深300ETF,3.656,2950065279.0,736095393.0,3.636,3.686999999,3.626
2022-05-06,510300,沪深300ETF,3.559,2042557049.0,520669718.0,3.581,3.599,3.556
2022-05-09,510300,沪深300ETF,3.527,1234844482.0,318700633.0,3.534,3.562,3.506
2022-05-10,510300,沪深300ETF,3.572,2129935211.0,547467162.0,3.489,3.589,3.464
2022-05-11,510300,沪深300ETF,3.627,2502148839.0,629011561.0,3.565,3.682,3.565
2022-05-12,510300,沪深300ETF,3.607,1215316563.0,307105783.0,3.611,3.635,3.589
2022-05-13,510300,沪深300ETF,3.638,1113468054.0,279973247.0,3.644,3.655,3.608
2022-05-16,510300,沪深300ETF,3.607,1755248937.0,442584342.0,3.656,3.67,3.596
2022-05-17,510300,沪深300ETF,3.656,1197703803.0,300849564.0,3.616,3.657,3.605
2022-05-18,510300,沪深300ETF,3.642,1052734331.0,264017324.0,3.662999999,3.673,3.616
2022-05-19,510300,沪深300ETF,3.651,1289180789.0,324962036.0,3.603,3.653,3.592
2022-05-20,510300,沪深300ETF,3.734999999,2434115747.0,600461424.0,3.675999999,3.736,3.666
2022-05-23,510300,沪深300ETF,3.702999999,2070370273.0,512091273.0,3.734999999,3.734999999,3.677
2022-05-24,510300,沪深300ETF,3.621,1664349497.0,415664500.0,3.702,3.705,3.616
2022-05-25,510300,沪深300ETF,3.638,1814584625.0,457684097.0,3.616,3.64,3.604
2022-05-26,510300,沪深300ETF,3.648,1914318710.0,481614068.0,3.639,3.675999999,3.588
2022-05-27,510300,沪深300ETF,3.658,2228537581.0,553297211.0,3.678,3.713,3.641
2022-05-30,510300,沪深300ETF,3.681,1813277775.0,450531920.0,3.675999999,3.699,3.662999999
2022-05-31,510300,沪深300ETF,3.745,1836840908.0,452258118.0,3.681,3.758999999,3.672
2022-06-01,510300,沪深300ETF,3.739,1540652770.0,377434508.0,3.745,3.752,3.715999999
2022-06-02,510300,沪深300ETF,3.75,1183803267.0,290132608.0,3.722,3.754,3.714
2022-06-06,510300,沪深300ETF,3.832,1751273369.0,423835904.0,3.747999999,3.832999999,3.721
2022-06-07,510300,沪深300ETF,3.838,1592929720.0,380864188.0,3.816999999,3.858,3.811
2022-06-08,510300,沪深300ETF,3.88,1796493323.0,427291052.0,3.840999999,3.886,3.821
2022-06-09,510300,沪深300ETF,3.846,1226358662.0,291614828.0,3.871,3.89,3.829
2022-06-10,510300,沪深300ETF,3.904,2738650040.0,648069142.0,3.815,3.916,3.814
2022-06-13,510300,沪深300ETF,3.851999999,2431783718.0,579900248.0,3.866,3.879,3.826
2022-06-14,510300,沪深300ETF,3.892,2613833382.0,624902550.0,3.821,3.896,3.771
2022-06-15,510300,沪深300ETF,3.941,4834544988.0,1121885205.0,3.888999999,4.02,3.888999999
2022-06-16,510300,沪深300ETF,3.914,2175195322.0,507512036.0,3.954,3.973,3.904999999
2022-06-17,510300,沪深300ETF,3.977,3070562903.0,715647404.0,3.896999999,3.993,3.891
2022-06-20,510300,沪深300ETF,3.998,3177526646.0,732434457.0,3.987,4.044,3.964
2022-06-21,510300,沪深300ETF,3.996,1833860937.0,422401546.0,3.998,4.034,3.961
2022-06-22,510300,沪深300ETF,3.946,1560986297.0,361964272.0,3.996,4.003,3.938
2022-06-23,510300,沪深300ETF,4.021,1755177553.0,405693924.0,3.947,4.023,3.94
2022-06-24,510300,沪深300ETF,4.069,1823076991.0,414833849.0,4.031,4.082,4.019
2022-06-27,510300,沪深300ETF,4.117,2036731655.0,455981050.0,4.085,4.155,4.085
2022-06-28,510300,沪深300ETF,4.169,1678987256.0,374882378.0,4.116,4.182,4.089
2022-06-29,510300,沪深300ETF,4.114,2437464367.0,544835604.0,4.154,4.183,4.099
2022-06-30,510300,沪深300ETF,4.164,2558737770.0,568051561.0,4.11,4.201,4.109
2022-07-01,510300,沪深300ETF,4.149,2004084502.0,445571244.0,4.176,4.181,4.13
2022-07-04,510300,沪深300ETF,4.177,1742756113.0,387421725.0,4.134,4.179,4.105
2022-07-05,510300,沪深300ETF,4.167,1764375389.0,392115820.0,4.182,4.221,4.118
2022-07-06,510300,沪深300ETF,4.108,1422718113.0,318962717.0,4.156,4.166,4.079
2022-07-07,510300,沪深300ETF,4.124,1799540021.0,403045946.0,4.101,4.144,4.078
2022-07-08,510300,沪深300ETF,4.12,933514536.0,208249030.0,4.147,4.169,4.113
2022-07-11,510300,沪深300ETF,4.044,1985923671.0,452207498.0,4.102,4.102,4.026
2022-07-12,510300,沪深300ETF,4.008,1500811278.0,343539200.0,4.038,4.063,3.994
2022-07-13,510300,沪深300ETF,4.015,1286893961.0,295600301.0,4.011,4.035,3.984
2022-07-14,510300,沪深300ETF,4.016,1423957223.0,326414269.0,4.011,4.045,3.992
2022-07-15,510300,沪深300ETF,3.951,3198511731.0,737307108.0,4.006,4.056,3.949
2022-07-18,510300,沪深300ETF,3.997,1680718462.0,389115108.0,3.968,4.015,3.93
2022-07-19,510300,沪深300ETF,3.975,1526690226.0,353527001.0,3.993,3.993,3.941
2022-07-20,510300,沪深300ETF,3.987,1301780820.0,299838373.0,3.996,4.016,3.974
2022-07-21,510300,沪深300ETF,3.941999999,1336941254.0,310492643.0,3.971,3.994,3.941
2022-07-22,510300,沪深300ETF,3.944999999,1353688808.0,314768801.0,3.957,3.991,3.915
2022-07-25,510300,沪深300ETF,3.927,1074518097.0,251676078.0,3.941,3.944,3.909
2022-07-26,510300,沪深300ETF,3.956,1616765933.0,376254537.0,3.933,3.976,3.93
2022-07-27,510300,沪深300ETF,3.932,1100930340.0,257178619.0,3.946,3.953,3.924
2022-07-28,510300,沪深300ETF,3.935,1591342846.0,369581028.0,3.948,3.986,3.931
2022-07-29,510300,沪深300ETF,3.875999999,2000643545.0,471265353.0,3.939,3.961,3.867
2022-08-01,510300,沪深300ETF,3.894,1259938955.0,298391483.0,3.862,3.904,3.837
2022-08-02,510300,沪深300ETF,3.823,2264729834.0,543973256.0,3.866,3.866,3.787999999
2022-08-03,510300,沪深300ETF,3.778,1569163066.0,376662823.0,3.835999999,3.864999999,3.767
2022-08-04,510300,沪深300ETF,3.808999999,1084601677.0,261750872.0,3.795,3.818,3.778
2022-08-05,510300,沪深300ETF,3.874,1643679832.0,393385248.0,3.811999999,3.88,3.808999999
2022-08-08,510300,沪深300ETF,3.859999999,661606877.0,157282357.0,3.856999999,3.875,3.848999999
2022-08-09,510300,沪深300ETF,3.867,1017515521.0,241824356.0,3.858,3.875,3.846
2022-08-10,510300,沪深300ETF,3.822,851095724.0,203763174.0,3.858,3.872,3.803999999
2022-08-11,510300,沪深300ETF,3.909999999,1469915003.0,348050252.0,3.839,3.916,3.832
2022-08-12,510300,沪深300ETF,3.911,874286490.0,205589752.0,3.908,3.922,3.894
2022-08-15,510300,沪深300ETF,3.901,991661294.0,232822800.0,3.898,3.941999999,3.894
2022-08-16,510300,沪深300ETF,3.891,715599992.0,168483356.0,3.906,3.928,3.883
2022-08-17,510300,沪深300ETF,3.932,1196207108.0,281022766.0,3.892,3.943,3.867
2022-08-18,510300,沪深300ETF,3.895,849821038.0,199968110.0,3.925999999,3.93,3.89
2022-08-19,510300,沪深300ETF,3.864999999,1223343184.0,289441065.0,3.891,3.907,3.863
2022-08-22,510300,沪深300ETF,3.892,1316161171.0,310932370.0,3.856,3.904,3.851999999
2022-08-23,510300,沪深300ETF,3.878,1164226234.0,275877595.0,3.888999999,3.906,3.859
2022-08-24,510300,沪深300ETF,3.800999999,1683776031.0,403161100.0,3.89,3.894,3.792
2022-08-25,510300,沪深300ETF,3.837,1381245566.0,332510691.0,3.808999999,3.842,3.779999999
2022-08-26,510300,沪深300ETF,3.831,949304012.0,226855432.0,3.835,3.856999999,3.824
2022-08-29,510300,沪深300ETF,3.806,972243824.0,234594502.0,3.797,3.816999999,3.781
2022-08-30,510300,沪深300ETF,3.797,958534782.0,232094792.0,3.81,3.811999999,3.762
2022-08-31,510300,沪深300ETF,3.797,2299526279.0,555279634.0,3.779999999,3.838,3.769
2022-09-01,510300,沪深300ETF,3.763,1320917293.0,320251600.0,3.786,3.808999999,3.754
2022-09-02,510300,沪深300ETF,3.739999999,1078568286.0,263737445.0,3.766,3.775,3.72
2022-09-05,510300,沪深300ETF,3.738,876596965.0,215865010.0,3.731,3.739,3.696
2022-09-06,510300,沪深300ETF,3.767,1081646065.0,264101508.0,3.750999999,3.771999999,3.73
2022-09-07,510300,沪深300ETF,3.775,755009708.0,183572795.0,3.753,3.787,3.75
2022-09-08,510300,沪深300ETF,3.757,705978922.0,171632183.0,3.779,3.787,3.755999999
2022-09-09,510300,沪深300ETF,3.815,1630730745.0,392975947.0,3.763,3.823,3.762
2022-09-13,510300,沪深300ETF,3.829,1368323051.0,327431190.0,3.822,3.851,3.818
2022-09-14,510300,沪深300ETF,3.783,1777685334.0,429913863.0,3.79,3.811,3.77
2022-09-15,510300,沪深300ETF,3.746,2414072683.0,588844446.0,3.79,3.803,3.721
2022-09-16,510300,沪深300ETF,3.656,2929005272.0,725780900.0,3.733,3.742999999,3.652
2022-09-19,510300,沪深300ETF,3.645,1588020723.0,397790449.0,3.65,3.670999999,3.631
2022-09-20,510300,沪深300ETF,3.647,1206397489.0,301514995.0,3.662,3.678999999,3.636
2022-09-21,510300,沪深300ETF,3.617,1441702412.0,363488622.0,3.636,3.646,3.599
2022-09-22,510300,沪深300ETF,3.588,1101764633.0,279846800.0,3.601,3.62,3.576
2022-09-23,510300,沪深300ETF,3.58,2042024441.0,520249045.0,3.588,3.607,3.548
2022-09-26,510300,沪深300ETF,3.555,2966154628.0,756033583.0,3.556,3.614,3.55
2022-09-27,510300,沪深300ETF,3.605,2035835677.0,519160341.0,3.566,3.613,3.548
2022-09-28,510300,沪深300ETF,3.549,2073607923.0,530081606.0,3.591,3.594,3.546
2022-09-29,510300,沪深300ETF,3.55,1977736758.0,506083627.0,3.572,3.593,3.529
2022-09-30,510300,沪深300ETF,3.524,2480624616.0,638378801.0,3.551,3.571,3.521
2022-10-10,510300,沪深300ETF,3.445,2614912261.0,684109248.0,3.523,3.526,3.433
2022-10-11,510300,沪深300ETF,3.442,1861116628.0,491380691.0,3.447,3.46,3.426
2022-10-12,510300,沪深300ETF,3.504,2765038458.0,731512983.0,3.443,3.507,3.375
2022-10-13,510300,沪深300ETF,3.471,1318777601.0,345140276.0,3.472,3.503,3.462
2022-10-14,510300,沪深300ETF,3.559,2913802969.0,749629133.0,3.508,3.579,3.499
2022-10-17,510300,沪深300ETF,3.558,1512958472.0,388760090.0,3.551,3.562,3.525
2022-10-18,510300,沪深300ETF,3.551,1683477555.0,431134380.0,3.58,3.586,3.543
2022-10-19,510300,沪深300ETF,3.492,1112398864.0,288162283.0,3.546,3.558,3.49
2022-10-20,510300,沪深300ETF,3.48,1422560648.0,372305013.0,3.476,3.532,3.447
2022-10-21,510300,沪深300ETF,3.458,1248398834.0,327572110.0,3.493,3.495,3.44
2022-10-24,510300,沪深300ETF,3.36,2356237577.0,629793970.0,3.455,3.489,3.342
2022-10-25,510300,沪深300ETF,3.344,3041126027.0,823516971.0,3.348,3.395,3.317
2022-10-26,510300,沪深300ETF,3.372,2555494776.0,686287021.0,3.346,3.424,3.345
2022-10-27,510300,沪深300ETF,3.346,1906381171.0,512397050.0,3.395,3.406,3.345
2022-10-28,510300,沪深300ETF,3.26,2686507817.0,738137151.0,3.333,3.339,3.251
2022-10-31,510300,沪深300ETF,3.221,2139122276.0,597656387.0,3.236,3.272,3.208
2022-11-01,510300,沪深300ETF,3.359,3904744293.0,1069157204.0,3.241,3.361,3.236
2022-11-02,510300,沪深300ETF,3.393,2800488062.0,751646303.0,3.341,3.423,3.334
2022-11-03,510300,沪深300ETF,3.363,1811025929.0,488110710.0,3.373,3.388,3.345
2022-11-04,510300,沪深300ETF,3.49,4301093449.0,1129245726.0,3.361,3.507,3.36
2022-11-07,510300,沪深300ETF,3.49,2046292254.0,534073373.0,3.466,3.511,3.465
2022-11-08,510300,沪深300ETF,3.467,3048899191.0,801257895.0,3.49,3.499,3.443
2022-11-09,510300,沪深300ETF,3.427,1973017696.0,520923983.0,3.467,3.48,3.423
2022-11-10,510300,沪深300ETF,3.406,1895277956.0,506496368.0,3.406,3.422,3.383
2022-11-11,510300,沪深300ETF,3.504,5298752150.0,1376702267.0,3.498,3.554,3.466
2022-11-14,510300,沪深300ETF,3.506,3301268208.0,850966866.0,3.554,3.575,3.496
2022-11-15,510300,沪深300ETF,3.581,2991368782.0,767183469.0,3.498,3.59,3.491
2022-11-16,510300,沪深300ETF,3.552,2102969877.0,537797213.0,3.574,3.594,3.547
2022-11-17,510300,沪深300ETF,3.535,3054875919.0,791622815.0,3.542,3.542,3.491
2022-11-18,510300,沪深300ETF,3.522,2516386318.0,649194923.0,3.538,3.558,3.515
2022-11-21,510300,沪深300ETF,3.489,1975747610.0,518248908.0,3.493,3.493,3.446
2022-11-22,510300,沪深300ETF,3.487,2485266857.0,649025638.0,3.483,3.527,3.461
2022-11-23,510300,沪深300ETF,3.49,2103792365.0,548791595.0,3.476,3.512,3.47
2022-11-24,510300,沪深300ETF,3.472,1848016848.0,482148926.0,3.506,3.524,3.466
2022-11-25,510300,沪深300ETF,3.493,2105975532.0,549215773.0,3.475,3.51,3.461
2022-11-28,510300,沪深300ETF,3.448,2355441434.0,626091449.0,3.428,3.455,3.386
2022-11-29,510300,沪深300ETF,3.564,2792262749.0,720706845.0,3.47,3.573,3.47
2022-11-30,510300,沪深300ETF,3.567,1796654800.0,459485800.0,3.554,3.583,3.551
2022-12-01,510300,沪深300ETF,3.612,2528610659.0,635412583.0,3.636,3.666,3.611
2022-12-02,510300,沪深300ETF,3.589,4066062110.0,1030421029.0,3.611,3.62,3.587
2022-12-05,510300,沪深300ETF,3.659999999,3492977853.0,876177074.0,3.63,3.662999999,3.613
2022-12-06,510300,沪深300ETF,3.683,3081714196.0,765807260.0,3.648,3.706,3.644
2022-12-07,510300,沪深300ETF,3.670999999,2745026152.0,682075053.0,3.675999999,3.722,3.656
2022-12-08,510300,沪深300ETF,3.68,2047176131.0,509409492.0,3.670999999,3.689,3.659
2022-12-09,510300,沪深300ETF,3.714,2613255569.0,647455186.0,3.678999999,3.725,3.664
2022-12-12,510300,沪深300ETF,3.672,1880206885.0,466857524.0,3.701,3.701,3.667999999
2022-12-13,510300,沪深300ETF,3.661,1459236500.0,363674333.0,3.674,3.683999999,3.656
2022-12-14,510300,沪深300ETF,3.670999999,2495651006.0,621907353.0,3.666,3.689,3.651
2022-12-15,510300,沪深300ETF,3.669,2126027806.0,530751298.0,3.672,3.681,3.644
2022-12-16,510300,沪深300ETF,3.673,3639862008.0,908368692.0,3.667,3.682,3.648
2022-12-19,510300,沪深300ETF,3.615,2965759177.0,745196491.0,3.678,3.689,3.598
2022-12-20,510300,沪深300ETF,3.552,3188456650.0,815565496.0,3.601,3.604,3.529
2022-12-21,510300,沪深300ETF,3.549,2038360701.0,523055800.0,3.557,3.567,3.538
2022-12-22,510300,沪深300ETF,3.557,2690306339.0,687820977.0,3.572,3.6,3.537
2022-12-23,510300,沪深300ETF,3.547,4222061974.0,1084791027.0,3.54,3.568,3.528
2022-12-26,510300,沪深300ETF,3.556,2542745278.0,651193684.0,3.546,3.576,3.544
2022-12-27,510300,沪深300ETF,3.603,2292894562.0,582048797.0,3.596,3.609,3.575
2022-12-28,510300,沪深300ETF,3.59,2553573421.0,649268983.0,3.595,3.601,3.573
2022-12-29,510300,沪深300ETF,3.578,2825957366.0,721271003.0,3.575,3.589,3.552
2022-12-30,510300,沪深300ETF,3.594,2485143924.0,630228576.0,3.593,3.607,3.59
2023-01-03,510300,沪深300ETF,3.605,2576087718.0,656310782.0,3.593,3.617,3.546
2023-01-04,510300,沪深300ETF,3.61,3874438389.0,980799721.0,3.604,3.621,3.587
2023-01-05,510300,沪深300ETF,3.685,3108571448.0,774502293.0,3.631,3.691,3.628
2023-01-06,510300,沪深300ETF,3.701,2187353311.0,541080825.0,3.686,3.718,3.682
2023-01-09,510300,沪深300ETF,3.726,3178181433.0,780959941.0,3.721,3.742,3.707999999
2023-01-10,510300,沪深300ETF,3.731999999,3033001135.0,744262224.0,3.723999999,3.747999999,3.718
2023-01-11,510300,沪深300ETF,3.731999999,2334923330.0,571511439.0,3.733,3.761,3.725
2023-01-12,510300,沪深300ETF,3.738,1328948654.0,325587208.0,3.739,3.750999999,3.723999999
2023-01-13,510300,沪深300ETF,3.8,2702284069.0,655908997.0,3.745,3.803999999,3.745
2023-01-16,510300,沪深300ETF,3.863,7109168359.0,1716375927.0,3.805,3.904,3.803
2023-01-17,510300,沪深300ETF,3.859,2488168863.0,601513127.0,3.863,3.872,3.842
2023-01-18,510300,沪深300ETF,3.85,1843406132.0,445690058.0,3.866,3.872,3.846
2023-01-19,510300,沪深300ETF,3.878,2513066753.0,607432404.0,3.841,3.88,3.822999999
2023-01-20,510300,沪深300ETF,3.901,2382114372.0,570082196.0,3.893,3.914,3.885
2023-01-30,510300,沪深300ETF,3.925,3386449597.0,801347080.0,3.98,3.987,3.918
2023-01-31,510300,沪深300ETF,3.879,4761842944.0,1139222231.0,3.928,3.936999999,3.872
2023-02-01,510300,沪深300ETF,3.91,2981748341.0,715651962.0,3.883999999,3.912,3.853
2023-02-02,510300,沪深300ETF,3.899999999,4188623374.0,1001852833.0,3.922,3.925,3.883
2023-02-03,510300,沪深300ETF,3.856999999,3961301299.0,960052104.0,3.874,3.877,3.821
2023-02-06,510300,沪深300ETF,3.8,2982940562.0,731459703.0,3.822999999,3.824,3.778
2023-02-07,510300,沪深300ETF,3.81,2263547380.0,553988104.0,3.806,3.821,3.79
2023-02-08,510300,沪深300ETF,3.793,1889787994.0,462871301.0,3.811999999,3.829,3.785
2023-02-09,510300,沪深300ETF,3.847,2450554135.0,595888582.0,3.787,3.851,3.782999999
2023-02-10,510300,沪深300ETF,3.822999999,2135893097.0,520522436.0,3.848,3.848,3.806
2023-02-13,510300,沪深300ETF,3.855,3415190764.0,828010137.0,3.81,3.861,3.803
2023-02-14,510300,沪深300ETF,3.864,1374345788.0,332632366.0,3.861,3.867,3.839
2023-02-15,510300,沪深300ETF,3.835999999,2658512888.0,645506758.0,3.861,3.874,3.827999999
2023-02-16,510300,沪深300ETF,3.806999999,3275079466.0,792510051.0,3.84,3.888,3.782
2023-02-17,510300,沪深300ETF,3.749,3025278809.0,743394922.0,3.805,3.821,3.745
2023-02-20,510300,沪深300ETF,3.854,4282521265.0,1049525486.0,3.754,3.856999999,3.747999999
2023-02-21,510300,沪深300ETF,3.859,2318009475.0,560902494.0,3.854,3.87,3.834
2023-02-22,510300,沪深300ETF,3.819,1861371777.0,452945439.0,3.843,3.854,3.811999999
2023-02-23,510300,沪深300ETF,3.819,1908740957.0,465559533.0,3.822999999,3.845,3.801
2023-02-24,510300,沪深300ETF,3.779999999,3282777177.0,808776154.0,3.818,3.818,3.76
2023-02-27,510300,沪深300ETF,3.765,1848791379.0,456957503.0,3.76,3.782999999,3.747999999
2023-02-28,510300,沪深300ETF,3.790999999,1963458643.0,484545431.0,3.777,3.795999999,3.739999999
2023-03-01,510300,沪深300ETF,3.84,4856375177.0,1180480952.0,3.787,3.856,3.779999999
2023-03-02,510300,沪深300ETF,3.835,1808866225.0,439132860.0,3.83,3.854,3.827
2023-03-03,510300,沪深300ETF,3.843999999,1730990673.0,420175727.0,3.846,3.856,3.814
2023-03-06,510300,沪深300ETF,3.819,3808515076.0,929302452.0,3.845,3.847,3.8
2023-03-07,510300,沪深300ETF,3.762,2756431261.0,674649418.0,3.814999999,3.838,3.758999999
2023-03-08,510300,沪深300ETF,3.746,1735039806.0,431315362.0,3.75,3.755,3.73
2023-03-09,510300,沪深300ETF,3.736,1639051249.0,407936491.0,3.752,3.755999999,3.712
2023-03-10,510300,沪深300ETF,3.681,1982846713.0,498112925.0,3.71,3.723999999,3.679
2023-03-13,510300,沪深300ETF,3.725,1865984620.0,467452924.0,3.681,3.728,3.681
2023-03-14,510300,沪深300ETF,3.7,1842611053.0,463541570.0,3.72,3.72,3.665
2023-03-15,510300,沪深300ETF,3.699,1571377024.0,393301056.0,3.726,3.736,3.698
2023-03-16,510300,沪深300ETF,3.653,1713141943.0,433143817.0,3.68,3.699,3.65
2023-03-17,510300,沪深300ETF,3.674,4453754362.0,1123501196.0,3.68,3.723999999,3.655
2023-03-20,510300,沪深300ETF,3.652,2258210593.0,570954757.0,3.674,3.696,3.646
2023-03-21,510300,沪深300ETF,3.695,2206195773.0,556743661.0,3.663,3.699,3.661
2023-03-22,510300,沪深300ETF,3.713,2323803781.0,581756157.0,3.705,3.729,3.699
2023-03-23,510300,沪深300ETF,3.750999999,2143951550.0,534472929.0,3.7,3.752,3.698
2023-03-24,510300,沪深300ETF,3.746,1025007603.0,254895254.0,3.742999999,3.754,3.734
2023-03-27,510300,沪深300ETF,3.725,1966086521.0,491254674.0,3.745,3.745,3.704
2023-03-28,510300,沪深300ETF,3.717,2029086627.0,507206125.0,3.726,3.738,3.71
2023-03-29,510300,沪深300ETF,3.717,2467227537.0,616336308.0,3.738,3.739,3.711
2023-03-30,510300,沪深300ETF,3.76,2238129589.0,557206977.0,3.718,3.761,3.701
2023-03-31,510300,沪深300ETF,3.77,2718176592.0,671162479.0,3.765,3.782999999,3.758999999
2023-04-03,510300,沪深300ETF,3.8,2243377317.0,551339698.0,3.77,3.811,3.765
2023-04-04,510300,沪深300ETF,3.819999999,1960368642.0,480308724.0,3.8,3.822,3.792
2023-04-06,510300,沪深300ETF,3.808,1544679079.0,378286841.0,3.805,3.813,3.793
2023-04-07,510300,沪深300ETF,3.837,1355999026.0,329585683.0,3.808,3.848999999,3.806
2023-04-10,510300,沪深300ETF,3.822,1948356331.0,474361579.0,3.848,3.848999999,3.818
2023-04-11,510300,沪深300ETF,3.811999999,2195224021.0,535954987.0,3.825,3.832,3.798
2023-04-12,510300,沪深300ETF,3.808,1373120380.0,335833687.0,3.813,3.818,3.8
2023-04-13,510300,沪深300ETF,3.782999999,1635782613.0,402190738.0,3.798999999,3.805,3.777
2023-04-14,510300,沪深300ETF,3.803999999,1860596353.0,456032644.0,3.795,3.814,3.790999999
2023-04-17,510300,沪深300ETF,3.864999999,2605868198.0,632547999.0,3.801,3.867,3.8
2023-04-18,510300,沪深300ETF,3.872,1726660643.0,416054295.0,3.864,3.883,3.856
2023-04-19,510300,沪深300ETF,3.839,1688498846.0,408573024.0,3.874,3.874,3.835
2023-04-20,510300,沪深300ETF,3.822999999,2491260807.0,607308636.0,3.838,3.842,3.81
2023-04-21,510300,沪深300ETF,3.75,2776624903.0,683648627.0,3.822999999,3.826,3.744
2023-04-24,510300,沪深300ETF,3.699,2372492823.0,594093664.0,3.749,3.752,3.683
2023-04-25,510300,沪深300ETF,3.68,3820424644.0,966426771.0,3.7,3.708,3.644
2023-04-26,510300,沪深300ETF,3.671,3570141037.0,903465326.0,3.678,3.69,3.654
2023-04-27,510300,沪深300ETF,3.706,1857891159.0,467769671.0,3.668,3.72,3.66
2023-04-28,510300,沪深300ETF,3.745,1813115078.0,451806234.0,3.717,3.75,3.711
2023-05-04,510300,沪深300ETF,3.745,1356998397.0,337861124.0,3.733,3.747,3.716
2023-05-05,510300,沪深300ETF,3.729,1355979468.0,337949905.0,3.746,3.758,3.709
2023-05-08,510300,沪深300ETF,3.774,2769137971.0,684815156.0,3.736,3.784,3.731
2023-05-09,510300,沪深300ETF,3.739,2299963548.0,566890688.0,3.779,3.805,3.739
2023-05-10,510300,沪深300ETF,3.708,3663507046.0,916593316.0,3.737,3.739,3.7
2023-05-11,510300,沪深300ETF,3.703,1284651681.0,321615029.0,3.718,3.728,3.7
2023-05-12,510300,沪深300ETF,3.652,2053102560.0,518774522.0,3.702,3.716,3.65
2023-05-15,510300,沪深300ETF,3.715,3203031252.0,810757396.0,3.654,3.716,3.643
2023-05-16,510300,沪深300ETF,3.698,1620578488.0,406820310.0,3.714,3.72,3.682
2023-05-17,510300,沪深300ETF,3.671,2535368771.0,640580508.0,3.691,3.702,3.661
2023-05-18,510300,沪深300ETF,3.67,2770097587.0,700600219.0,3.678,3.698,3.651
2023-05-19,510300,沪深300ETF,3.664,1347166083.0,341712585.0,3.66,3.686,3.642
2023-05-22,510300,沪深300ETF,3.684,1981482735.0,500375723.0,3.663,3.705,3.65
2023-05-23,510300,沪深300ETF,3.627,2405349012.0,611757337.0,3.687,3.691,3.626
2023-05-24,510300,沪深300ETF,3.574,2973586313.0,767277616.0,3.622,3.623,3.572
2023-05-25,510300,沪深300ETF,3.565,1888723116.0,491856745.0,3.568,3.578,3.532
2023-05-26,510300,沪深300ETF,3.57,1713952910.0,446203660.0,3.563,3.581,3.533
2023-05-29,510300,沪深300ETF,3.554,1546653526.0,403013549.0,3.578,3.59,3.539
2023-05-30,510300,沪深300ETF,3.558,2186287405.0,572097944.0,3.546,3.567,3.51
2023-05-31,510300,沪深300ETF,3.522,2792006056.0,733875712.0,3.548,3.548,3.505
2023-06-01,510300,沪深300ETF,3.53,2579669883.0,674975697.0,3.519,3.56,3.514
2023-06-02,510300,沪深300ETF,3.583,2672332967.0,692978097.0,3.55,3.593,3.55
2023-06-05,510300,沪深300ETF,3.565,1389909743.0,361154926.0,3.577,3.581,3.555
2023-06-06,510300,沪深300ETF,3.528,1579493947.0,411569703.0,3.566,3.594,3.524
2023-06-07,510300,沪深300ETF,3.516,1416641429.0,372176673.0,3.54,3.547,3.503
2023-06-08,510300,沪深300ETF,3.548,1462204388.0,383488893.0,3.516,3.563,3.503
2023-06-09,510300,沪深300ETF,3.564,2021624139.0,527068856.0,3.549,3.567,3.542
2023-06-12,510300,沪深300ETF,3.568,1768357700.0,459659336.0,3.56,3.59,3.545
2023-06-13,510300,沪深300ETF,3.597,1353181342.0,350388028.0,3.56,3.6,3.557
2023-06-14,510300,沪深300ETF,3.597,1727523754.0,444113622.0,3.599,3.624,3.595
2023-06-15,510300,沪深300ETF,3.662,1990297387.0,508430549.0,3.606,3.663,3.6
2023-06-16,510300,沪深300ETF,3.699,2389873017.0,602148804.0,3.669,3.708,3.669
2023-06-19,510300,沪深300ETF,3.669,1583693179.0,400307379.0,3.699,3.699,3.664
2023-06-20,510300,沪深300ETF,3.662,1396571289.0,353892342.0,3.661,3.679,3.656
2023-06-21,510300,沪深300ETF,3.607,1915610962.0,489353700.0,3.655,3.659,3.605
2023-06-26,510300,沪深300ETF,3.563,2462685974.0,640495600.0,3.586,3.59,3.551
2023-06-27,510300,沪深300ETF,3.589,1532293882.0,397102074.0,3.562,3.599,3.555
2023-06-28,510300,沪深300ETF,3.597,1786039957.0,462745613.0,3.583,3.598,3.557
2023-06-29,510300,沪深300ETF,3.579,1159259690.0,300262647.0,3.597,3.599,3.567
2023-06-30,510300,沪深300ETF,3.602,2058017000.0,529918250.0,3.578,3.62,3.573
2023-07-03,510300,沪深300ETF,3.647,1857984547.0,473909707.0,3.61,3.659,3.608
2023-07-04,510300,沪深300ETF,3.654,990312869.0,252121289.0,3.645,3.656,3.639
2023-07-05,510300,沪深300ETF,3.627,1061461518.0,271215241.0,3.648,3.654,3.621
2023-07-06,510300,沪深300ETF,3.599,1349288878.0,346743884.0,3.62,3.64,3.594
2023-07-07,510300,沪深300ETF,3.588,1170006594.0,302277670.0,3.595,3.604,3.579
2023-07-10,510300,沪深300ETF,3.604,1668025659.0,428486811.0,3.606,3.63,3.592
2023-07-11,510300,沪深300ETF,3.63,2292218456.0,587438934.0,3.617,3.635,3.607
2023-07-12,510300,沪深300ETF,3.611,1520311053.0,389410768.0,3.634,3.64,3.601
2023-07-13,510300,沪深300ETF,3.674,2254997240.0,572286552.0,3.63,3.677,3.63
2023-07-14,510300,沪深300ETF,3.672,1437431006.0,363262103.0,3.68,3.684,3.67
2023-07-17,510300,沪深300ETF,3.644,1757874089.0,448612566.0,3.666,3.666,3.628
2023-07-18,510300,沪深300ETF,3.638,1044528809.0,266670716.0,3.645,3.652,3.625
2023-07-19,510300,沪深300ETF,3.636,1958620837.0,501240659.0,3.63,3.644,3.615
2023-07-20,510300,沪深300ETF,3.608,3409059171.0,871507069.0,3.643,3.662,3.601
2023-07-21,510300,沪深300ETF,3.61,2831069309.0,727250149.0,3.608,3.637,3.595
2023-07-24,510300,沪深300ETF,3.593,1762582929.0,454981986.0,3.59,3.617,3.584
2023-07-25,510300,沪深300ETF,3.705,4516702930.0,1140982393.0,3.64,3.706,3.64
2023-07-26,510300,沪深300ETF,3.696,2336248742.0,588038574.0,3.7,3.702,3.681
2023-07-27,510300,沪深300ETF,3.692,2399970524.0,602465765.0,3.705,3.718,3.68
2023-07-28,510300,沪深300ETF,3.787999999,6045486970.0,1496488403.0,3.673,3.795,3.673
2023-07-31,510300,沪深300ETF,3.803999999,7347223022.0,1790634998.0,3.819999999,3.861,3.794
2023-08-01,510300,沪深300ETF,3.786,4628166309.0,1135981581.0,3.8,3.825,3.774999999
2023-08-02,510300,沪深300ETF,3.757,3195405068.0,789439831.0,3.779,3.8,3.746
2023-08-03,510300,沪深300ETF,3.793,2990984772.0,737931112.0,3.750999999,3.795,3.750999999
2023-08-04,510300,沪深300ETF,3.814,5844695555.0,1422357458.0,3.835,3.851999999,3.8
2023-08-07,510300,沪深300ETF,3.782999999,5203107906.0,1281422408.0,3.795999999,3.795999999,3.769
2023-08-08,510300,沪深300ETF,3.768,4524172048.0,1116579062.0,3.768,3.795,3.755
2023-08-09,510300,沪深300ETF,3.76,5388159549.0,1332507901.0,3.758,3.774999999,3.754
2023-08-10,510300,沪深300ETF,3.765,3788454446.0,938250908.0,3.758,3.77,3.734
2023-08-11,510300,沪深300ETF,3.67,5137860063.0,1288559813.0,3.765,3.768,3.668
2023-08-14,510300,沪深300ETF,3.643,4062406138.0,1038600330.0,3.639,3.652,3.604
2023-08-15,510300,沪深300ETF,3.639,3193418408.0,816519410.0,3.647,3.655,3.601
2023-08-16,510300,沪深300ETF,3.609,3338499228.0,855849476.0,3.622,3.642,3.607
2023-08-17,510300,沪深300ETF,3.622,4488757418.0,1156118339.0,3.591,3.629,3.575
2023-08-18,510300,沪深300ETF,3.572,4949895035.0,1275546546.0,3.624,3.634,3.571
2023-08-21,510300,沪深300ETF,3.52,4211773045.0,1100924357.0,3.563,3.574,3.517
2023-08-22,510300,沪深300ETF,3.543,5068251898.0,1331528873.0,3.538,3.561,3.492
2023-08-23,510300,沪深300ETF,3.488,4103294098.822,1082419722.0,3.53,3.541,3.479
2023-08-24,510300,沪深300ETF,3.511,3613485225.0,952654779.0,3.495,3.54,3.492
2023-08-25,510300,沪深300ETF,3.504,4441349667.0,1174535468.0,3.496,3.529,3.488
2023-08-28,510300,沪深300ETF,3.557,10967426433.0,2822011765.0,3.731,3.731,3.53
2023-08-29,510300,沪深300ETF,3.579,8447914072.0,2194052531.0,3.54,3.608,3.538
2023-08-30,510300,沪深300ETF,3.578,4005949852.0,1036132286.0,3.584,3.604,3.57
2023-08-31,510300,沪深300ETF,3.559,3223625329.0,838468826.0,3.578,3.585,3.55
2023-09-01,510300,沪深300ETF,3.582,3061777815.0,792692488.0,3.577,3.6,3.57
2023-09-04,510300,沪深300ETF,3.64,4631839161.0,1185523274.0,3.61,3.65,3.594
2023-09-05,510300,沪深300ETF,3.613,2454185740.0,629770096.0,3.63,3.632,3.605
2023-09-06,510300,沪深300ETF,3.603,2772119111.0,715176127.0,3.6,3.613,3.586
2023-09-07,510300,沪深300ETF,3.55,3620025670.0,941034963.0,3.595,3.596,3.546
2023-09-08,510300,沪深300ETF,3.529,3117927088.0,818635834.0,3.535,3.548,3.516
2023-09-11,510300,沪深300ETF,3.557,3130054721.0,816650788.0,3.53,3.581,3.523
2023-09-12,510300,沪深300ETF,3.552,2280742953.0,594936910.0,3.554,3.566,3.545
2023-09-13,510300,沪深300ETF,3.527,3927790358.0,1032133123.0,3.551,3.562,3.507
2023-09-14,510300,沪深300ETF,3.524,3527433204.0,928283035.0,3.526,3.538,3.505
2023-09-15,510300,沪深300ETF,3.507,4515384978.0,1190622112.0,3.531,3.538,3.489
2023-09-18,510300,沪深300ETF,3.52,3740921119.0,985926393.0,3.498,3.531,3.484
2023-09-19,510300,沪深300ETF,3.515,2752539515.0,727006269.0,3.516,3.518,3.492
2023-09-20,510300,沪深300ETF,3.497,2399486875.0,634135498.0,3.505,3.513,3.497
2023-09-21,510300,沪深300ETF,3.462,3378417954.0,899197017.0,3.489,3.503,3.461
2023-09-22,510300,沪深300ETF,3.537,4719058010.0,1247116554.0,3.456,3.538,3.455
2023-09-25,510300,沪深300ETF,3.509,2656946227.0,700905651.0,3.526,3.529,3.502
2023-09-26,510300,沪深300ETF,3.488,3257834057.0,862908481.0,3.506,3.517,3.486
2023-09-27,510300,沪深300ETF,3.498,4074752971.0,1078053958.0,3.487,3.525,3.486
2023-09-28,510300,沪深300ETF,3.484,4221645459.0,1120612353.0,3.505,3.511,3.476
2023-10-09,510300,沪深300ETF,3.474,3273783140.0,875213072.0,3.477,3.488,3.433
2023-10-10,510300,沪深300ETF,3.447,3475885457.0,927932376.0,3.486,3.498,3.444
2023-10-11,510300,沪深300ETF,3.455,3346389864.0,893498708.0,3.465,3.482,3.447
2023-10-12,510300,沪深300ETF,3.491,3516113484.0,933521569.0,3.49,3.505,3.472
2023-10-13,510300,沪深300ETF,3.456,4239502340.0,1135095339.0,3.47,3.471,3.444
2023-10-16,510300,沪深300ETF,3.413,4217878506.0,1138980584.0,3.456,3.458,3.402
2023-10-17,510300,沪深300ETF,3.425,3286594496.0,888060300.0,3.42,3.433,3.407
2023-10-18,510300,沪深300ETF,3.397,2986654336.0,810270594.0,3.419,3.423,3.395
2023-10-19,510300,沪深300ETF,3.32,6128588638.0,1690368777.0,3.38,3.38,3.315
2023-10-20,510300,沪深300ETF,3.302,6233727376.0,1740446164.0,3.303,3.32,3.285
2023-10-23,510300,沪深300ETF,3.264,9591980200.0,2710241709.0,3.288,3.29,3.232
2023-10-24,510300,沪深300ETF,3.269,5440874384.0,1535012975.0,3.273,3.283,3.24
2023-10-25,510300,沪深300ETF,3.289,4957392955.0,1383351568.0,3.308,3.323,3.287
2023-10-26,510300,沪深300ETF,3.302,4074940755.0,1143609497.0,3.275,3.306,3.268
2023-10-27,510300,沪深300ETF,3.356,5952697550.0,1647662397.0,3.294,3.369,3.285
2023-10-30,510300,沪深300ETF,3.372,3503763582.0,961401373.0,3.342,3.383,3.34
2023-10-31,510300,沪深300ETF,3.364,3053046237.0,839660029.0,3.365,3.37,3.342
2023-11-01,510300,沪深300ETF,3.362,2960433483.0,811983400.0,3.4,3.4,3.352
2023-11-02,510300,沪深300ETF,3.345,3915900772.0,1075381583.0,3.368,3.389,3.344
2023-11-03,510300,沪深300ETF,3.373,3863396873.0,1057822683.0,3.351,3.388,3.35
2023-11-06,510300,沪深300ETF,3.421,4344615629.0,1176649562.0,3.395,3.425,3.394
2023-11-07,510300,沪深300ETF,3.41,2424393951.0,657529091.0,3.412,3.421,3.396
2023-11-08,510300,沪深300ETF,3.399,4175672872.0,1135321220.0,3.403,3.416,3.378
2023-11-09,510300,沪深300ETF,3.402,3012831353.0,818569445.0,3.391,3.415,3.389
2023-11-10,510300,沪深300ETF,3.375,2864208754.0,784176792.0,3.388,3.388,3.363
2023-11-13,510300,沪深300ETF,3.37,2456900620.0,674463335.0,3.379,3.386,3.35
2023-11-14,510300,沪深300ETF,3.37,2750944509.0,753317217.0,3.374,3.39,3.355
2023-11-15,510300,沪深300ETF,3.395,3654308894.0,994063130.0,3.4,3.411,3.383
2023-11-16,510300,沪深300ETF,3.359,3216526669.0,881556665.0,3.39,3.393,3.357
2023-11-17,510300,沪深300ETF,3.354,4344183851.0,1198450872.0,3.35,3.358,3.332
2023-11-20,510300,沪深300ETF,3.365,3119864711.0,858430360.0,3.357,3.377,3.33
2023-11-21,510300,沪深300ETF,3.37,3414862520.0,931605485.0,3.375,3.406,3.36
2023-11-22,510300,沪深300ETF,3.331,2765607794.0,762202706.0,3.361,3.366,3.33
2023-11-23,510300,沪深300ETF,3.35,2800813039.0,774971808.0,3.329,3.352,3.315
2023-11-24,510300,沪深300ETF,3.325,2684275512.0,743453294.0,3.346,3.347,3.318
2023-11-27,510300,沪深300ETF,3.301,2773819650.0,776295648.0,3.324,3.324,3.277
2023-11-28,510300,沪深300ETF,3.305,2603222024.0,727483741.0,3.295,3.31,3.286
2023-11-29,510300,沪深300ETF,3.278,2702123586.0,759056998.0,3.306,3.309,3.265
2023-11-30,510300,沪深300ETF,3.282,2377329010.0,667810076.0,3.274,3.292,3.267
2023-12-01,510300,沪深300ETF,3.268,3046328676.0,860468131.0,3.281,3.287,3.239
2023-12-04,510300,沪深300ETF,3.244,2448340185.0,692522952.0,3.271,3.274,3.243
2023-12-05,510300,沪深300ETF,3.178,3519764103.0,1008789571.0,3.239,3.239,3.177
2023-12-06,510300,沪深300ETF,3.183,3471511576.0,1001944865.0,3.174,3.203,3.164
2023-12-07,510300,沪深300ETF,3.174,3222732043.0,934505826.0,3.181,3.188,3.151
2023-12-08,510300,沪深300ETF,3.181,2456531937.0,709198592.0,3.175,3.193,3.17
2023-12-11,510300,沪深300ETF,3.205,3440612626.0,998247834.0,3.16,3.217,3.135
2023-12-12,510300,沪深300ETF,3.213,2232549949.0,640724215.0,3.196,3.215,3.193
2023-12-13,510300,沪深300ETF,3.155,2449237490.0,708815211.0,3.202,3.206,3.152
2023-12-14,510300,沪深300ETF,3.139,2548257393.0,741533123.0,3.171,3.185,3.134
2023-12-15,510300,沪深300ETF,3.132,3083345817.0,899976785.0,3.15,3.174,3.125
2023-12-18,510300,沪深300ETF,3.118,2880805451.0,847303752.0,3.118,3.139,3.1
2023-12-19,510300,沪深300ETF,3.12,3728059629.0,1098536629.0,3.117,3.134,3.1
2023-12-20,510300,沪深300ETF,3.089,3505163478.0,1034717610.0,3.124,3.129,3.085
2023-12-21,510300,沪深300ETF,3.12,5392955427.0,1592448074.0,3.075,3.131,3.072
2023-12-22,510300,沪深300ETF,3.126,7076759645.0,2076526541.0,3.117,3.15,3.102
2023-12-25,510300,沪深300ETF,3.135,3425066434.0,1004146545.0,3.125,3.14,3.121
2023-12-26,510300,沪深300ETF,3.115,2637394901.0,777169320.0,3.133,3.133,3.105
2023-12-27,510300,沪深300ETF,3.125,2840693989.0,836172465.0,3.116,3.131,3.098
2023-12-28,510300,沪深300ETF,3.209,8259924175.0,2383299192.0,3.121,3.218,3.12
2023-12-29,510300,沪深300ETF,3.219,8806298908.0,2518873484.0,3.208,3.225,3.202
2024-01-02,510300,沪深300ETF,3.173,3269676679.0,942930578.0,3.222,3.222,3.171
2024-01-03,510300,沪深300ETF,3.163,3654757871.0,1061750273.0,3.166,3.18,3.148
2024-01-04,510300,沪深300ETF,3.133,5674869534.0,1666152481.0,3.162,3.162,3.107
2024-01-05,510300,沪深300ETF,3.116,5796964474.0,1699669666.0,3.124,3.159,3.097
2024-01-08,510300,沪深300ETF,3.069,5816612453.0,1730424386.0,3.109,3.123,3.066
2024-01-09,510300,沪深300ETF,3.077,3794394933.0,1131217813.0,3.071,3.091,3.059
2024-01-10,510300,沪深300ETF,3.061,3211385597.0,958254057.0,3.07,3.101,3.052
2024-01-11,510300,沪深300ETF,3.08,4254642486.0,1266237158.0,3.061,3.1,3.054
2024-01-12,510300,沪深300ETF,3.069,2826380699.0,841327273.0,3.071,3.097,3.066
2024-01-15,510300,沪深300ETF,3.065,3030920178.0,905570620.0,3.05,3.095,3.044
2024-01-16,510300,沪深300ETF,3.087,5925099758.0,1768952352.0,3.06,3.088,3.046
2024-01-17,510300,沪深300ETF,3.012,4278633103.0,1286215182.0,3.077,3.077,3.01
2024-01-18,510300,沪深300ETF,3.057,15257021704.0,4754351134.0,3.007,3.064,2.955
2024-01-19,510300,沪深300ETF,3.064,12079016731.0,3694452124.0,3.038,3.074,3.031
2024-01-22,510300,沪深300ETF,2.995,15113081733.0,4647056467.0,3.054,3.064,2.982
2024-01-23,510300,沪深300ETF,3.017,4481443569.0,1392480372.0,2.988,3.036,2.975
2024-01-24,510300,沪深300ETF,3.068,7373901841.0,2278936853.0,3.028,3.069,2.977
2024-01-25,510300,沪深300ETF,3.124,5449682868.0,1648701409.0,3.059,3.129,3.05
2024-01-26,510300,沪深300ETF,3.118,7273329362.0,2183305124.0,3.117,3.139,3.101
2024-01-29,510300,沪深300ETF,3.088,3358335864.0,1011393030.0,3.12,3.134,3.087
2024-01-30,510300,沪深300ETF,3.032,6186331951.0,1889262338.0,3.07,3.087,3.03
2024-01-31,510300,沪深300ETF,3.011,6157214385.0,1909099700.0,3.022,3.038,2.986
2024-02-01,510300,沪深300ETF,3.007,6091552415.0,1890997581.0,2.989,3.037,2.979
2024-02-02,510300,沪深300ETF,2.977,8074716502.0,2538694215.0,3.007,3.021,2.891
2024-02-05,510300,沪深300ETF,2.997,8439536816.0,2660178739.0,2.947,3.023,2.9
2024-02-06,510300,沪深300ETF,3.1,6562526022.0,2008918168.0,2.974,3.103,2.971
2024-02-07,510300,沪深300ETF,3.129,11514587248.0,3465814670.0,3.099,3.131,3.076
2024-02-08,510300,沪深300ETF,3.151,8019665628.0,2394261979.0,3.141,3.155,3.122
2024-02-19,510300,沪深300ETF,3.178,5016056179.0,1486187642.0,3.163,3.181,3.144
2024-02-20,510300,沪深300ETF,3.19,3322077448.0,980166818.0,3.172,3.194,3.161
2024-02-21,510300,沪深300ETF,3.238,5528334980.0,1600958050.0,3.177,3.285,3.171
2024-02-22,510300,沪深300ETF,3.264,3270537309.0,944635129.0,3.236,3.266,3.23
2024-02-23,510300,沪深300ETF,3.267,3794512188.0,1090877384.0,3.264,3.286,3.253
2024-02-26,510300,沪深300ETF,3.232,3865703825.0,1117236848.0,3.265,3.271,3.226
2024-02-27,510300,沪深300ETF,3.273,3620336718.0,1046884914.0,3.224,3.275,3.222
2024-02-28,510300,沪深300ETF,3.237,9926190298.0,2854997884.0,3.276,3.303,3.235
2024-02-29,510300,沪深300ETF,3.292,5163736038.0,1483585030.0,3.229,3.296,3.226
2024-03-01,510300,沪深300ETF,3.319,4311480716.0,1225639313.0,3.29,3.329,3.284
2024-03-04,510300,沪深300ETF,3.316,3576642516.0,1014654993.0,3.315,3.326,3.297
2024-03-05,510300,沪深300ETF,3.345,9924986737.0,2799101870.0,3.304,3.355,3.297
2024-03-06,510300,沪深300ETF,3.331,4612496593.0,1299527425.0,3.34,3.361,3.327
2024-03-07,510300,沪深300ETF,3.312,3740550493.0,1058948004.0,3.33,3.349,3.304
2024-03-08,510300,沪深300ETF,3.322,3038389403.0,862187698.0,3.314,3.329,3.293
2024-03-11,510300,沪深300ETF,3.37,3980306236.0,1120761515.0,3.32,3.373,3.319
2024-03-12,510300,沪深300ETF,3.375,3962320648.0,1105839572.0,3.372,3.388,3.357
2024-03-13,510300,沪深300ETF,3.354,2448621615.0,685870558.0,3.374,3.374,3.344
2024-03-14,510300,沪深300ETF,3.341,2499760281.0,701881148.0,3.349,3.376,3.324
2024-03-15,510300,沪深300ETF,3.35,3005272035.0,849023790.0,3.331,3.355,3.311
2024-03-18,510300,沪深300ETF,3.381,2817049387.0,787332932.0,3.35,3.382,3.35
2024-03-19,510300,沪深300ETF,3.358,2344663833.0,654875208.0,3.375,3.389,3.354
2024-03-20,510300,沪深300ETF,3.361,1920793104.0,537962049.0,3.35,3.371,3.347
2024-03-21,510300,沪深300ETF,3.359,2218906080.0,619733207.0,3.369,3.383,3.354
2024-03-22,510300,沪深300ETF,3.328,5127448694.0,1450637754.0,3.356,3.357,3.301
2024-03-25,510300,沪深300ETF,3.309,2227919111.0,630542664.0,3.319,3.344,3.306
2024-03-26,510300,沪深300ETF,3.32,3098650769.0,879103283.0,3.309,3.327,3.301
2024-03-27,510300,沪深300ETF,3.282,3074186800.0,874647452.0,3.315,3.321,3.281
2024-03-28,510300,沪深300ETF,3.299,3626832966.0,1031925094.0,3.28,3.333,3.27
2024-03-29,510300,沪深300ETF,3.315,2290152714.0,651195899.0,3.296,3.319,3.294
2024-04-01,510300,沪深300ETF,3.373,3911633845.0,1093262535.0,3.329,3.383,3.328
2024-04-02,510300,沪深300ETF,3.361,2083908476.0,583191382.0,3.372,3.376,3.35
2024-04-03,510300,沪深300ETF,3.347,2129802753.0,598346410.0,3.359,3.361,3.337
2024-04-08,510300,沪深300ETF,3.318,2511699150.0,709948668.0,3.339,3.345,3.313
2024-04-09,510300,沪深300ETF,3.312,1882130476.0,534537135.0,3.316,3.323,3.301
2024-04-10,510300,沪深300ETF,3.286,2385834189.0,681671142.0,3.313,3.313,3.269
2024-04-11,510300,沪深300ETF,3.283,1884073688.0,539115871.0,3.27,3.302,3.264
2024-04-12,510300,沪深300ETF,3.255,2575786145.0,740512912.0,3.283,3.294,3.246
2024-04-15,510300,沪深300ETF,3.328,3869936517.0,1099953730.0,3.255,3.334,3.253
2024-04-16,510300,沪深300ETF,3.296,3210005558.0,913229847.0,3.313,3.324,3.28
2024-04-17,510300,沪深300ETF,3.342,3514407052.0,996466434.0,3.296,3.346,3.28
2024-04-18,510300,沪深300ETF,3.348,3319194193.0,930219267.0,3.333,3.383,3.33
2024-04-19,510300,沪深300ETF,3.32,2277856492.0,644275741.0,3.334,3.343,3.307
2024-04-22,510300,沪深300ETF,3.313,2562064527.0,725182362.0,3.319,3.341,3.307
2024-04-23,510300,沪深300ETF,3.288,3302843911.0,942847430.0,3.313,3.319,3.282
2024-04-24,510300,沪深300ETF,3.302,2081789894.0,594231908.0,3.294,3.306,3.278
2024-04-25,510300,沪深300ETF,3.312,2337486533.0,664755214.0,3.292,3.326,3.284
2024-04-26,510300,沪深300ETF,3.362,4889467155.0,1374313959.0,3.313,3.37,3.313
2024-04-29,510300,沪深300ETF,3.405,5523568416.0,1530322426.0,3.366,3.427,3.361
2024-04-30,510300,沪深300ETF,3.387,2971763282.0,823109014.0,3.404,3.413,3.385
2024-05-06,510300,沪深300ETF,3.437,4778963455.0,1309061067.0,3.429,3.453,3.424
2024-05-07,510300,沪深300ETF,3.439,2503006857.0,686018359.0,3.434,3.445,3.426
2024-05-08,510300,沪深300ETF,3.41,2318202807.0,638775858.0,3.432,3.433,3.407
2024-05-09,510300,沪深300ETF,3.445,2372500248.0,650202324.0,3.409,3.451,3.408
2024-05-10,510300,沪深300ETF,3.447,3157134930.0,865095400.0,3.452,3.459,3.42
2024-05-13,510300,沪深300ETF,3.444,2701728525.0,741159442.0,3.426,3.455,3.408
2024-05-14,510300,沪深300ETF,3.438,2144402883.0,587666800.0,3.444,3.459,3.427
2024-05-15,510300,沪深300ETF,3.412,3109209781.0,855946284.0,3.436,3.44,3.406
2024-05-16,510300,沪深300ETF,3.424,3822598483.0,1051197527.0,3.419,3.44,3.41
2024-05-17,510300,沪深300ETF,3.465,3401620100.0,932046931.0,3.424,3.468,3.412
2024-05-20,510300,沪深300ETF,3.473,3450627455.0,936535896.0,3.471,3.489,3.459
2024-05-21,510300,沪深300ETF,3.461,1824951018.0,496983882.0,3.468,3.472,3.449
2024-05-22,510300,沪深300ETF,3.469,2488949571.0,676684556.0,3.459,3.478,3.452
2024-05-23,510300,沪深300ETF,3.432,2548466424.0,698806053.0,3.46,3.463,3.42
2024-05-24,510300,沪深300ETF,3.391,3048259226.0,841274200.0,3.421,3.439,3.387
2024-05-27,510300,沪深300ETF,3.421,2421614804.0,669622487.0,3.394,3.423,3.39
2024-05-28,510300,沪深300ETF,3.398,1923959394.0,531753198.0,3.42,3.422,3.391
2024-05-29,510300,沪深300ETF,3.399,2225724205.0,615245082.0,3.397,3.422,3.39
2024-05-30,510300,沪深300ETF,3.385,2801007806.0,777925303.0,3.392,3.414,3.377
2024-05-31,510300,沪深300ETF,3.371,2602439724.0,723218340.0,3.391,3.405,3.369
2024-06-03,510300,沪深300ETF,3.376,2533469501.0,707511590.0,3.369,3.388,3.354
2024-06-04,510300,沪深300ETF,3.401,2455442420.0,681737902.0,3.374,3.413,3.368
2024-06-05,510300,沪深300ETF,3.388,2108415409.0,583939433.0,3.402,3.411,3.386
2024-06-06,510300,沪深300ETF,3.388,3703349866.0,1026699323.0,3.395,3.419,3.374
2024-06-07,510300,沪深300ETF,3.365,3679748332.0,1028127109.0,3.391,3.399,3.344
2024-06-11,510300,沪深300ETF,3.34,3120655858.0,879916985.0,3.356,3.358,3.322
2024-06-12,510300,沪深300ETF,3.336,2021361645.0,569835311.0,3.333,3.345,3.325
2024-06-13,510300,沪深300ETF,3.323,1942881857.0,548803711.0,3.344,3.347,3.314
2024-06-14,510300,沪深300ETF,3.343,2384388229.0,674103954.0,3.316,3.347,3.306
2024-06-17,510300,沪深300ETF,3.333,1393127820.0,393017195.0,3.326,3.342,3.321
2024-06-18,510300,沪深300ETF,3.344,1951607303.0,549035200.0,3.338,3.354,3.332
2024-06-19,510300,沪深300ETF,3.334,1883345443.0,530859528.0,3.346,3.35,3.329
2024-06-20,510300,沪深300ETF,3.311,1957492953.0,554655780.0,3.332,3.34,3.305
2024-06-21,510300,沪深300ETF,3.305,6909858710.0,1965867737.0,3.306,3.314,3.282
2024-06-24,510300,沪深300ETF,3.288,7315197212.0,2087545529.0,3.291,3.315,3.282
2024-06-25,510300,沪深300ETF,3.267,6057065481.0,1738458468.0,3.284,3.293,3.248
2024-06-26,510300,沪深300ETF,3.288,3639499501.0,1045489522.0,3.259,3.296,3.253
2024-06-27,510300,沪深300ETF,3.269,4995169625.0,1433704942.0,3.279,3.285,3.263
2024-06-28,510300,沪深300ETF,3.276,4457663634.0,1275543418.0,3.263,3.3,3.262
2024-07-01,510300,沪深300ETF,3.29,2977313191.0,853604020.0,3.276,3.296,3.256
2024-07-02,510300,沪深300ETF,3.285,2097312039.0,599204907.0,3.283,3.3,3.278
2024-07-03,510300,沪深300ETF,3.279,2761083445.0,791424029.0,3.283,3.292,3.269
2024-07-04,510300,沪深300ETF,3.264,5436186195.0,1559923712.0,3.282,3.298,3.262
2024-07-05,510300,沪深300ETF,3.247,5643439643.0,1636384501.0,3.259,3.267,3.217
2024-07-08,510300,沪深300ETF,3.223,3240708452.0,942625516.0,3.24,3.247,3.215
2024-07-09,510300,沪深300ETF,3.26,3689270214.0,1068895639.0,3.218,3.273,3.207
2024-07-10,510300,沪深300ETF,3.252,2010659819.0,579282100.0,3.253,3.271,3.249
2024-07-11,510300,沪深300ETF,3.298,3685787239.0,1052437774.0,3.279,3.308,3.266
2024-07-12,510300,沪深300ETF,3.308,3066853429.0,872369380.0,3.3,3.313,3.294
2024-07-15,510300,沪深300ETF,3.315,4423002980.0,1255008224.0,3.3,3.32,3.297
2024-07-16,510300,沪深300ETF,3.34,5710212236.0,1612508698.0,3.309,3.344,3.306
2024-07-17,510300,沪深300ETF,3.345,8028962162.0,2256564400.0,3.338,3.359,3.329
2024-07-18,510300,沪深300ETF,3.366,6976289739.0,1961181500.0,3.33,3.368,3.321
2024-07-19,510300,沪深300ETF,3.389,11368072270.0,3169662602.0,3.354,3.395,3.341
2024-07-22,510300,沪深300ETF,3.36,6131911990.0,1716307285.0,3.384,3.387,3.34
2024-07-23,510300,沪深300ETF,3.29,3244779189.0,919533700.0,3.355,3.36,3.287
2024-07-24,510300,沪深300ETF,3.268,5196094516.0,1491083494.0,3.284,3.298,3.255
2024-07-25,510300,沪深300ETF,3.248,7073298526.0,2045552535.0,3.253,3.265,3.23
2024-07-26,510300,沪深300ETF,3.263,4708501591.0,1357970329.0,3.249,3.272,3.241
2024-07-29,510300,沪深300ETF,3.243,2058113230.0,594937600.0,3.259,3.261,3.242
2024-07-30,510300,沪深300ETF,3.22,5228653801.0,1525086114.0,3.235,3.235,3.206
2024-07-31,510300,沪深300ETF,3.297,5353003146.0,1538908320.0,3.22,3.299,3.216
2024-08-01,510300,沪深300ETF,3.272,2783731528.0,796540400.0,3.291,3.304,3.27
2024-08-02,510300,沪深300ETF,3.236,4492045041.0,1299773300.0,3.249,3.272,3.23
2024-08-05,510300,沪深300ETF,3.197,6920794410.0,2018310938.0,3.22,3.263,3.196
2024-08-06,510300,沪深300ETF,3.197,4403870273.0,1293627530.0,3.217,3.227,3.17
2024-08-07,510300,沪深300ETF,3.19,2088374404.0,612543796.0,3.19,3.214,3.18
2024-08-08,510300,沪深300ETF,3.194,2910131505.0,854107231.0,3.185,3.218,3.172
2024-08-09,510300,沪深300ETF,3.182,2060032809.0,604053582.0,3.205,3.219,3.181
2024-08-12,510300,沪深300ETF,3.178,1730501718.0,510219975.0,3.18,3.191,3.172
2024-08-13,510300,沪深300ETF,3.183,2355493509.0,695806300.0,3.18,3.187,3.161
2024-08-14,510300,沪深300ETF,3.159,1895836817.0,561099800.0,3.184,3.184,3.158
2024-08-15,510300,沪深300ETF,3.197,6477429750.0,1904638108.0,3.154,3.212,3.15
2024-08-16,510300,沪深300ETF,3.199,5598868064.0,1640761708.0,3.193,3.211,3.187
2024-08-19,510300,沪深300ETF,3.208,2564014063.0,747825318.0,3.198,3.233,3.196
2024-08-20,510300,沪深300ETF,3.192,5419638977.0,1594474848.0,3.213,3.215,3.177
2024-08-21,510300,沪深300ETF,3.177,3580301585.0,1055369805.0,3.18,3.195,3.163
2024-08-22,510300,沪深300ETF,3.168,4229630780.0,1250479415.0,3.179,3.184,3.16
2024-08-23,510300,沪深300ETF,3.182,2781431192.0,820342800.0,3.16,3.194,3.16
2024-08-26,510300,沪深300ETF,3.183,4747763549.0,1400679914.0,3.184,3.196,3.167
2024-08-27,510300,沪深300ETF,3.166,4098131754.0,1214220097.0,3.176,3.179,3.156
2024-08-28,510300,沪深300ETF,3.146,6698906857.0,1995580276.0,3.159,3.166,3.134
2024-08-29,510300,沪深300ETF,3.136,5052924865.0,1508247743.0,3.138,3.151,3.129
2024-08-30,510300,沪深300ETF,3.181,6055678708.0,1785899811.0,3.131,3.212,3.131
2024-09-02,510300,沪深300ETF,3.121,3798026307.0,1133306500.0,3.17,3.172,3.119
2024-09-03,510300,沪深300ETF,3.133,4323110376.0,1293552308.0,3.119,3.141,3.117
2024-09-04,510300,沪深300ETF,3.112,2264442533.0,680305800.0,3.12,3.132,3.11
2024-09-05,510300,沪深300ETF,3.119,5326213535.0,1600555757.0,3.115,3.129,3.109
2024-09-06,510300,沪深300ETF,3.091,2635539673.0,793315700.0,3.124,3.134,3.089
2024-09-09,510300,沪深300ETF,3.05,3333497562.0,1018897104.0,3.081,3.085,3.039
2024-09-10,510300,沪深300ETF,3.05,2821540043.0,866655438.0,3.052,3.064,3.028
2024-09-11,510300,沪深300ETF,3.043,2540394225.0,780890193.0,3.042,3.056,3.03
2024-09-12,510300,沪深300ETF,3.032,2090444738.0,642379317.0,3.048,3.061,3.03
2024-09-13,510300,沪深300ETF,3.017,2758508174.0,850468092.0,3.034,3.046,3.016
2024-09-18,510300,沪深300ETF,3.027,3961249915.0,1225439069.0,3.016,3.04,3.004
2024-09-19,510300,沪深300ETF,3.054,5332278336.0,1634887021.0,3.032,3.075,3.005
2024-09-20,510300,沪深300ETF,3.063,7514201387.0,2306561983.0,3.047,3.068,3.028
2024-09-23,510300,沪深300ETF,3.072,2948484470.0,897316534.0,3.058,3.089,3.052
2024-09-24,510300,沪深300ETF,3.216,13212614699.0,3918516217.0,3.103,3.218,3.082
2024-09-25,510300,沪深300ETF,3.263,11342949010.0,3237346937.0,3.278,3.333,3.256
2024-09-26,510300,沪深300ETF,3.429,15792061339.0,4442962141.0,3.257,3.432,3.256
2024-09-27,510300,沪深300ETF,3.658,9610052344.0,2559461161.0,3.489,3.722,3.459
2024-09-30,510300,沪深300ETF,4.021999999,25799279642.0,6370234083.0,3.795999999,4.029,3.665
2024-10-08,510300,沪深300ETF,4.201,38303717305.0,8629822438.0,4.445,4.445,3.997
2024-10-09,510300,沪深300ETF,3.811,22450547643.0,5409196572.0,4.074,4.074,3.794
2024-10-10,510300,沪深300ETF,3.875,15473060494.0,3779000075.0,3.859,3.973999999,3.788
2024-10-11,510300,沪深300ETF,3.766,16347430929.0,4090077741.0,3.846,3.848999999,3.712
2024-10-14,510300,沪深300ETF,3.829,12444027076.0,3104931745.0,3.776,3.848999999,3.735
2024-10-15,510300,沪深300ETF,3.72,10426846503.0,2613870743.0,3.803,3.835,3.716
2024-10-16,510300,沪深300ETF,3.695,8450464021.0,2161119628.0,3.68,3.749,3.671
2024-10-17,510300,沪深300ETF,3.652,11450617810.0,2935435621.0,3.719,3.749,3.651
2024-10-18,510300,沪深300ETF,3.805,14349439594.0,3620917893.0,3.647,3.907,3.635
2024-10-21,510300,沪深300ETF,3.805,10167737315.0,2529336395.0,3.806,3.848999999,3.769
2024-10-22,510300,沪深300ETF,3.829,6711416525.0,1666924499.0,3.791,3.835,3.79
2024-10-23,510300,沪深300ETF,3.843999999,9196021921.0,2266629209.0,3.829,3.886,3.81
2024-10-24,510300,沪深300ETF,3.8,6418011399.0,1598248721.0,3.827,3.831,3.782
2024-10-25,510300,沪深300ETF,3.829,6801807389.0,1685265820.0,3.800999999,3.867,3.792
2024-10-28,510300,沪深300ETF,3.835,5622580497.0,1396308141.0,3.824,3.835999999,3.789
2024-10-29,510300,沪深300ETF,3.802,7237339621.0,1794628159.0,3.839,3.867999999,3.792
2024-10-30,510300,沪深300ETF,3.76,7210707530.0,1812859109.0,3.79,3.8,3.734
2024-10-31,510300,沪深300ETF,3.76,7004839523.0,1763649256.0,3.758,3.795999999,3.727
2024-11-01,510300,沪深300ETF,3.768,7259471612.0,1817756019.0,3.753,3.807,3.75
2024-11-04,510300,沪深300ETF,3.821,4997179234.0,1249314386.0,3.771,3.823,3.76
2024-11-05,510300,沪深300ETF,3.925999999,11308231751.0,2763014444.0,3.813,3.928,3.799
2024-11-06,510300,沪深300ETF,3.9,8976072158.0,2173424760.0,3.925999999,3.968999999,3.874
2024-11-07,510300,沪深300ETF,4.037,11598082835.0,2788718924.0,3.869,4.039,3.864999999
2024-11-08,510300,沪深300ETF,3.983,11867165449.0,2808023160.0,4.071,4.079,3.967
2024-11-11,510300,沪深300ETF,4.004,9617369865.0,2304365136.0,3.941,4.008,3.919
2024-11-12,510300,沪深300ETF,3.957999999,9698713979.0,2304166776.0,3.999,4.057,3.933999999
2024-11-13,510300,沪深300ETF,3.984,6569000903.0,1572794347.0,3.939,3.995,3.935
2024-11-14,510300,沪深300ETF,3.912999999,6015521584.0,1443885260.0,3.976999999,3.992,3.906
2024-11-15,510300,沪深300ETF,3.843999999,6875318302.0,1676993542.0,3.903,3.923,3.839
2024-11-18,510300,沪深300ETF,3.827,6552723785.0,1610092584.0,3.859999999,3.907,3.802
2024-11-19,510300,沪深300ETF,3.847,6731130787.0,1670544920.0,3.829,3.85,3.77
2024-11-20,510300,沪深300ETF,3.856999999,6285302021.0,1548530434.0,3.835,3.874,3.827
2024-11-21,510300,沪深300ETF,3.862,4249179703.0,1045470681.0,3.848999999,3.871,3.837
2024-11-22,510300,沪深300ETF,3.742,7058103342.0,1757191250.0,3.859999999,3.863,3.735
2024-11-25,510300,沪深300ETF,3.72,5349569691.0,1359085769.0,3.744,3.761,3.683
2024-11-26,510300,沪深300ETF,3.712,3086739740.0,784707886.0,3.703,3.745,3.702
2024-11-27,510300,沪深300ETF,3.776,5739351636.0,1451987366.0,3.705,3.781,3.69
2024-11-28,510300,沪深300ETF,3.747,4256335685.0,1072407289.0,3.773,3.778,3.737
2024-11-29,510300,沪深300ETF,3.79,6126864756.0,1529771604.0,3.749,3.835999999,3.746
2024-12-02,510300,沪深300ETF,3.819999999,3948066718.0,981634781.0,3.786,3.832,3.776
2024-12-03,510300,沪深300ETF,3.824,6140454912.0,1524423707.0,3.819,3.840999999,3.794
2024-12-04,510300,沪深300ETF,3.803,4047901833.0,1006947918.0,3.819,3.83,3.792
2024-12-05,510300,沪深300ETF,3.795999999,3042872203.0,759522918.0,3.795,3.811,3.783
2024-12-06,510300,沪深300ETF,3.846,7198784380.0,1776229382.0,3.795999999,3.874,3.795
2024-12-09,510300,沪深300ETF,3.843,5050072365.0,1246418685.0,3.843,3.869,3.819
2024-12-10,510300,沪深300ETF,3.874,10257484391.0,2482795311.0,3.968,3.987,3.862
2024-12-11,510300,沪深300ETF,3.864,5136178221.0,1258715973.0,3.867,3.883,3.854
2024-12-12,510300,沪深300ETF,3.906,5577925837.0,1360180433.0,3.866,3.911,3.855
2024-12-13,510300,沪深300ETF,3.808999999,9490500688.0,2346569729.0,3.880999999,3.880999999,3.800999999
2024-12-16,510300,沪深300ETF,3.785,3956401792.0,989323074.0,3.807,3.81,3.775
2024-12-17,510300,沪深300ETF,3.795999999,5482919074.0,1364669228.0,3.782,3.832,3.78
2024-12-18,510300,沪深300ETF,3.813,4121893615.0,1023609617.0,3.808999999,3.827999999,3.803999999
2024-12-19,510300,沪深300ETF,3.819,3977931242.0,990362211.0,3.789,3.827,3.77
2024-12-20,510300,沪深300ETF,3.807,4921231692.0,1223061986.0,3.813,3.834,3.800999999
2024-12-23,510300,沪深300ETF,3.811,5749434770.0,1424702200.0,3.806,3.842,3.803999999
2024-12-24,510300,沪深300ETF,3.858,5907574012.0,1456343427.0,3.813,3.864999999,3.811
2024-12-25,510300,沪深300ETF,3.861,5775975676.0,1418137500.0,3.861,3.883,3.843
2024-12-26,510300,沪深300ETF,3.862,3855435790.0,947023402.0,3.861,3.867999999,3.845
2024-12-27,510300,沪深300ETF,3.856,4428609591.0,1086963910.0,3.864999999,3.888,3.85
2024-12-30,510300,沪深300ETF,3.875,5359063002.0,1311933462.0,3.855,3.882,3.854
2024-12-31,510300,沪深300ETF,3.811,7479851076.0,1843618788.0,3.875999999,3.883,3.808999999
2025-01-02,510300,沪深300ETF,3.698,8582891966.0,2172980338.0,3.808999999,3.81,3.67
2025-01-03,510300,沪深300ETF,3.658,6191152281.0,1593022599.0,3.698,3.71,3.642
2025-01-06,510300,沪深300ETF,3.642,5000830631.0,1298673930.0,3.654,3.662,3.617
2025-01-07,510300,沪深300ETF,3.669,3741067135.0,968974000.0,3.634,3.671,3.625
2025-01-08,510300,沪深300ETF,3.663,5440502616.0,1409796811.0,3.659,3.688,3.604
2025-01-09,510300,沪深300ETF,3.655,3119907404.0,806065805.0,3.652,3.669,3.646
2025-01-10,510300,沪深300ETF,3.612,3179602825.0,826572500.0,3.654,3.664,3.611
2025-01-13,510300,沪深300ETF,3.597,3613570705.0,949394700.0,3.59,3.615,3.582
2025-01-14,510300,沪深300ETF,3.695,6369926277.0,1644546233.0,3.604,3.707,3.598
2025-01-15,510300,沪深300ETF,3.672,2886729493.0,742049621.0,3.685,3.693,3.666
2025-01-16,510300,沪深300ETF,3.674,4322396833.0,1109005172.0,3.685,3.722,3.65
2025-01-17,510300,沪深300ETF,3.687,3304922190.0,847699295.0,3.664,3.711,3.657
2025-01-20,510300,沪深300ETF,3.706,3619235609.0,920294300.0,3.71,3.738,3.697
2025-01-21,510300,沪深300ETF,3.711,2916284005.0,743926440.0,3.726,3.73,3.694
2025-01-22,510300,沪深300ETF,3.675,4270106497.0,1099680655.0,3.705,3.705,3.657
2025-01-23,510300,沪深300ETF,3.686,4075002566.0,1038592839.0,3.704,3.747,3.683
2025-01-24,510300,沪深300ETF,3.718,4485387449.0,1143647489.0,3.678,3.732,3.672
2025-01-27,510300,沪深300ETF,3.696,5123431141.0,1305384964.0,3.725,3.734,3.693
2025-02-05,510300,沪深300ETF,3.676,2927530877.0,751549710.0,3.719,3.723,3.668
2025-02-06,510300,沪深300ETF,3.721,5435915349.0,1388636482.0,3.673,3.726,3.67
2025-02-07,510300,沪深300ETF,3.777,7669642167.0,1930631373.0,3.722,3.803,3.715
2025-02-10,510300,沪深300ETF,3.781,5055466090.0,1267264550.0,3.778,3.789,3.763
2025-02-11,510300,沪深300ETF,3.765,3973032663.0,999035889.0,3.786,3.787,3.752
2025-02-12,510300,沪深300ETF,3.803,3903102518.0,978953664.0,3.763,3.808,3.749
2025-02-13,510300,沪深300ETF,3.792999999,4719508133.0,1175822696.0,3.798,3.823,3.787
2025-02-14,510300,沪深300ETF,3.823,5196144834.0,1292428680.0,3.789,3.829,3.786
2025-02-17,510300,沪深300ETF,3.83,5380966546.0,1334102006.0,3.832999999,3.842,3.800999999
2025-02-18,510300,沪深300ETF,3.800999999,5027787885.0,1246591063.0,3.824,3.847,3.785
2025-02-19,510300,沪深300ETF,3.822,4102654822.0,1019076858.0,3.794,3.83,3.789
2025-02-20,510300,沪深300ETF,3.81,4094980472.0,1018603498.0,3.818,3.822,3.797
2025-02-21,510300,沪深300ETF,3.864,5834090272.0,1437266514.0,3.821,3.869,3.808999999
2025-02-24,510300,沪深300ETF,3.851,6256202737.0,1538578218.0,3.859,3.878,3.83
2025-02-25,510300,沪深300ETF,3.81,3596194905.0,892489991.0,3.824,3.84,3.797
2025-02-26,510300,沪深300ETF,3.843,5430499637.0,1345658133.0,3.816999999,3.843999999,3.808
2025-02-27,510300,沪深300ETF,3.856,4570197712.0,1128585642.0,3.845,3.858,3.816999999
2025-02-28,510300,沪深300ETF,3.783,5343803359.0,1329334000.0,3.838,3.854,3.771
2025-03-03,510300,沪深300ETF,3.77,4581300848.0,1145768613.0,3.784,3.816,3.755
2025-03-04,510300,沪深300ETF,3.766,4019370464.0,1012184770.0,3.749,3.773,3.741
2025-03-05,510300,沪深300ETF,3.783,4748819507.0,1191901642.0,3.769,3.788,3.757
2025-03-06,510300,沪深300ETF,3.838,5540793752.0,1371007879.0,3.803999999,3.851,3.8
2025-03-07,510300,沪深300ETF,3.827999999,4671741021.0,1155997084.0,3.829,3.85,3.819
2025-03-10,510300,沪深300ETF,3.811999999,5792520821.0,1442783688.0,3.826,3.831,3.788
2025-03-11,510300,沪深300ETF,3.824,4027510341.0,1002917003.0,3.783,3.824999999,3.779
2025-03-12,510300,沪深300ETF,3.814,2456951615.0,609231681.0,3.827,3.839,3.807
2025-03-13,510300,沪深300ETF,3.794,2572874364.0,641043804.0,3.813,3.822,3.782
2025-03-14,510300,沪深300ETF,3.895,7767222868.0,1903718328.0,3.800999999,3.902,3.799
2025-03-17,510300,沪深300ETF,3.883,4647468370.0,1133042029.0,3.907,3.912,3.877
2025-03-18,510300,沪深300ETF,3.891999999,3329371908.0,811404323.0,3.896999999,3.904,3.88
2025-03-19,510300,沪深300ETF,3.898,3609853058.0,879831286.0,3.887,3.91,3.872999999
2025-03-20,510300,沪深300ETF,3.864999999,3573521339.0,875142561.0,3.898,3.898,3.856999999
2025-03-21,510300,沪深300ETF,3.799,4092584085.0,1014915677.0,3.851999999,3.867999999,3.789
2025-03-24,510300,沪深300ETF,3.816,3179823658.0,791222086.0,3.798,3.819999999,3.792999999
2025-03-25,510300,沪深300ETF,3.818,2463223975.0,611531644.0,3.816999999,3.827999999,3.806
2025-03-26,510300,沪深300ETF,3.802,3114333330.0,774255385.0,3.814,3.829,3.799
2025-03-27,510300,沪深300ETF,3.816,3224972886.0,801525164.0,3.8,3.839,3.784
2025-03-28,510300,沪深300ETF,3.797,2826192921.0,704304791.0,3.816,3.818,3.789
2025-03-31,510300,沪深300ETF,3.773,3600807135.0,902172863.0,3.792999999,3.813,3.758
2025-04-01,510300,沪深300ETF,3.771,2452333015.0,615015541.0,3.777,3.792,3.768
2025-04-02,510300,沪深300ETF,3.768,2505793835.0,629117600.0,3.772,3.785,3.76
2025-04-03,510300,沪深300ETF,3.748,4411676416.0,1114330792.0,3.737,3.769,3.732
2025-04-07,510300,沪深300ETF,3.484,24314516116.0,6560988000.0,3.589,3.629,3.393
2025-04-08,510300,沪深300ETF,3.519,21668647143.0,5853533299.0,3.487,3.528,3.46
2025-04-09,510300,沪深300ETF,3.555,6334479041.0,1698201419.0,3.484,3.563,3.467
2025-04-10,510300,沪深300ETF,3.618,5465041115.0,1429631663.0,3.606,3.636,3.587
2025-04-11,510300,沪深300ETF,3.629,3298517131.0,861984187.0,3.599,3.64,3.589
2025-04-14,510300,沪深300ETF,3.637,3627429751.0,941570983.0,3.648,3.654,3.631
2025-04-15,510300,沪深300ETF,3.64,3773853446.0,981793477.0,3.633,3.646,3.614
2025-04-16,510300,沪深300ETF,3.649,8373466072.0,2177133740.0,3.63,3.658,3.6
2025-04-17,510300,沪深300ETF,3.652,5357723628.0,1387340598.0,3.631,3.66,3.63
2025-04-18,510300,沪深300ETF,3.662,5327127532.0,1378050739.0,3.646,3.668,3.636
2025-04-21,510300,沪深300ETF,3.664,2762708291.0,712631513.0,3.654,3.675,3.646
2025-04-22,510300,沪深300ETF,3.667,2919236921.0,752043609.0,3.664,3.682,3.662
2025-04-23,510300,沪深300ETF,3.671,2391310228.0,615504094.0,3.681,3.696,3.662
2025-04-24,510300,沪深300ETF,3.671,1894334207.0,487361469.0,3.671,3.692,3.66
2025-04-25,510300,沪深300ETF,3.671,2243036186.0,577193480.0,3.676,3.688,3.664
2025-04-28,510300,沪深300ETF,3.665,2421364302.0,624709030.0,3.672,3.675,3.653
2025-04-29,510300,沪深300ETF,3.658,1914265261.0,494734986.0,3.663,3.669,3.651
2025-04-30,510300,沪深300ETF,3.655,1937487287.0,500453684.0,3.659,3.675,3.653
2025-05-06,510300,沪深300ETF,3.692,2795762534.0,717825309.0,3.675,3.695,3.669
2025-05-07,510300,沪深300ETF,3.716,4110994908.0,1047081171.0,3.739,3.751,3.699
2025-05-08,510300,沪深300ETF,3.739,3087094214.0,782005719.0,3.707,3.755,3.707
2025-05-09,510300,沪深300ETF,3.734,2734071470.0,693374829.0,3.735,3.739,3.721
2025-05-12,510300,沪深300ETF,3.779,3327197559.0,836500229.0,3.752,3.781,3.746
2025-05-13,510300,沪深300ETF,3.783,3170416334.0,793400917.0,3.8,3.800999999,3.777
2025-05-14,510300,沪深300ETF,3.834,4893477242.0,1214790218.0,3.784,3.855,3.781
2025-05-15,510300,沪深300ETF,3.8,3287897242.0,817722375.0,3.827,3.83,3.792999999
2025-05-16,510300,沪深300ETF,3.778,2913902471.0,730283731.0,3.791,3.798,3.766
2025-05-19,510300,沪深300ETF,3.772,2212057936.0,556298093.0,3.773,3.777,3.754
2025-05-20,510300,沪深300ETF,3.792,2198868086.0,549987479.0,3.773,3.805,3.769
2025-05-21,510300,沪深300ETF,3.808,2253851046.0,560603133.0,3.792999999,3.819999999,3.792
2025-05-22,510300,沪深300ETF,3.806,1975447858.0,491932009.0,3.807,3.816,3.792
2025-05-23,510300,沪深300ETF,3.777,3391996057.0,845089070.0,3.800999999,3.827999999,3.776
2025-05-26,510300,沪深300ETF,3.756,2939168237.0,740485719.0,3.771,3.782,3.745
2025-05-27,510300,沪深300ETF,3.735,2285272068.0,578288400.0,3.754,3.758,3.728
2025-05-28,510300,沪深300ETF,3.731,2130111536.0,539920166.0,3.736,3.745,3.727
2025-05-29,510300,沪深300ETF,3.755,3531865335.0,891039442.0,3.734,3.768,3.728
2025-05-30,510300,沪深300ETF,3.748,2910576351.0,737030741.0,3.748,3.753,3.721
2025-06-03,510300,沪深300ETF,3.746,2361902723.0,596786798.0,3.735,3.761,3.731
2025-06-04,510300,沪深300ETF,3.763,1846404388.0,464543350.0,3.748,3.774,3.747
2025-06-05,510300,沪深300ETF,3.773,2116243913.0,531965733.0,3.767,3.783,3.756
2025-06-06,510300,沪深300ETF,3.775,1948178948.0,488880795.0,3.776,3.788,3.767
2025-06-09,510300,沪深300ETF,3.784,2322756628.0,581098178.0,3.778,3.799,3.773
2025-06-10,510300,沪深300ETF,3.761,3069054930.0,771051770.0,3.786,3.794,3.747
2025-06-11,510300,沪深300ETF,3.792999999,4422015632.0,1103509525.0,3.763,3.813,3.763
2025-06-12,510300,沪深300ETF,3.795,2758909222.0,690087151.0,3.787,3.802,3.769
2025-06-13,510300,沪深300ETF,3.769,2779843230.0,698016832.0,3.787,3.791,3.756
2025-06-16,510300,沪深300ETF,3.779,2586770171.0,649326744.0,3.763,3.783,3.76
2025-06-17,510300,沪深300ETF,3.778,1925078391.0,482891300.0,3.78,3.786,3.763
2025-06-18,510300,沪深300ETF,3.781,1874167101.0,480803410.0,3.78,3.787,3.759
2025-06-19,510300,沪深300ETF,3.75,2331339243.0,600788572.0,3.775,3.776,3.74
2025-06-20,510300,沪深300ETF,3.755,1641824026.0,423044140.0,3.749,3.765,3.748
2025-06-23,510300,沪深300ETF,3.768,2908735828.0,749244714.0,3.746,3.779,3.739
2025-06-24,510300,沪深300ETF,3.813,4815432117.0,1224554880.0,3.773,3.827,3.773
2025-06-25,510300,沪深300ETF,3.878,6841352725.0,1724116122.0,3.816,3.88,3.812
2025-06-26,510300,沪深300ETF,3.863,3745893284.0,937967872.0,3.872,3.880999999,3.862
2025-06-27,510300,沪深300ETF,3.84,4258505726.0,1069691383.0,3.867,3.89,3.835
2025-06-30,510300,沪深300ETF,3.859,4300171928.0,1081958996.0,3.838,3.862,3.833
2025-07-01,510300,沪深300ETF,3.865,2551468709.0,640686095.0,3.857,3.869,3.846
2025-07-02,510300,沪深300ETF,3.869,2069608324.0,518883509.0,3.862,3.876,3.852
2025-07-03,510300,沪深300ETF,3.891999999,2748927253.0,686381903.0,3.871,3.896999999,3.868
2025-07-04,510300,沪深300ETF,3.909,4241383565.0,1052562084.0,3.888,3.942,3.880999999
2025-07-07,510300,沪深300ETF,3.891,1614976763.0,402251440.0,3.903,3.909,3.882
2025-07-08,510300,沪深300ETF,3.925,2473798113.0,612248738.0,3.893,3.933,3.89
2025-07-09,510300,沪深300ETF,3.922,2626402688.0,647660804.0,3.925,3.946,3.917
2025-07-10,510300,沪深300ETF,3.942,2569715942.0,632387667.0,3.922,3.967,3.920999999
2025-07-11,510300,沪深300ETF,3.955999999,5184103110.0,1264855146.0,3.943,4.007,3.942
2025-07-14,510300,沪深300ETF,3.955,3351107668.0,820547885.0,3.955,3.971,3.952999999
2025-07-15,510300,沪深300ETF,3.955,3292797650.0,807481346.0,3.959,3.981,3.93
2025-07-16,510300,沪深300ETF,3.946,1951853024.0,479181889.0,3.955999999,3.97,3.933
2025-07-17,510300,沪深300ETF,3.979,2443096232.0,597822533.0,3.946,3.979999999,3.944999999
2025-07-18,510300,沪深300ETF,4.008999999,2940955208.0,713129616.0,3.984999999,4.013,3.982
2025-07-21,510300,沪深300ETF,4.034,3184284274.0,767461325.0,4.013999999,4.037,4.011
2025-07-22,510300,沪深300ETF,4.077999999,4516788944.0,1082109050.0,4.036,4.08,4.019
2025-07-23,510300,沪深300ETF,4.076,4188253000.0,994731531.0,4.080999999,4.111,4.064999999
2025-07-24,510300,沪深300ETF,4.101999999,3729028292.0,885235951.0,4.072,4.104999999,4.067
2025-07-25,510300,沪深300ETF,4.08,3452281674.0,820085976.0,4.101999999,4.101999999,4.069999999
2025-07-28,510300,沪深300ETF,4.091,2535151857.0,602771297.0,4.08,4.1,4.063
2025-07-29,510300,沪深300ETF,4.112,3395606595.0,805978553.0,4.085,4.113,4.069
2025-07-30,510300,沪深300ETF,4.109,4023783503.0,950252156.0,4.104,4.141999999,4.084
2025-07-31,510300,沪深300ETF,4.032,4687659264.0,1122912575.0,4.098,4.098,4.019
2025-08-01,510300,沪深300ETF,4.01,2531113831.0,611567102.0,4.024999999,4.039,3.995
2025-08-04,510300,沪深300ETF,4.029,1801388564.0,435567200.0,3.999,4.031,3.994
2025-08-05,510300,沪深300ETF,4.06,2282989180.0,548068072.0,4.031,4.061999999,4.028
2025-08-06,510300,沪深300ETF,4.071,1713095761.0,408944907.0,4.058,4.076,4.053
2025-08-07,510300,沪深300ETF,4.069999999,2236786690.0,533965616.0,4.072999999,4.087,4.048
2025-08-08,510300,沪深300ETF,4.06,1771777749.0,423062400.0,4.064999999,4.077999999,4.052
2025-08-11,510300,沪深300ETF,4.079,2891923703.0,688151892.0,4.06,4.095,4.06
2025-08-12,510300,沪深300ETF,4.104999999,2036818306.0,482487210.0,4.077,4.114,4.077
2025-08-13,510300,沪深300ETF,4.14,3227703467.0,758840813.0,4.111,4.149,4.106
2025-08-14,510300,沪深300ETF,4.133,3797429985.0,887934379.0,4.141999999,4.18,4.125
2025-08-15,510300,沪深300ETF,4.172,4584387161.0,1071833947.0,4.119,4.179,4.117
2025-08-18,510300,沪深300ETF,4.204,4362087157.0,1009247534.0,4.175,4.237,4.162
2025-08-19,510300,沪深300ETF,4.182,3347920291.0,774332431.0,4.203,4.224,4.174
2025-08-20,510300,沪深300ETF,4.241,5938089045.0,1378416563.0,4.172,4.242,4.144
2025-08-21,510300,沪深300ETF,4.255,3997377735.0,913002468.0,4.245,4.271,4.235
2025-08-22,510300,沪深300ETF,4.356,6031204221.0,1360263420.0,4.252,4.361,4.251
2025-08-25,510300,沪深300ETF,4.442,6599627199.0,1456091826.0,4.378,4.449,4.374
2025-08-26,510300,沪深300ETF,4.418,5068845227.0,1114294146.0,4.431,4.449,4.404
2025-08-27,510300,沪深300ETF,4.352,6408311259.0,1412690404.0,4.418,4.462,4.35
2025-08-28,510300,沪深300ETF,4.436,5746035433.0,1276415694.0,4.346,4.438,4.329
2025-08-29,510300,沪深300ETF,4.478,6208498370.0,1355057364.0,4.427,4.49,4.417
2025-09-01,510300,沪深300ETF,4.493,5495420182.0,1193986671.0,4.484,4.501,4.457
2025-09-02,510300,沪深300ETF,4.467,4755250317.0,1034412186.0,4.49,4.52,4.427
2025-09-03,510300,沪深300ETF,4.426,4187703184.0,918862472.0,4.469,4.486,4.397
2025-09-04,510300,沪深300ETF,4.333,6352441030.0,1420822833.0,4.423,4.432,4.293
2025-09-05,510300,沪深300ETF,4.431,4780253830.0,1060332474.0,4.327,4.44,4.319
2025-09-08,510300,沪深300ETF,4.432,4701185135.0,1034021993.0,4.431,4.45,4.401
2025-09-09,510300,沪深300ETF,4.405,3084847254.0,680354536.0,4.422,4.441,4.379
2025-09-10,510300,沪深300ETF,4.415,2761984289.0,608658332.0,4.403,4.439,4.384
2025-09-11,510300,沪深300ETF,4.537,4504295390.0,978341822.0,4.404,4.539,4.394
2025-09-12,510300,沪深300ETF,4.498,4251540392.0,915858027.0,4.539,4.541,4.492
2025-09-15,510300,沪深300ETF,4.506,3346337207.0,721191518.0,4.499,4.539,4.491
2025-09-16,510300,沪深300ETF,4.497,3642646550.0,788903361.0,4.509,4.529,4.468
2025-09-17,510300,沪深300ETF,4.53,3315621289.0,715407882.0,4.492,4.536,4.476
2025-09-18,510300,沪深300ETF,4.471,5488692045.0,1187372710.0,4.532,4.553,4.431
2025-09-19,510300,沪深300ETF,4.481,3369611818.0,731613811.0,4.467,4.51,4.464
2025-09-22,510300,沪深300ETF,4.496,2896946428.0,629276623.0,4.481,4.498,4.459
2025-09-23,510300,沪深300ETF,4.499,4859849641.0,1055000135.0,4.504,4.533,4.435
2025-09-24,510300,沪深300ETF,4.54,4656117026.0,1004485867.0,4.474,4.541,4.473
2025-09-25,510300,沪深300ETF,4.572,3614405601.0,771336231.0,4.54,4.595,4.534
2025-09-26,510300,沪深300ETF,4.528,3344592886.0,715305937.0,4.554,4.576,4.527
2025-09-29,510300,沪深300ETF,4.605,5620190347.0,1195436520.0,4.525,4.632,4.517
2025-09-30,510300,沪深300ETF,4.618,3508639995.0,740380927.0,4.611,4.627,4.597
2025-10-09,510300,沪深300ETF,4.693,4308933449.0,897090608.0,4.631,4.713,4.627
2025-10-10,510300,沪深300ETF,4.596,5581932563.0,1174642559.0,4.664,4.671,4.581
2025-10-13,510300,沪深300ETF,4.569,4499844601.0,965836187.0,4.475,4.581,4.473
2025-10-14,510300,沪深300ETF,4.522,5445976980.0,1161909516.0,4.602,4.617,4.497
2025-10-15,510300,沪深300ETF,4.583,4649845988.0,997401276.0,4.525,4.592,4.504
2025-10-16,510300,沪深300ETF,4.598,3835512324.0,812463337.0,4.566,4.624,4.566
2025-10-17,510300,沪深300ETF,4.501,3909864092.0,840058205.0,4.592,4.601,4.489
2025-10-20,510300,沪深300ETF,4.517,3554256321.0,764417805.0,4.528,4.555,4.501
2025-10-21,510300,沪深300ETF,4.587,4511371971.0,959868519.0,4.533,4.6,4.529
2025-10-22,510300,沪深300ETF,4.572,2601506365.0,554484198.0,4.567,4.585,4.545
2025-10-23,510300,沪深300ETF,4.59,3267824361.0,699342841.0,4.564,4.596,4.519
2025-10-24,510300,沪深300ETF,4.647,4110591097.0,865303618.0,4.605,4.649,4.604
2025-10-27,510300,沪深300ETF,4.703,3652922851.0,758524912.0,4.685,4.708,4.673
2025-10-28,510300,沪深300ETF,4.679,3497088820.0,725949138.0,4.692,4.727,4.669
2025-10-29,510300,沪深300ETF,4.739,3284668925.0,679278356.0,4.687,4.741,4.687
2025-10-30,510300,沪深300ETF,4.7,3955485339.0,816461854.0,4.735,4.751,4.693
2025-10-31,510300,沪深300ETF,4.633,6851751220.0,1432568620.0,4.696,4.703,4.632
2025-11-03,510300,沪深300ETF,4.64,3674194550.0,775988137.0,4.629,4.644,4.582
2025-11-04,510300,沪深300ETF,4.606,5708778783.0,1201524329.0,4.637,4.65,4.583
2025-11-05,510300,沪深300ETF,4.612,3599158874.0,763353285.0,4.569,4.628,4.545
2025-11-06,510300,沪深300ETF,4.682,3506780405.0,732664905.0,4.619,4.69,4.619
2025-11-07,510300,沪深300ETF,4.672,2584816479.0,539255553.0,4.667,4.689,4.651
2025-11-10,510300,沪深300ETF,4.684,2146884969.0,448348844.0,4.674,4.688,4.64
2025-11-11,510300,沪深300ETF,4.64,2702663134.0,565193563.0,4.691,4.701,4.634
2025-11-12,510300,沪深300ETF,4.642,2491775456.0,523690675.0,4.631,4.66,4.608
2025-11-13,510300,沪深300ETF,4.689,3096198221.0,645956059.0,4.634,4.692,4.629
2025-11-14,510300,沪深300ETF,4.618,2832605947.0,593631715.0,4.662,4.673,4.616
2025-11-17,510300,沪深300ETF,4.587,3545084093.0,752466929.0,4.607,4.617,4.568
2025-11-18,510300,沪深300ETF,4.56,4018390178.0,856823933.0,4.577,4.594,4.541
2025-11-19,510300,沪深300ETF,4.574,4026545623.0,856961494.0,4.555,4.594,4.555
2025-11-20,510300,沪深300ETF,4.553,2644705315.0,561939501.0,4.601,4.606,4.55
2025-11-21,510300,沪深300ETF,4.441,6884359920.0,1496400410.0,4.522,4.531,4.439
2025-11-24,510300,沪深300ETF,4.434,5269730484.0,1155747722.0,4.456,4.462,4.41
2025-11-25,510300,沪深300ETF,4.474,4120829562.0,895940577.0,4.457,4.5,4.456
2025-11-26,510300,沪深300ETF,4.503,4228349386.0,914079306.0,4.477,4.523,4.471
2025-11-27,510300,沪深300ETF,4.499,2226374836.0,479369411.0,4.506,4.551,4.495
2025-11-28,510300,沪深300ETF,4.512,2403092677.0,519234054.0,4.498,4.519,4.48
2025-12-01,510300,沪深300ETF,4.564,2698559001.0,578301370.0,4.523,4.565,4.516
2025-12-02,510300,沪深300ETF,4.543,1790231961.0,383444900.0,4.563,4.563,4.528
2025-12-03,510300,沪深300ETF,4.522,1840202209.0,395034780.0,4.542,4.561,4.512
2025-12-04,510300,沪深300ETF,4.534,1871831892.0,402618836.0,4.525,4.548,4.505
2025-12-05,510300,沪深300ETF,4.575,3217071412.0,687203054.0,4.533,4.587,4.52
2025-12-08,510300,沪深300ETF,4.609,3908784386.0,826343751.0,4.588,4.631,4.586
2025-12-09,510300,沪深300ETF,4.585,3302885875.0,700105499.0,4.604,4.616,4.571
2025-12-10,510300,沪深300ETF,4.579,2903153594.0,620776436.0,4.577,4.586,4.535
2025-12-11,510300,沪深300ETF,4.545,2910601742.0,619944253.0,4.585,4.599,4.539
2025-12-12,510300,沪深300ETF,4.571,4057237306.0,867153920.0,4.555,4.579,4.525
2025-12-15,510300,沪深300ETF,4.544,3241015143.0,691785514.0,4.551,4.589,4.427
2025-12-16,510300,沪深300ETF,4.497,3559031617.0,769355001.0,4.537,4.544,4.478
2025-12-17,510300,沪深300ETF,4.576,5079203142.0,1085613318.0,4.496,4.592,4.493
2025-12-18,510300,沪深300ETF,4.545,3169750209.0,678018855.0,4.56,4.569,4.538
2025-12-19,510300,沪深300ETF,4.565,3901916782.0,831788937.0,4.557,4.591,4.543
2025-12-22,510300,沪深300ETF,4.607,3956863485.0,837121964.0,4.579,4.612,4.579
2025-12-23,510300,沪深300ETF,4.617,3833240598.0,808340536.0,4.612,4.64,4.603
2025-12-24,510300,沪深300ETF,4.634,2531260594.0,533429378.0,4.617,4.642,4.603
2025-12-25,510300,沪深300ETF,4.643,2033628744.0,427244304.0,4.627,4.654,4.621
2025-12-26,510300,沪深300ETF,4.661,3902900785.0,816080091.0,4.643,4.678,4.632
2025-12-29,510300,沪深300ETF,4.64,4069832489.0,852905033.0,4.657,4.671,4.626
2025-12-30,510300,沪深300ETF,4.65,2275508778.0,477224225.0,4.623,4.667,4.619
2025-12-31,510300,沪深300ETF,4.63,3175879377.0,666829236.0,4.654,4.666,4.619
2026-01-05,510300,沪深300ETF,4.721,4902061805.0,1017132485.0,4.66,4.725,4.657
2026-01-06,510300,沪深300ETF,4.796,5141603633.0,1052301545.0,4.727,4.797,4.725
2026-01-07,510300,沪深300ETF,4.778,4578481053.0,933402554.0,4.797,4.804,4.753
2026-01-08,510300,沪深300ETF,4.74,3324674355.0,682719778.0,4.765,4.771,4.72
2026-01-09,510300,沪深300ETF,4.762,5535581862.0,1134855258.0,4.734,4.78,4.721
2026-01-12,510300,沪深300ETF,4.79,6529675045.0,1333075333.0,4.77,4.806,4.738
2026-01-13,510300,沪深300ETF,4.773,6249488306.0,1271783195.0,4.799,4.842,4.753
2026-01-14,510300,沪深300ETF,4.743,10465332592.0,2136722288.0,4.773,4.826,4.718
2026-01-15,510300,沪深300ETF,4.752,25390672681.0,5217148860.0,4.726,4.771,4.72
2026-01-16,510300,沪深300ETF,4.736,25922582412.0,5320166468.0,4.782,4.796,4.715
2026-01-19,510300,沪深300ETF,4.738,13792576409.0,2913439864.0,4.737,4.769,4.718
2026-01-20,510300,沪深300ETF,4.724,13613769428.0,2886765633.0,4.735,4.751,4.688
2026-01-21,510300,沪深300ETF,4.73,23207895509.0,4903973986.0,4.709,4.764,4.709
2026-01-22,510300,沪深300ETF,4.727,20376067887.0,4316344208.0,4.741,4.76,4.703
2026-01-23,510300,沪深300ETF,4.704,31834663643.0,6769378109.0,4.732,4.742,4.687
2026-01-26,510300,沪深300ETF,4.712,28002364939.0,5939852882.0,4.712,4.76,4.694
2026-01-27,510300,沪深300ETF,4.71,20450057577.0,4339135015.0,4.712,4.742,4.679
2026-01-28,510300,沪深300ETF,4.725,40100175381.0,8497782253.0,4.725,4.743,4.704
2026-01-29,510300,沪深300ETF,4.768,16773879626.0,3545664739.0,4.724,4.779,4.704
2026-01-30,510300,沪深300ETF,4.711,7860479504.0,1670274801.0,4.736,4.758,4.642
2026-02-02,510300,沪深300ETF,4.6,12299263716.0,2651134391.0,4.68,4.719,4.591
2026-02-03,510300,沪深300ETF,4.664,4881749326.0,1052944612.0,4.64,4.668,4.585
2026-02-04,510300,沪深300ETF,4.707,4914865553.0,1052505916.0,4.652,4.709,4.643
2026-02-05,510300,沪深300ETF,4.679,4364498239.0,933982876.0,4.68,4.695,4.645
2026-02-06,510300,沪深300ETF,4.649,4106577054.0,881673740.0,4.643,4.691,4.61
2026-02-09,510300,沪深300ETF,4.727,3304026961.0,701119504.0,4.695,4.73,4.686
2026-02-10,510300,沪深300ETF,4.733,3219183511.0,680461663.0,4.733,4.739,4.72
2026-02-11,510300,沪深300ETF,4.723,1757895647.0,372078690.0,4.727,4.732,4.714
2026-02-12,510300,沪深300ETF,4.727,1881073591.0,398012411.0,4.729,4.735,4.716
2026-02-13,510300,沪深300ETF,4.671,6405790170.0,1367357151.0,4.714,4.714,4.667
2026-02-24,510300,沪深300ETF,4.716,2946760847.0,624245587.0,4.725,4.736,4.705
2026-02-25,510300,沪深300ETF,4.75,4148107679.0,873403106.0,4.717,4.778,4.716
2026-02-26,510300,沪深300ETF,4.735,3624553287.0,766372132.0,4.751,4.754,4.712
2026-02-27,510300,沪深300ETF,4.725,2859792911.0,606245261.0,4.72,4.732,4.7
2026-03-02,510300,沪深300ETF,4.739,5860854055.0,1242367525.0,4.694,4.743,4.674
2026-03-03,510300,沪深300ETF,4.678,4550837091.0,966557866.0,4.741,4.751,4.665
2026-03-04,510300,沪深300ETF,4.61,3830984400.0,829224020.0,4.64,4.65,4.587
2026-03-05,510300,沪深300ETF,4.654,2646464156.0,568420959.0,4.647,4.678,4.639
2026-03-06,510300,沪深300ETF,4.667,2349185776.0,504375859.0,4.64,4.682,4.624
2026-03-09,510300,沪深300ETF,4.629,3854535508.0,838098260.0,4.623,4.638,4.56
2026-03-10,510300,沪深300ETF,4.683,2550822882.0,546012517.0,4.642,4.689,4.641
2026-03-11,510300,沪深300ETF,4.711,2792866730.0,593712221.0,4.686,4.719,4.682
2026-03-12,510300,沪深300ETF,4.694,1610201018.0,343383626.0,4.711,4.711,4.665
2026-03-13,510300,沪深300ETF,4.677,1526480622.0,325112905.0,4.672,4.716,4.67
2026-03-16,510300,沪深300ETF,4.68,1881524447.0,403862701.0,4.675,4.686,4.632
2026-03-17,510300,沪深300ETF,4.646,3388771831.0,723337660.0,4.686,4.731,4.645
2026-03-18,510300,沪深300ETF,4.662,3575798297.0,770262709.0,4.652,4.67,4.616
2026-03-19,510300,沪深300ETF,4.599,3558170504.0,772241809.0,4.621,4.641,4.581
2026-03-20,510300,沪深300ETF,4.576,3509938019.0,761273568.0,4.598,4.635,4.573
2026-03-23,510300,沪深300ETF,4.43,6799292790.0,1523498110.0,4.528,4.537,4.406
2026-03-24,510300,沪深300ETF,4.479,3784113263.0,850435100.0,4.463,4.48,4.405
2026-03-25,510300,沪深300ETF,4.544,3932266869.0,867712637.0,4.51,4.549,4.504
2026-03-26,510300,沪深300ETF,4.488,2139118213.0,474242414.0,4.536,4.547,4.477
2026-03-27,510300,沪深300ETF,4.508,2529639239.0,562690826.0,4.45,4.53,4.445
2026-03-30,510300,沪深300ETF,4.5,2434696108.0,543994287.0,4.462,4.505,4.453
2026-03-31,510300,沪深300ETF,4.463,2385310576.0,530565553.0,4.501,4.529,4.462
2026-04-01,510300,沪深300ETF,4.534,2267466693.0,501228066.0,4.52,4.542,4.501
2026-04-02,510300,沪深300ETF,4.489,2098973595.0,466351103.0,4.521,4.526,4.47
2026-04-03,510300,沪深300ETF,4.454,1903072420.0,426109595.0,4.495,4.506,4.446
2026-04-07,510300,沪深300ETF,4.446,1908516206.0,428568561.0,4.455,4.47,4.431
2026-04-08,510300,沪深300ETF,4.602,4550818244.0,996884580.0,4.519,4.604,4.517
2026-04-09,510300,沪深300ETF,4.572,3223934997.0,704955323.0,4.573,4.586,4.56
2026-04-10,510300,沪深300ETF,4.642,4203124967.0,906387271.0,4.588,4.664,4.588
2026-04-13,510300,沪深300ETF,4.652,1825187755.0,392892599.0,4.629,4.66,4.623
2026-04-14,510300,沪深300ETF,4.712,2005429241.0,427657077.0,4.679,4.712,4.663
2026-04-15,510300,沪深300ETF,4.694,3185349113.0,675980605.0,4.732,4.746,4.684
2026-04-16,510300,沪深300ETF,4.746,4036951794.0,853234423.0,4.704,4.747,4.7
2026-04-17,510300,沪深300ETF,4.739,3485941360.0,736150074.0,4.737,4.75,4.722
2026-04-20,510300,沪深300ETF,4.765,3627929894.0,762457819.0,4.735,4.777,4.728
2026-04-21,510300,沪深300ETF,4.776,3026895923.0,636108137.0,4.764,4.786,4.73
2026-04-22,510300,沪深300ETF,4.811,4851593064.0,1012592563.0,4.76,4.813,4.756
2026-04-23,510300,沪深300ETF,4.801,4848688474.0,1008518112.0,4.82,4.834,4.772
2026-04-24,510300,沪深300ETF,4.782,3432906825.0,719322606.0,4.785,4.798,4.75
2026-04-27,510300,沪深300ETF,4.782,4443760487.0,928036020.0,4.786,4.81,4.773
2026-04-28,510300,沪深300ETF,4.77,4125806962.0,864420229.0,4.766,4.79,4.757
2026-04-29,510300,沪深300ETF,4.821,6139314265.0,1279679774.0,4.755,4.828,4.755
2026-04-30,510300,沪深300ETF,4.824,7965711080.0,1651786402.0,4.83,4.841,4.808
2026-05-06,510300,沪深300ETF,4.888,9131466569.0,1867782757.0,4.866,4.914,4.852
2026-05-07,510300,沪深300ETF,4.912,10262731527.0,2094622649.0,4.905,4.914,4.879
2026-05-08,510300,沪深300ETF,4.886,6121164078.0,1253564919.0,4.89,4.902,4.862
2026-05-11,510300,沪深300ETF,4.966,10456512044.0,2116521779.0,4.911,4.98,4.9
2026-05-12,510300,沪深300ETF,4.963,4976355850.0,1002170459.0,4.975,4.987,4.944
2026-05-13,510300,沪深300ETF,5.017,6331249194.0,1272615005.0,4.94,5.023,4.939
2026-05-14,510300,沪深300ETF,4.941,5118663487.0,1028164563.0,5.037,5.041,4.931
2026-05-15,510300,沪深300ETF,4.878,5135152285.0,1047902445.0,4.935,4.954,4.852
2026-05-18,510300,沪深300ETF,4.852,2832450612.0,583576370.0,4.855,4.885,4.819
2026-05-19,510300,沪深300ETF,4.869,4670192858.0,967499889.0,4.843,4.874,4.789
2026-05-20,510300,沪深300ETF,4.871,4664422387.0,959720086.0,4.845,4.882,4.84
2026-05-21,510300,沪深300ETF,4.808,5913215496.0,1205577337.0,4.897,4.954,4.801
2026-05-22,510300,沪深300ETF,4.862,6421618436.0,1325051845.0,4.828,4.868,4.807
2026-05-25,510300,沪深300ETF,4.937,7970991059.0,1625055928.0,4.88,4.938,4.872
2026-05-26,510300,沪深300ETF,4.972,4786813577.0,968675161.0,4.912,4.975,4.91
2026-05-27,510300,沪深300ETF,4.932,3174582673.0,640521540.0,4.963,4.993,4.913
2026-05-28,510300,沪深300ETF,4.932,2155076599.0,439649824.0,4.917,4.948,4.866
2026-05-29,510300,沪深300ETF,4.923,3243446893.0,656685445.0,4.946,4.978,4.9
2026-06-01,510300,沪深300ETF,4.868,2443095510.0,499092716.0,4.923,4.94,4.861
2026-06-02,510300,沪深300ETF,4.936,3345673270.0,680943744.0,4.867,4.956,4.856
2026-06-03,510300,沪深300ETF,4.965,3784497955.0,760461891.0,4.938,5.016,4.928
2026-06-04,510300,沪深300ETF,4.926,3006706301.0,609728284.0,4.919,4.961,4.91
2026-06-05,510300,沪深300ETF,4.843,3023262809.0,618292734.0,4.909,4.948,4.825
2026-06-08,510300,沪深300ETF,4.739,4394322754.0,923272364.0,4.79,4.808,4.705
2026-06-09,510300,沪深300ETF,4.826,2085593718.0,436164482.0,4.764,4.828,4.741
2026-06-10,510300,沪深300ETF,4.784,1879211957.0,393162295.0,4.79,4.814,4.751
2026-06-11,510300,沪深300ETF,4.751,1975529542.0,416068768.0,4.766,4.793,4.718
2026-06-12,510300,沪深300ETF,4.818,3761995011.0,780885896.0,4.81,4.846,4.789
