date,code,name,close,amount,volume,open,high,low
2018-01-02,510500,中证500ETF,5.589455472,349300158.0,60218074.0,5.530960112,5.592074667,5.519610266
2018-01-03,510500,中证500ETF,5.62699727,235694054.0,40264319.0,5.591201602,5.640093246,5.580724821
2018-01-04,510500,中证500ETF,5.649696962,288422224.0,49083594.0,5.62699727,5.649696962,5.614774359
2018-01-05,510500,中证500ETF,5.660173743,197782972.0,33550358.0,5.650570027,5.673269719,5.6287434
2018-01-08,510500,中证500ETF,5.68723876,188633681.0,31900169.0,5.661046808,5.69422328,5.638347116
2018-01-09,510500,中证500ETF,5.682000369,156735422.0,26500190.0,5.683746499,5.68549263,5.662792938
2018-01-10,510500,中证500ETF,5.652316157,197644878.0,33598562.0,5.679381174,5.679381174,5.615647424
2018-01-11,510500,中证500ETF,5.666285198,139537279.0,23681625.0,5.635727921,5.675015849,5.619139684
2018-01-12,510500,中证500ETF,5.636600986,215029045.0,36491714.0,5.658427612,5.668904393,5.62699727
2018-01-15,510500,中证500ETF,5.510879616,282912229.0,48935208.0,5.622631945,5.633108725,5.496037509
2018-01-16,510500,中证500ETF,5.541436893,307280804.0,53224524.0,5.507387355,5.587709342,5.50302203
2018-01-17,510500,中证500ETF,5.50826042,399076216.0,69531858.0,5.542309958,5.544056088,5.457622646
2018-01-18,510500,中证500ETF,5.530087047,204540733.0,35454778.0,5.496910574,5.554532869,5.494291379
2018-01-19,510500,中证500ETF,5.513498811,225536249.0,39055559.0,5.523102527,5.564136585,5.50651429
2018-01-22,510500,中证500ETF,5.586836277,450059829.0,77626829.0,5.50651429,5.595566927,5.487306859
2018-01-23,510500,中证500ETF,5.594693862,280737068.0,48122814.0,5.592074667,5.613901294,5.57199417
2018-01-24,510500,中证500ETF,5.639220181,571340747.0,97517702.0,5.597313058,5.648823897,5.574613366
2018-01-25,510500,中证500ETF,5.63048953,382956540.0,65052027.0,5.640966311,5.664539068,5.6287434
2018-01-26,510500,中证500ETF,5.635727921,223370596.0,38024753.0,5.6287434,5.649696962,5.615647424
2018-01-29,510500,中证500ETF,5.55977126,333296013.0,57122088.0,5.631362595,5.653189222,5.548421414
2018-01-30,510500,中证500ETF,5.558898194,194936851.0,33575389.0,5.55977126,5.580724821,5.545802218
2018-01-31,510500,中证500ETF,5.43579602,292504195.0,51238949.0,5.541436893,5.541436893,5.433176824
2018-02-01,510500,中证500ETF,5.265548331,551865684.0,98984051.0,5.43579602,5.461987972,5.260309941
2018-02-02,510500,中证500ETF,5.262929136,793031409.0,145176891.0,5.25157929,5.277771242,5.128477115
2018-02-05,510500,中证500ETF,5.25332542,339760006.0,62013617.0,5.197449255,5.277771242,5.173003434
2018-02-06,510500,中证500ETF,5.004501875,507931379.0,94759246.0,5.164272783,5.200941516,4.994898159
2018-02-07,510500,中证500ETF,5.01061333,443705249.0,84210858.0,5.089189187,5.119746464,4.930291344
2018-02-08,510500,中证500ETF,5.056885779,410095301.0,77483033.0,5.01061333,5.082204666,4.981802183
2018-02-09,510500,中证500ETF,4.855207748,1251897851.0,244009491.0,4.911083913,4.977436858,4.81417369
2018-02-12,510500,中证500ETF,4.993152029,416947631.0,79994495.0,4.87616131,5.021963176,4.87616131
2018-02-13,510500,中证500ETF,5.025455437,222569002.0,42134033.0,5.00712107,5.071727885,5.00712107
2018-02-14,510500,中证500ETF,5.042916738,155739946.0,29613258.0,5.030693827,5.043789803,4.99839042
2018-02-22,510500,中证500ETF,5.152922937,233875055.0,43617862.0,5.076093211,5.154669067,5.074347081
2018-02-23,510500,中证500ETF,5.160780523,231689160.0,42980988.0,5.148557612,5.174749564,5.124984855
2018-02-26,510500,中证500ETF,5.306582389,548835590.0,99663933.0,5.190464735,5.31182078,5.18609941
2018-02-27,510500,中证500ETF,5.281263502,368172952.0,66473938.0,5.307455454,5.31705917,5.269913656
2018-02-28,510500,中证500ETF,5.283009632,331092354.0,59948247.0,5.238483314,5.3188053,5.221895077
2018-03-01,510500,中证500ETF,5.358966293,313549016.0,56429118.0,5.273405917,5.365077749,5.234117988
2018-03-02,510500,中证500ETF,5.331901276,226016932.0,40542714.0,5.334520471,5.351981773,5.31356691
2018-03-05,510500,中证500ETF,5.324916756,241702646.0,43525376.0,5.331901276,5.357220163,5.288248023
2018-03-06,510500,中证500ETF,5.400000352,294242561.0,52478776.0,5.332774341,5.401746482,5.327535951
2018-03-07,510500,中证500ETF,5.346743382,231058219.0,41146052.0,5.403492612,5.403492612,5.344124187
2018-03-08,510500,中证500ETF,5.397381156,210662153.0,37563547.0,5.341504992,5.400000352,5.330155146
2018-03-09,510500,中证500ETF,5.473337818,322140346.0,56742301.0,5.399127287,5.475957013,5.391269701
2018-03-12,510500,中证500ETF,5.535325438,887651650.0,154078320.0,5.502148965,5.541436893,5.478576208
2018-03-13,510500,中证500ETF,5.50826042,362252093.0,62888096.0,5.534452372,5.538817698,5.496910574
2018-03-14,510500,中证500ETF,5.434922955,382281811.0,66922996.0,5.496910574,5.509133485,5.429684564
2018-03-15,510500,中证500ETF,5.424446174,450390606.0,79654289.0,5.417461653,5.461987972,5.366823879
2018-03-16,510500,中证500ETF,5.393015831,232727180.0,41029917.0,5.428811499,5.458495711,5.391269701
2018-03-19,510500,中证500ETF,5.414842458,223307777.0,39489614.0,5.426192304,5.449765061,5.37555453
2018-03-20,510500,中证500ETF,5.417461653,255662480.0,45416816.0,5.361585489,5.432303759,5.321424495
2018-03-21,510500,中证500ETF,5.371189204,343280688.0,60477323.0,5.423573109,5.473337818,5.369443074
2018-03-22,510500,中证500ETF,5.370316139,214977847.0,38292877.0,5.37904679,5.412223263,5.330155146
2018-03-23,510500,中证500ETF,5.078712406,597267432.0,110941301.0,5.247213964,5.247213964,5.012359461
2018-03-26,510500,中证500ETF,5.185226344,940072866.0,176669736.0,5.017597851,5.198322321,4.975690728
2018-03-27,510500,中证500ETF,5.308328519,418588371.0,75969251.0,5.219275882,5.310947715,5.216656687
2018-03-28,510500,中证500ETF,5.245467834,455608787.0,82773383.0,5.225387338,5.289994153,5.225387338
2018-03-29,510500,中证500ETF,5.303090129,511545449.0,92966611.0,5.24983316,5.310074649,5.228006533
2018-03-30,510500,中证500ETF,5.376427595,526956823.0,94393446.0,5.316186105,5.386031311,5.316186105
2018-04-02,510500,中证500ETF,5.368570009,299157902.0,53065740.0,5.391269701,5.427938434,5.360712424
2018-04-03,510500,中证500ETF,5.324043691,313389717.0,56543366.0,5.303090129,5.337139667,5.275152047
2018-04-04,510500,中证500ETF,5.278644307,196234868.0,35208944.0,5.328409016,5.365077749,5.270786721
2018-04-09,510500,中证500ETF,5.287374958,260248627.0,47103363.0,5.273405917,5.338885797,5.225387338
2018-04-10,510500,中证500ETF,5.330155146,324971896.0,58765035.0,5.287374958,5.333647406,5.260309941
2018-04-11,510500,中证500ETF,5.339758862,303587919.0,54258269.0,5.338012732,5.3738084,5.332774341
2018-04-12,510500,中证500ETF,5.310074649,291943224.0,52448553.0,5.338012732,5.356347098,5.296105608
2018-04-13,510500,中证500ETF,5.291740283,293887577.0,52945288.0,5.333647406,5.354600968,5.275152047
2018-04-16,510500,中证500ETF,5.275152047,369777455.0,66966600.0,5.286501893,5.317932235,5.228879598
2018-04-17,510500,中证500ETF,5.176495694,387718285.0,70794696.0,5.283882697,5.310074649,5.167765043
2018-04-18,510500,中证500ETF,5.235864119,591205742.0,108965594.0,5.214910557,5.25681768,5.111888879
2018-04-19,510500,中证500ETF,5.262056071,348872928.0,63240735.0,5.234991053,5.309201584,5.229752663
2018-04-20,510500,中证500ETF,5.165145848,493963711.0,90516315.0,5.25856381,5.259436875,5.151176807
2018-04-23,510500,中证500ETF,5.106650488,447402122.0,83532261.0,5.171257303,5.19657619,5.049901259
2018-04-24,510500,中证500ETF,5.220148947,486768171.0,89534319.0,5.112761944,5.234117988,5.112761944
2018-04-25,510500,中证500ETF,5.225387338,258924442.325,47430857.0,5.212291362,5.237610249,5.198322321
2018-04-26,510500,中证500ETF,5.12760405,357871301.76,66092095.0,5.229752663,5.234117988,5.122365659
2018-04-27,510500,中证500ETF,5.151176807,412316413.252,76670004.0,5.157288262,5.169511173,5.101412098
2018-05-02,510500,中证500ETF,5.137207766,241309991.6,44791964.0,5.161653588,5.18784554,5.102285163
2018-05-03,510500,中证500ETF,5.18959167,529946624.024,98496553.0,5.106650488,5.199195386,5.06736256
2018-05-04,510500,中证500ETF,5.18609941,432305953.6,79620182.0,5.185226344,5.214037492,5.169511173
2018-05-07,510500,中证500ETF,5.290867218,384117270.01,69823200.0,5.188718605,5.301343999,5.188718605
2018-05-08,510500,中证500ETF,5.31705917,243347127.932,43914606.0,5.303963194,5.317932235,5.281263502
2018-05-09,510500,中证500ETF,5.295232543,230248427.0,41584643.0,5.32055143,5.32055143,5.278644307
2018-05-10,510500,中证500ETF,5.317932235,220733112.264,39835361.0,5.296978673,5.329282081,5.265548331
2018-05-11,510500,中证500ETF,5.274278982,200301215.698,36198875.0,5.324043691,5.327535951,5.264675266
2018-05-14,510500,中证500ETF,5.24808703,312722614.21,56708435.0,5.274278982,5.296978673,5.228879598
2018-05-15,510500,中证500ETF,5.300470934,440177743.016,79964010.0,5.25157929,5.303090129,5.238483314
2018-05-16,510500,中证500ETF,5.286501893,289754343.396,52356611.0,5.290867218,5.31705917,5.271659786
2018-05-17,510500,中证500ETF,5.25157929,307983935.1,55947376.0,5.286501893,5.293486413,5.242848639
2018-05-18,510500,中证500ETF,5.286501893,325327528.761,59250488.0,5.248960095,5.289121088,5.213164427
2018-05-21,510500,中证500ETF,5.348489513,557658680.533,99922028.0,5.303090129,5.363331619,5.303090129
2018-05-22,510500,中证500ETF,5.371189204,324045113.194,57963198.0,5.345870317,5.372935335,5.319678365
2018-05-23,510500,中证500ETF,5.296978673,464241624.858,83556603.0,5.367696944,5.367696944,5.290867218
2018-05-24,510500,中证500ETF,5.279517372,236971123.85,42830427.0,5.296978673,5.31356691,5.269040591
2018-05-25,510500,中证500ETF,5.206179906,294789931.22,53916064.0,5.280390437,5.280390437,5.195703125
2018-05-28,510500,中证500ETF,5.195703125,325013840.0,59766106.0,5.202687646,5.238483314,5.161653588
2018-05-29,510500,中证500ETF,5.12760405,292991553.0,54107078.0,5.18959167,5.220148947,5.118873399
2018-05-30,510500,中证500ETF,5.004501875,454294380.283,85998764.0,5.07260095,5.083950796,4.99839042
2018-05-31,510500,中证500ETF,5.066489495,429618489.22,81337096.0,5.032439957,5.078712406,4.994898159
2018-06-01,510500,中证500ETF,5.004501875,411788661.068,78469112.0,5.052520454,5.059504974,4.970452337
2018-06-04,510500,中证500ETF,5.00362881,292051581.0,55738800.0,5.015851721,5.032439957,4.973071532
2018-06-05,510500,中证500ETF,5.092681447,332988289.233,63013058.0,5.00188268,5.094427577,5.00188268
2018-06-06,510500,中证500ETF,5.087443057,615029903.485,115583216.0,5.090062252,5.092681447,5.062997235
2018-06-07,510500,中证500ETF,5.058631909,319724885.6,60198834.0,5.098792903,5.118873399,5.042916738
2018-06-08,510500,中证500ETF,4.994025094,425895957.1,81438145.0,5.050774324,5.051647389,4.963467817
2018-06-11,510500,中证500ETF,4.961721687,362777521.72,69682091.0,4.987913639,4.997517354,4.935529734
2018-06-12,510500,中证500ETF,5.004501875,465374735.876,89186518.0,4.964340882,5.014978656,4.926799084
2018-06-13,510500,中证500ETF,4.930291344,386370032.528,74250148.0,4.997517354,4.997517354,4.923306823
2018-06-14,510500,中证500ETF,4.921560693,427582841.65,82805740.0,4.919814563,4.965213947,4.898861002
2018-06-15,510500,中证500ETF,4.829888861,679873307.364,133891738.0,4.920687628,4.925052954,4.780124152
2018-06-19,510500,中证500ETF,4.508600915,1109059897.08,229656179.0,4.767028176,4.767028176,4.433517319
2018-06-20,510500,中证500ETF,4.550508039,785545894.747,165265980.0,4.490266549,4.577573056,4.463201532
2018-06-21,510500,中证500ETF,4.465820727,1060420484.628,222232997.0,4.552254169,4.605511138,4.457963141
2018-06-22,510500,中证500ETF,4.526935282,536493641.391,113508518.0,4.439628775,4.537412063,4.402960042
2018-06-25,510500,中证500ETF,4.483282028,409242163.92,85863160.0,4.553127234,4.56796934,4.479789768
2018-06-26,510500,中证500ETF,4.524316086,513957765.016,108645676.0,4.457090076,4.542650453,4.430025059
2018-06-27,510500,中证500ETF,4.459709271,414076985.0,87450154.0,4.524316086,4.554000299,4.452724751
2018-06-28,510500,中证500ETF,4.424786669,452088249.0,95801282.0,4.456217011,4.525189152,4.420421343
2018-06-29,510500,中证500ETF,4.588922902,738046041.0,154605664.0,4.439628775,4.597653552,4.430898124
2018-07-02,510500,中证500ETF,4.51122011,616906390.0,128934324.0,4.588049837,4.609003398,4.464947662
2018-07-03,510500,中证500ETF,4.560984819,974213611.0,204769475.0,4.515585436,4.578446121,4.432644254
2018-07-04,510500,中证500ETF,4.495504939,517797175.0,109087109.0,4.547015778,4.547015778,4.477170573
2018-07-05,510500,中证500ETF,4.369783569,539223724.0,115350169.0,4.490266549,4.498997199,4.367164374
2018-07-06,510500,中证500ETF,4.371529699,692677248.0,150037387.0,4.367164374,4.44748636,4.292080778
2018-07-09,510500,中证500ETF,4.490266549,439205086.0,93668559.0,4.392483261,4.492012679,4.391610196
2018-07-10,510500,中证500ETF,4.515585436,245388916.0,51842764.0,4.492012679,4.525189152,4.463201532
2018-07-11,510500,中证500ETF,4.425659734,1432038485.0,308160984.0,4.433517319,4.457090076,4.368910504
2018-07-12,510500,中证500ETF,4.561857885,830299470.0,174116822.0,4.424786669,4.5714616,4.424786669
2018-07-13,510500,中证500ETF,4.574080795,304835460.0,63441589.0,4.560984819,4.588049837,4.541777388
2018-07-16,510500,中证500ETF,4.579319186,384465202.0,80074046.0,4.576699991,4.597653552,4.540904323
2018-07-17,510500,中证500ETF,4.56273095,419486891.0,87716829.0,4.579319186,4.579319186,4.50598172
2018-07-18,510500,中证500ETF,4.540031258,319492950.0,66439571.0,4.570588535,4.602891943,4.536538997
2018-07-19,510500,中证500ETF,4.499870265,409224812.0,86141075.0,4.535665932,4.559238689,4.468439922
2018-07-20,510500,中证500ETF,4.558365624,648748306.0,136246928.0,4.477170573,4.577573056,4.467566857
2018-07-23,510500,中证500ETF,4.594161292,433372568.0,90192286.0,4.534792867,4.599399683,4.519077696
2018-07-24,510500,中证500ETF,4.675356344,1115275661.0,227520736.0,4.600272748,4.69543684,4.595907422
2018-07-25,510500,中证500ETF,4.676229409,373339467.0,75884599.0,4.674483279,4.702421361,4.662260368
2018-07-26,510500,中证500ETF,4.647418261,425675209.0,87039297.0,4.677102474,4.685833124,4.62995696
2018-07-27,510500,中证500ETF,4.622099374,440446926.0,90417599.0,4.634322285,4.660514237,4.599399683
2018-07-30,510500,中证500ETF,4.548761908,570104271.0,118364626.0,4.622099374,4.630830025,4.539158193
2018-07-31,510500,中证500ETF,4.559238689,381619308.0,79470392.0,4.547888843,4.595034357,4.526935282
2018-08-01,510500,中证500ETF,4.484155093,616093319.0,128404452.0,4.567096275,4.619480179,4.479789768
2018-08-02,510500,中证500ETF,4.37502196,855991583.0,185564207.0,4.476297508,4.482408963,4.283350127
2018-08-03,510500,中证500ETF,4.330495641,852363879.0,185217295.0,4.372402764,4.403833107,4.329622576
2018-08-06,510500,中证500ETF,4.234458483,915209279.0,203557082.0,4.322638055,4.333114836,4.210885726
2018-08-07,510500,中证500ETF,4.345337747,653230763.0,144496674.0,4.244062199,4.353195333,4.207393466
2018-08-08,510500,中证500ETF,4.286842387,466982575.0,102703906.0,4.327003381,4.337480162,4.265015761
2018-08-09,510500,中证500ETF,4.401213912,715044165.0,154783990.0,4.258904305,4.422167473,4.258904305
2018-08-10,510500,中证500ETF,4.420421343,371617538.0,80042831.0,4.382879545,4.427405864,4.381133415
2018-08-13,510500,中证500ETF,4.44923249,580665729.0,125016655.0,4.387244871,4.458836206,4.347956942
2018-08-14,510500,中证500ETF,4.425659734,285635251.0,61275626.0,4.439628775,4.443121035,4.399467781
2018-08-15,510500,中证500ETF,4.333114836,465547607.0,101242432.0,4.422167473,4.423040538,4.322638055
2018-08-16,510500,中证500ETF,4.292953843,428626602.0,94315781.0,4.299938364,4.343591617,4.219616377
2018-08-17,510500,中证500ETF,4.211758791,368239763.0,81759180.0,4.326130316,4.343591617,4.201282011
2018-08-20,510500,中证500ETF,4.237077678,724264456.994,162865678.0,4.212631857,4.248427524,4.158501822
2018-08-21,510500,中证500ETF,4.282477062,393047289.58,87049021.0,4.237077678,4.31478047,4.222235572
2018-08-22,510500,中证500ETF,4.25279285,279892992.82,62238614.0,4.286842387,4.286842387,4.238823809
2018-08-23,510500,中证500ETF,4.274619476,533452790.1,118347650.0,4.251919785,4.297319168,4.222235572
2018-08-24,510500,中证500ETF,4.25803124,336202661.4,74688820.0,4.25628511,4.287715453,4.232712353
2018-08-27,510500,中证500ETF,4.369783569,588702087.865,128585375.0,4.269381086,4.374148894,4.269381086
2018-08-28,510500,中证500ETF,4.37502196,402083828.418,87245447.0,4.37502196,4.382879545,4.347956942
2018-08-29,510500,中证500ETF,4.351449203,435329537.473,94966766.0,4.361052918,4.372402764,4.327876446
2018-08-30,510500,中证500ETF,4.282477062,492243067.036,108427138.0,4.347083877,4.352322268,4.274619476
2018-08-31,510500,中证500ETF,4.232712353,428312885.729,95501966.0,4.272873346,4.274619476,4.213504922
2018-09-03,510500,中证500ETF,4.253665915,694676840.967,156182746.0,4.224854767,4.25453898,4.173343928
2018-09-04,510500,中证500ETF,4.285969322,511348990.059,113150852.0,4.242316069,4.31303434,4.236204613
2018-09-05,510500,中证500ETF,4.227473963,472137816.888,104842545.0,4.276365607,4.290334648,4.223981702
2018-09-06,510500,中证500ETF,4.207393466,407488952.656,91157480.0,4.212631857,4.264142696,4.185566839
2018-09-07,510500,中证500ETF,4.200408946,606385864.636,135512499.0,4.218743312,4.283350127,4.168978603
2018-09-10,510500,中证500ETF,4.13230987,477852372.0,108784675.0,4.195170555,4.205647336,4.122706154
2018-09-11,510500,中证500ETF,4.126198415,571552821.0,130969505.0,4.134929065,4.160247952,4.096514202
2018-09-12,510500,中证500ETF,4.112229373,382325285.0,87516500.0,4.126198415,4.154136497,4.100006462
2018-09-13,510500,中证500ETF,4.136675195,881154572.0,201710460.0,4.155009562,4.195170555,4.076433706
2018-09-14,510500,中证500ETF,4.090402747,504864016.0,115952925.0,4.142786651,4.150644237,4.088656617
2018-09-17,510500,中证500ETF,4.038018843,396317708.0,92605926.0,4.072941445,4.072941445,4.016192216
2018-09-18,510500,中证500ETF,4.100879528,588045192.0,136699458.0,4.025795932,4.111356308,4.012699955
2018-09-19,510500,中证500ETF,4.152390367,776803044.0,177181795.0,4.088656617,4.19080523,4.081672096
2018-09-20,510500,中证500ETF,4.151517302,395683543.0,89947946.0,4.155882627,4.180328449,4.142786651
2018-09-21,510500,中证500ETF,4.235331548,965384883.0,217458331.0,4.156755692,4.237077678,4.140167456
2018-09-25,510500,中证500ETF,4.210885726,540808666.0,121678674.0,4.201282011,4.227473963,4.186439904
2018-09-26,510500,中证500ETF,4.219616377,772579931.0,172717673.0,4.205647336,4.264142696,4.195170555
2018-09-27,510500,中证500ETF,4.173343928,568799672.0,128136791.0,4.218743312,4.230093158,4.165486343
2018-09-28,510500,中证500ETF,4.231839288,629456416.0,141675716.0,4.174216993,4.233585418,4.160247952
2018-10-08,510500,中证500ETF,4.074687575,597232908.0,136988522.0,4.134056,4.164613278,4.069449185
2018-10-09,510500,中证500ETF,4.061591599,394383196.0,91454136.0,4.078179836,4.107864048,4.042384168
2018-10-10,510500,中证500ETF,4.060718534,498239721.0,115895706.0,4.064210795,4.089529682,4.017065281
2018-10-11,510500,中证500ETF,3.735938328,1140331443.0,279970251.0,3.94634701,3.947220075,3.711492506
2018-10-12,510500,中证500ETF,3.720223157,836080812.0,212570066.0,3.729826873,3.750780434,3.607597763
2018-10-15,510500,中证500ETF,3.652124082,506762837.0,128362984.0,3.732446068,3.769114801,3.646012626
2018-10-16,510500,中证500ETF,3.579659681,556499162.0,144448222.0,3.652997147,3.676569904,3.547356273
2018-10-17,510500,中证500ETF,3.596247917,1094866927.0,285848453.0,3.623312934,3.632043585,3.518545126
2018-10-18,510500,中证500ETF,3.511560605,805603805.0,213749932.0,3.57442129,3.57442129,3.497591564
2018-10-19,510500,中证500ETF,3.589263397,985408803.0,261558873.0,3.486241718,3.607597763,3.444334595
2018-10-22,510500,中证500ETF,3.812768054,2223983613.0,557597237.0,3.688792815,3.846817592,3.645139561
2018-10-23,510500,中证500ETF,3.714984767,1289139919.0,322584855.0,3.812768054,3.828483226,3.687046684
2018-10-24,510500,中证500ETF,3.703634921,832516164.0,210768242.0,3.703634921,3.757764955,3.671331513
2018-10-25,510500,中证500ETF,3.702761856,850854306.0,220325197.0,3.592755657,3.708873311,3.559579184
2018-10-26,510500,中证500ETF,3.683554424,915100622.0,231490767.0,3.709746376,3.756018825,3.668712318
2018-10-29,510500,中证500ETF,3.63640891,527168187.0,135244235.0,3.69141201,3.69315814,3.611963088
2018-10-30,510500,中证500ETF,3.672204578,880146063.0,226079141.0,3.622439869,3.708000246,3.566563705
2018-10-31,510500,中证500ETF,3.731573003,1269531679.0,319480691.0,3.677442969,3.765622541,3.668712318
2018-11-01,510500,中证500ETF,3.759511085,1601492728.0,397260426.0,3.771733996,3.831975486,3.756018825
2018-11-02,510500,中证500ETF,3.907059082,4759929033.0,1161949301.0,3.889597781,3.941981685,3.82237177
2018-11-05,510500,中证500ETF,3.88610552,1489957821.0,362498709.0,3.885232455,3.918408928,3.811021924
2018-11-06,510500,中证500ETF,3.893963106,891085999.0,217416220.0,3.863405829,3.893963106,3.824990965
2018-11-07,510500,中证500ETF,3.854675178,1006165534.0,243386568.0,3.894836171,3.933251034,3.852929048
2018-11-08,510500,中证500ETF,3.827610161,964857791.0,235543622.0,3.888724716,3.893090041,3.824990965
2018-11-09,510500,中证500ETF,3.829356291,525526004.0,129145059.0,3.811894989,3.852055983,3.802291274
2018-11-12,510500,中证500ETF,3.935870229,1585785602.0,382726123.0,3.821498705,3.947220075,3.81538725
2018-11-13,510500,中证500ETF,4.018811411,1946595326.0,461410688.0,3.889597781,4.045003363,3.88261326
2018-11-14,510500,中证500ETF,3.999603979,911632105.0,214468096.0,4.00833463,4.051114819,3.981269613
2018-11-15,510500,中证500ETF,4.074687575,1032626528.0,241610183.0,3.996111719,4.076433706,3.992619459
2018-11-16,510500,中证500ETF,4.100879528,1528709092.0,352289584.0,4.081672096,4.144532781,4.050241753
2018-11-19,510500,中证500ETF,4.102625658,1689822316.0,391019449.0,4.094768072,4.122706154,4.047622558
2018-11-20,510500,中证500ETF,3.987381068,1645028161.0,384977147.0,4.062464664,4.084291291,3.977777353
2018-11-21,510500,中证500ETF,3.996984784,1360725581.0,323258233.0,3.931504904,4.018811411,3.924520383
2018-11-22,510500,中证500ETF,3.996984784,970256627.0,228853909.0,4.005715435,4.032780452,3.969919767
2018-11-23,510500,中证500ETF,3.81713338,1569104080.0,380371161.0,3.987381068,3.992619459,3.812768054
2018-11-26,510500,中证500ETF,3.824990965,1199796073.0,294810588.0,3.824990965,3.866898089,3.801418209
2018-11-27,510500,中证500ETF,3.845944527,548847677.0,134301160.0,3.845944527,3.870390349,3.82237177
2018-11-28,510500,中证500ETF,3.906186017,794715853.0,193641007.0,3.847690657,3.907932147,3.794433688
2018-11-29,510500,中证500ETF,3.82237177,797535130.0,193093683.0,3.928885709,3.954204596,3.811021924
2018-11-30,510500,中证500ETF,3.845071462,937397832.0,231273829.0,3.81538725,3.851182918,3.767368671
2018-12-03,510500,中证500ETF,3.975158157,1902818907.0,452673736.0,3.956823791,3.994365589,3.921901188
2018-12-04,510500,中证500ETF,3.991746394,828269707.0,196405150.0,3.968173637,4.00135011,3.950712336
2018-12-05,510500,中证500ETF,3.963808312,996790892.0,237716430.0,3.934124099,3.999603979,3.919281993
2018-12-06,510500,中证500ETF,3.873009544,961068036.0,232098065.0,3.928885709,3.93936249,3.865151959
2018-12-07,510500,中证500ETF,3.873882609,370372100.0,89873369.0,3.87737487,3.897455366,3.867771154
2018-12-10,510500,中证500ETF,3.823244835,803624198.0,197181089.0,3.852929048,3.862532763,3.81538725
2018-12-11,510500,中证500ETF,3.866898089,537675863.0,131359195.0,3.836340811,3.873009544,3.831975486
2018-12-12,510500,中证500ETF,3.857294373,554791522.0,134837459.0,3.88086713,3.893090041,3.854675178
2018-12-13,510500,中证500ETF,3.918408928,1001492427.0,241091061.0,3.872136479,3.948966205,3.850309852
2018-12-14,510500,中证500ETF,3.828483226,1016507304.0,248144533.0,3.909678277,3.911424407,3.819752575
2018-12-17,510500,中证500ETF,3.806656599,1028778139.0,254883822.0,3.804037404,3.82586403,3.76213028
2018-12-18,510500,中证500ETF,3.776972387,1116950137.0,278313689.0,3.784829972,3.819752575,3.736811393
2018-12-19,510500,中证500ETF,3.718477027,955812125.0,239576794.0,3.779591582,3.789195298,3.715857832
2018-12-20,510500,中证500ETF,3.742922849,880929542.0,221828483.0,3.716730897,3.75339963,3.704507986
2018-12-21,510500,中证500ETF,3.721969287,799860932.0,202440826.0,3.729826873,3.743795914,3.685300554
2018-12-24,510500,中证500ETF,3.756018825,805832975.0,202329064.0,3.714984767,3.763003345,3.69839653
2018-12-25,510500,中证500ETF,3.703634921,1167714462.0,298325942.0,3.715857832,3.736811393,3.612836153
2018-12-26,510500,中证500ETF,3.68966588,608534033.0,154665492.0,3.69839653,3.728080743,3.668712318
2018-12-27,510500,中证500ETF,3.640774236,725717550.0,184205080.0,3.749034304,3.749907369,3.632043585
2018-12-28,510500,中证500ETF,3.646012626,844037435.0,216877909.0,3.649504886,3.682681359,3.63291665
2019-01-02,510500,中证500ETF,3.609343893,739384411.0,191192453.0,3.653870212,3.656489407,3.606724698
2019-01-03,510500,中证500ETF,3.599740177,813200194.0,210653798.0,3.614582284,3.673077643,3.594501787
2019-01-04,510500,中证500ETF,3.704507986,1133576578.0,291589026.0,3.573548225,3.707127181,3.5691829
2019-01-07,510500,中证500ETF,3.772607061,1092799560.0,274123217.0,3.719350092,3.783956907,3.699269595
2019-01-08,510500,中证500ETF,3.763876411,590580321.0,147666084.0,3.766495606,3.774353191,3.743795914
2019-01-09,510500,中证500ETF,3.761257215,1741683214.0,431044838.0,3.776099321,3.837213876,3.75863802
2019-01-10,510500,中证500ETF,3.768241736,791503936.0,197086575.0,3.759511085,3.804037404,3.754272695
2019-01-11,510500,中证500ETF,3.789195298,811536429.0,202049642.0,3.767368671,3.801418209,3.742922849
2019-01-14,510500,中证500ETF,3.768241736,487235988.0,121404913.0,3.790068363,3.803164339,3.75689189
2019-01-15,510500,中证500ETF,3.8241179,1081939920.0,267944808.0,3.767368671,3.833721616,3.749907369
2019-01-16,510500,中证500ETF,3.81713338,734175591.0,180617487.0,3.8241179,3.845944527,3.803164339
2019-01-17,510500,中证500ETF,3.784829972,691638570.0,171169438.0,3.81887951,3.828483226,3.779591582
2019-01-18,510500,中证500ETF,3.827610161,1035734376.0,255735722.0,3.789195298,3.835467746,3.772607061
2019-01-21,510500,中证500ETF,3.842452267,1010588215.0,247048011.0,3.833721616,3.874755674,3.82586403
2019-01-22,510500,中证500ETF,3.783083842,847877655.0,209884273.0,3.836340811,3.837213876,3.763876411
2019-01-23,510500,中证500ETF,3.787449167,544922976.0,135486909.0,3.771733996,3.800545143,3.766495606
2019-01-24,510500,中证500ETF,3.81538725,867896104.0,214255201.0,3.788322232,3.845944527,3.765622541
2019-01-25,510500,中证500ETF,3.795306753,741348737.0,182670114.0,3.812768054,3.840706137,3.792687558
2019-01-28,510500,中证500ETF,3.781337712,944875047.0,232971351.0,3.819752575,3.852055983,3.772607061
2019-01-29,510500,中证500ETF,3.728080743,1262616582.0,318546306.0,3.775226256,3.775226256,3.672204578
2019-01-30,510500,中证500ETF,3.699269595,822930083.0,207470154.0,3.708000246,3.7516535,3.69839653
2019-01-31,510500,中证500ETF,3.673950708,1432654200.0,364434342.0,3.70014266,3.730699938,3.639901171
2019-02-01,510500,中证500ETF,3.791814493,1696411829.0,425710121.0,3.685300554,3.792687558,3.685300554
2019-02-11,510500,中证500ETF,3.879121,1347580192.0,330506208.0,3.793560623,3.881740195,3.791814493
2019-02-12,510500,中证500ETF,3.900947627,1272235295.0,307332098.0,3.878247935,3.924520383,3.872136479
2019-02-13,510500,中证500ETF,3.976904288,1510522605.0,360562954.0,3.902693757,3.995238654,3.891343911
2019-02-14,510500,中证500ETF,3.994365589,952942138.0,225634864.0,3.976031223,4.023176736,3.959442986
2019-02-15,510500,中证500ETF,3.964681377,1106490492.0,261954607.0,3.980396548,4.00833463,3.955950726
2019-02-18,510500,中证500ETF,4.13056374,1614673833.0,374218893.0,3.985634938,4.134056,3.985634938
2019-02-19,510500,中证500ETF,4.111356308,1629418914.0,373700196.0,4.134056,4.169851668,4.06508386
2019-02-20,510500,中证500ETF,4.102625658,1112716381.0,256264458.0,4.116594699,4.123579219,4.069449185
2019-02-21,510500,中证500ETF,4.106990983,1550593331.0,354515648.0,4.106990983,4.203028141,4.088656617
2019-02-22,510500,中证500ETF,4.244062199,1159824273.0,263663936.0,4.108737113,4.247554459,4.098260332
2019-02-25,510500,中证500ETF,4.543523518,3162293081.0,682640103.0,4.315653535,4.547888843,4.278984802
2019-02-26,510500,中证500ETF,4.479789768,2471410065.0,521372352.0,4.535665932,4.574080795,4.431771189
2019-02-27,510500,中证500ETF,4.44224797,2024908968.0,430292961.0,4.473678312,4.514712371,4.388991001
2019-02-28,510500,中证500ETF,4.446613295,1320145811.0,281513764.0,4.441374905,4.491139614,4.416056018
2019-03-01,510500,中证500ETF,4.50248946,1780060116.0,379613091.0,4.466693792,4.50947398,4.404706172
2019-03-04,510500,中证500ETF,4.567096275,2088974520.0,432843221.0,4.518204631,4.664879563,4.518204631
2019-03-05,510500,中证500ETF,4.706786686,1750325763.0,359948504.0,4.558365624,4.711152011,4.546142713
2019-03-06,510500,中证500ETF,4.803696909,3360250888.0,675968350.0,4.725121053,4.823777406,4.656148912
2019-03-07,510500,中证500ETF,4.844730967,2896313681.0,572604933.0,4.805443039,4.916322303,4.605511138
2019-03-08,510500,中证500ETF,4.677102474,3361860059.0,672812836.0,4.69369071,4.865684529,4.667498758
2019-03-11,510500,中证500ETF,4.856953878,2651739046.0,528753655.0,4.685833124,4.860446138,4.685833124
2019-03-12,510500,中证500ETF,4.93989506,2573647183.0,499041997.0,4.887511156,4.977436858,4.856080813
2019-03-13,510500,中证500ETF,4.81766595,3027626863.0,591417434.0,4.932910539,4.934656669,4.784489477
2019-03-14,510500,中证500ETF,4.699802166,1853459896.0,373521870.0,4.771393501,4.822031275,4.657895042
2019-03-15,510500,中证500ETF,4.7539322,1928736826.0,385934504.0,4.724247988,4.824650471,4.709405881
2019-03-18,510500,中证500ETF,4.913703108,1737962123.0,343323769.0,4.773139631,4.916322303,4.737343964
2019-03-19,510500,中证500ETF,4.904099392,1145243409.0,222630379.0,4.917195368,4.944260385,4.87441518
2019-03-20,510500,中证500ETF,4.904972457,1538348196.0,301018540.0,4.896241806,4.917195368,4.805443039
2019-03-21,510500,中证500ETF,4.961721687,1817155635.0,348057588.0,4.906718587,5.028947697,4.904972457
2019-03-22,510500,中证500ETF,5.017597851,1687539877.0,324252504.0,4.967833142,5.020217046,4.893622611
2019-03-25,510500,中证500ETF,4.94164119,1585965841.0,304545727.0,4.918941498,5.00712107,4.918941498
2019-03-26,510500,中证500ETF,4.786235607,2342657390.0,459756170.0,4.964340882,4.972198467,4.771393501
2019-03-27,510500,中证500ETF,4.848223227,1578589423.0,312680829.0,4.818539015,4.852588553,4.749566875
2019-03-28,510500,中证500ETF,4.776631892,1213920583.0,239648795.0,4.827269666,4.880526635,4.772266566
2019-03-29,510500,中证500ETF,4.947752645,2696164958.0,528407904.0,4.778378022,4.954737166,4.758297525
2019-04-01,510500,中证500ETF,5.152922937,1880033672.0,352049612.0,4.984421378,5.156415197,4.983548313
2019-04-02,510500,中证500ETF,5.148557612,1903048560.0,351523429.0,5.216656687,5.217529752,5.120619529
2019-04-03,510500,中证500ETF,5.211418297,1529638192.0,282534580.0,5.120619529,5.234991053,5.115381139
2019-04-04,510500,中证500ETF,5.261183006,1513291684.0,276518197.0,5.241975574,5.270786721,5.184353279
2019-04-08,510500,中证500ETF,5.199195386,2075225901.0,380012567.0,5.299597869,5.310947715,5.13458857
2019-04-09,510500,中证500ETF,5.222768142,1502650713.0,275919569.0,5.1913378,5.241102509,5.168638108
2019-04-10,510500,中证500ETF,5.209672166,1478512344.0,271873253.0,5.199195386,5.282136567,5.145065351
2019-04-11,510500,中证500ETF,5.117127269,1468754509.0,271857171.0,5.208799101,5.228879598,5.111888879
2019-04-12,510500,中证500ETF,5.103158228,1180969878.0,221234251.0,5.111888879,5.13109631,5.057758844
2019-04-15,510500,中证500ETF,5.032439957,1779171206.0,331371068.0,5.171257303,5.195703125,5.025455437
2019-04-16,510500,中证500ETF,5.157288262,1945331716.0,367297926.0,5.006248005,5.162526653,4.972198467
2019-04-17,510500,中证500ETF,5.166891978,1457286484.0,269732276.0,5.158161327,5.210545232,5.123238725
2019-04-18,510500,中证500ETF,5.148557612,885323154.0,163846123.0,5.166018913,5.18959167,5.13109631
2019-04-19,510500,中证500ETF,5.19483006,1216562352.0,226232941.0,5.140700026,5.197449255,5.083077731
2019-04-22,510500,中证500ETF,5.105777423,1043518371.0,194100103.0,5.19483006,5.19483006,5.088316122
2019-04-23,510500,中证500ETF,5.00537494,1109542165.0,210175365.0,5.092681447,5.102285163,4.996644289
2019-04-24,510500,中证500ETF,5.056885779,1739245011.0,331013840.0,5.01061333,5.07260095,4.958229426
2019-04-25,510500,中证500ETF,4.868303724,1522488254.0,292837946.0,5.030693827,5.044662868,4.863938399
2019-04-26,510500,中证500ETF,4.82115821,1613266113.0,316782519.0,4.865684529,4.895368741,4.81941208
2019-04-29,510500,中证500ETF,4.696309905,2871535890.0,576321206.0,4.823777406,4.832508056,4.670991018
2019-04-30,510500,中证500ETF,4.712025077,1838905559.0,371033175.0,4.681467799,4.763535916,4.667498758
2019-05-06,510500,中证500ETF,4.347083877,3505012111.0,749706095.0,4.519077696,4.561857885,4.309542079
2019-05-07,510500,中证500ETF,4.387244871,2104976157.0,455971096.0,4.394229391,4.422167473,4.327003381
2019-05-08,510500,中证500ETF,4.367164374,1596197919.0,345372342.0,4.308669014,4.464074597,4.292080778
2019-05-09,510500,中证500ETF,4.333987901,1622388579.0,353217783.0,4.343591617,4.388991001,4.317399665
2019-05-10,510500,中证500ETF,4.488520419,2521088003.0,540592742.0,4.384625675,4.50074333,4.277238672
2019-05-13,510500,中证500ETF,4.419548278,1638262434.0,350947024.0,4.414309888,4.455343946,4.399467781
2019-05-14,510500,中证500ETF,4.401213912,1090254388.0,234122818.0,4.391610196,4.4439941,4.387244871
2019-05-15,510500,中证500ETF,4.493758809,1191793789.0,253398139.0,4.429151994,4.516458501,4.426532799
2019-05-16,510500,中证500ETF,4.536538997,2511919802.0,527551835.0,4.491139614,4.546142713,4.475424443
2019-05-17,510500,中证500ETF,4.387244871,1199093424.0,255649334.0,4.539158193,4.548761908,4.360179853
2019-05-20,510500,中证500ETF,4.352322268,1318052038.0,288682382.0,4.366291309,4.395102456,4.282477062
2019-05-21,510500,中证500ETF,4.429151994,1479010466.0,317484635.0,4.354068398,4.466693792,4.352322268
2019-05-22,510500,中证500ETF,4.414309888,995247111.0,213918039.0,4.426532799,4.441374905,4.369783569
2019-05-23,510500,中证500ETF,4.324384185,1059519357.0,230911264.0,4.395975521,4.402086977,4.311288209
2019-05-24,510500,中证500ETF,4.299065298,1305295521.0,286959510.0,4.320891925,4.340099357,4.285096257
2019-05-27,510500,中证500ETF,4.397721651,1830551974.0,398120052.0,4.303430624,4.422167473,4.282477062
2019-05-28,510500,中证500ETF,4.388117936,1337237469.0,287699614.0,4.401213912,4.437009579,4.37676809
2019-05-29,510500,中证500ETF,4.389864066,1531057889.0,330275759.0,4.37851422,4.430898124,4.363672114
2019-05-30,510500,中证500ETF,4.375895025,892472708.0,194600789.0,4.369783569,4.38026035,4.31303434
2019-05-31,510500,中证500ETF,4.353195333,941894434.0,204031712.0,4.361925983,4.420421343,4.345337747
2019-06-03,510500,中证500ETF,4.317399665,1013172094.0,221466288.0,4.372402764,4.395975521,4.299065298
2019-06-04,510500,中证500ETF,4.25628511,1450049400.0,321362419.0,4.308669014,4.313907405,4.233585418
2019-06-05,510500,中证500ETF,4.240569939,1046856339.0,232172658.0,4.292080778,4.300811429,4.237950744
2019-06-06,510500,中证500ETF,4.140167456,1394508552.0,315487354.0,4.241443004,4.241443004,4.138421326
2019-06-10,510500,中证500ETF,4.186439904,1279522976.0,289176888.0,4.153263432,4.223108637,4.134056
2019-06-11,510500,中证500ETF,4.369783569,1719461108.0,378212857.0,4.187312969,4.370656634,4.186439904
2019-06-12,510500,中证500ETF,4.320891925,1216414706.0,265702012.0,4.356687593,4.370656634,4.309542079
2019-06-13,510500,中证500ETF,4.335734031,918711318.0,201203105.0,4.309542079,4.356687593,4.296446103
2019-06-14,510500,中证500ETF,4.266761891,1040010129.0,228765803.0,4.335734031,4.351449203,4.25628511
2019-06-17,510500,中证500ETF,4.265015761,931812812.0,206849341.0,4.264142696,4.289461583,4.243189134
2019-06-18,510500,中证500ETF,4.25453898,954878845.0,212366276.0,4.266761891,4.285096257,4.230093158
2019-06-19,510500,中证500ETF,4.312161274,3118894106.0,678674281.0,4.374148894,4.400340847,4.309542079
2019-06-20,510500,中证500ETF,4.407325367,2807207110.0,607513795.0,4.308669014,4.44224797,4.295573038
2019-06-21,510500,中证500ETF,4.467566857,3275796733.0,694699900.0,4.492885744,4.50074333,4.444867165
2019-06-24,510500,中证500ETF,4.466693792,1468726406.0,312407281.0,4.471932182,4.479789768,4.436136514
2019-06-25,510500,中证500ETF,4.420421343,1879332882.0,404794375.0,4.462328467,4.463201532,4.358433723
2019-06-26,510500,中证500ETF,4.419548278,970601762.0,208260350.0,4.387244871,4.446613295,4.38200648
2019-06-27,510500,中证500ETF,4.459709271,1376976756.0,293008752.0,4.423913603,4.489393484,4.423913603
2019-06-28,510500,中证500ETF,4.415182953,1336927424.0,287455159.0,4.44923249,4.452724751,4.38375261
2019-07-01,510500,中证500ETF,4.543523518,2101977715.0,441379901.0,4.50772785,4.556619494,4.470186052
2019-07-02,510500,中证500ETF,4.526935282,1585141698.0,332441685.0,4.533046737,4.544396583,4.512093176
2019-07-03,510500,中证500ETF,4.499870265,1230211091.0,259726008.0,4.516458501,4.516458501,4.484155093
2019-07-04,510500,中证500ETF,4.479789768,986123215.0,208553834.0,4.50248946,4.526935282,4.453597816
2019-07-05,510500,中证500ETF,4.503362525,855241636.0,180881372.0,4.474551378,4.515585436,4.458836206
2019-07-08,510500,中证500ETF,4.335734031,1588285254.0,343935554.0,4.478916703,4.483282028,4.325257251
2019-07-09,510500,中证500ETF,4.340972422,1007015673.0,220162943.0,4.334860966,4.356687593,4.311288209
2019-07-10,510500,中证500ETF,4.31478047,949664014.0,207931588.0,4.348830007,4.365418244,4.304303689
2019-07-11,510500,中证500ETF,4.3165266,1033479017.0,225777027.0,4.328749511,4.377641155,4.288588518
2019-07-12,510500,中证500ETF,4.337480162,795294530.0,174045494.0,4.307795949,4.347956942,4.299938364
2019-07-15,510500,中证500ETF,4.388117936,1976652633.0,429787460.0,4.332241771,4.427405864,4.257158175
2019-07-16,510500,中证500ETF,4.399467781,837684240.0,180754714.0,4.37676809,4.405579237,4.373275829
2019-07-17,510500,中证500ETF,4.390737131,738412172.0,159046077.0,4.394229391,4.421294408,4.38026035
2019-07-18,510500,中证500ETF,4.325257251,809399139.0,176532491.0,4.37502196,4.37676809,4.324384185
2019-07-19,510500,中证500ETF,4.353195333,1265864899.0,275250441.0,4.336607096,4.395975521,4.335734031
2019-07-22,510500,中证500ETF,4.265888826,1295483461.0,286121595.0,4.351449203,4.363672114,4.250173655
2019-07-23,510500,中证500ETF,4.299065298,823326465.0,181814132.0,4.265888826,4.307795949,4.265015761
2019-07-24,510500,中证500ETF,4.341845487,1211706172.0,263895396.0,4.313907405,4.379387285,4.313907405
2019-07-25,510500,中证500ETF,4.363672114,902789803.0,196672342.0,4.337480162,4.374148894,4.333987901
2019-07-26,510500,中证500ETF,4.374148894,845003499.0,183840676.0,4.352322268,4.381133415,4.337480162
2019-07-29,510500,中证500ETF,4.369783569,712548121.0,154796842.0,4.372402764,4.391610196,4.343591617
2019-07-30,510500,中证500ETF,4.396848586,945798385.0,203450493.0,4.370656634,4.43875571,4.368910504
2019-07-31,510500,中证500ETF,4.38549874,963019582.0,208221754.0,4.387244871,4.402960042,4.370656634
2019-08-01,510500,中证500ETF,4.353195333,954025827.0,207619360.0,4.367164374,4.381133415,4.333114836
2019-08-02,510500,中证500ETF,4.291207713,1458610661.0,323170100.0,4.258904305,4.296446103,4.248427524
2019-08-05,510500,中证500ETF,4.242316069,1470251526.0,325831118.0,4.270254151,4.31478047,4.239696874
2019-08-06,510500,中证500ETF,4.136675195,2651488235.0,606532219.0,4.169851668,4.182074579,4.060718534
2019-08-07,510500,中证500ETF,4.117467764,1090906884.0,249110651.0,4.157628757,4.164613278,4.114848569
2019-08-08,510500,中证500ETF,4.141913586,1049932999.0,239821429.0,4.134056,4.154136497,4.124452284
2019-08-09,510500,中证500ETF,4.100879528,1119410194.0,256145729.0,4.156755692,4.173343928,4.094768072
2019-08-12,510500,中证500ETF,4.179455384,936564309.0,214357579.0,4.107864048,4.182074579,4.090402747
2019-08-13,510500,中证500ETF,4.150644237,702798282.0,160434155.0,4.139294391,4.155882627,4.123579219
2019-08-14,510500,中证500ETF,4.170724733,1098035258.0,247531437.0,4.19429749,4.223981702,4.168105538
2019-08-15,510500,中证500ETF,4.191678295,1283948403.0,293169187.0,4.087783551,4.203901206,4.084291291
2019-08-16,510500,中证500ETF,4.204774271,1205506215.0,270852007.0,4.186439904,4.240569939,4.186439904
2019-08-19,510500,中证500ETF,4.368910504,1392727951.0,305959655.0,4.241443004,4.371529699,4.241443004
2019-08-20,510500,中证500ETF,4.349703072,1055182322.0,228976174.0,4.368910504,4.398594716,4.344464682
2019-08-21,510500,中证500ETF,4.357560658,773353148.0,168437351.0,4.348830007,4.370656634,4.335734031
2019-08-22,510500,中证500ETF,4.362799049,1122454360.0,244545850.0,4.363672114,4.370656634,4.334860966
2019-08-23,510500,中证500ETF,4.365418244,779303768.0,169309483.0,4.361925983,4.38375261,4.340972422
2019-08-26,510500,中证500ETF,4.333114836,1126083134.0,246960444.0,4.307795949,4.346210812,4.278984802
2019-08-27,510500,中证500ETF,4.401213912,1395881782.0,300105392.0,4.351449203,4.459709271,4.351449203
2019-08-28,510500,中证500ETF,4.399467781,754828009.0,162678057.0,4.400340847,4.418675213,4.38200648
2019-08-29,510500,中证500ETF,4.412563758,913860349.0,196626474.0,4.405579237,4.430898124,4.384625675
2019-08-30,510500,中证500ETF,4.374148894,881869553.0,190025336.0,4.437882645,4.456217011,4.351449203
2019-09-02,510500,中证500ETF,4.481535898,1191700560.0,254044278.0,4.373275829,4.50248946,4.368037439
2019-09-03,510500,中证500ETF,4.50772785,986310572.0,208412946.0,4.483282028,4.508600915,4.469312987
2019-09-04,510500,中证500ETF,4.578446121,1340109101.0,280848401.0,4.50423559,4.582811446,4.493758809
2019-09-05,510500,中证500ETF,4.609003398,2272430002.0,466317418.0,4.596780487,4.675356344,4.591542097
2019-09-06,510500,中证500ETF,4.622972439,1011919907.0,208406828.0,4.615987919,4.638687611,4.585430641
2019-09-09,510500,中证500ETF,4.715517337,1456249612.0,296938179.0,4.655275847,4.717263467,4.62821083
2019-09-10,510500,中证500ETF,4.711152011,1241325134.0,251510949.0,4.712898142,4.723374922,4.666625693
2019-09-11,510500,中证500ETF,4.691071515,1063332981.0,215334795.0,4.715517337,4.738217029,4.666625693
2019-09-12,510500,中证500ETF,4.704167491,1002186551.0,202948875.0,4.692817645,4.726867183,4.664879563
2019-09-16,510500,中证500ETF,4.705913621,1148836978.0,231977109.0,4.727740248,4.738217029,4.685833124
2019-09-17,510500,中证500ETF,4.602891943,1202158756.0,246686941.0,4.692817645,4.692817645,4.592415162
2019-09-18,510500,中证500ETF,4.606384203,877744921.0,180970739.0,4.603765008,4.6264647,4.594161292
2019-09-19,510500,中证500ETF,4.650037457,921874335.0,189750639.0,4.607257268,4.653529717,4.588922902
2019-09-20,510500,中证500ETF,4.657895042,1110871182.0,226789860.0,4.653529717,4.676229409,4.639560676
2019-09-23,510500,中证500ETF,4.637814546,1169452609.0,241200294.0,4.650037457,4.650037457,4.591542097
2019-09-24,510500,中证500ETF,4.639560676,1339153070.0,273180376.0,4.630830025,4.704167491,4.62821083
2019-09-25,510500,中证500ETF,4.56273095,1089520860.0,225986311.0,4.615114854,4.617734049,4.559238689
2019-09-26,510500,中证500ETF,4.453597816,1639038909.0,345301935.0,4.5714616,4.575826926,4.450978621
2019-09-27,510500,中证500ETF,4.475424443,920008160.0,194936528.0,4.461455401,4.501616395,4.459709271
2019-09-30,510500,中证500ETF,4.409071497,868653992.0,185534251.0,4.475424443,4.492012679,4.388991001
2019-10-08,510500,中证500ETF,4.419548278,889927802.0,189987886.0,4.423913603,4.472805247,4.416929083
2019-10-09,510500,中证500ETF,4.460582336,963839709.0,206438529.0,4.410817627,4.466693792,4.387244871
2019-10-10,510500,中证500ETF,4.512093176,1036889861.0,219420164.0,4.457963141,4.522569956,4.448359425
2019-10-11,510500,中证500ETF,4.536538997,1246829687.0,262457791.0,4.519950761,4.549634974,4.480662833
2019-10-14,510500,中证500ETF,4.590669032,1181865948.0,244654166.0,4.558365624,4.622099374,4.557492559
2019-10-15,510500,中证500ETF,4.532173672,685564021.0,143325265.0,4.574953861,4.576699991,4.525189152
2019-10-16,510500,中证500ETF,4.50423559,722122401.0,151334786.0,4.540031258,4.561857885,4.50248946
2019-10-17,510500,中证500ETF,4.505108655,596888896.0,125661066.0,4.50248946,4.525189152,4.493758809
2019-10-18,510500,中证500ETF,4.439628775,911632389.0,192991128.0,4.50598172,4.531300607,4.428278929
2019-10-21,510500,中证500ETF,4.430898124,844145271.0,181475214.0,4.436136514,4.436136514,4.387244871
2019-10-22,510500,中证500ETF,4.474551378,947909682.0,202087410.0,4.436136514,4.490266549,4.430025059
2019-10-23,510500,中证500ETF,4.446613295,640605599.0,136417184.0,4.479789768,4.484155093,4.428278929
2019-10-24,510500,中证500ETF,4.437882645,953977625.0,204197982.0,4.4439941,4.450978621,4.406452302
2019-10-25,510500,中证500ETF,4.477170573,1133281870.0,242104555.0,4.43875571,4.482408963,4.395102456
2019-10-28,510500,中证500ETF,4.541777388,1725801647.0,362130381.0,4.519950761,4.543523518,4.496378004
2019-10-29,510500,中证500ETF,4.483282028,915676260.0,192976209.0,4.542650453,4.542650453,4.479789768
2019-10-30,510500,中证500ETF,4.424786669,1010958138.0,216240164.0,4.467566857,4.469312987,4.419548278
2019-10-31,510500,中证500ETF,4.400340847,747889564.0,160434855.0,4.428278929,4.443121035,4.393356326
2019-11-01,510500,中证500ETF,4.444867165,1074554482.0,230361099.0,4.394229391,4.450105556,4.37851422
2019-11-04,510500,中证500ETF,4.457963141,1100799812.0,233886106.0,4.44224797,4.486774288,4.441374905
2019-11-05,510500,中证500ETF,4.492885744,1267801939.0,268309499.0,4.459709271,4.521696891,4.444867165
2019-11-06,510500,中证500ETF,4.451851686,1124883562.0,239149084.0,4.487647354,4.499870265,4.427405864
2019-11-07,510500,中证500ETF,4.482408963,981280261.0,208113149.0,4.4439941,4.50074333,4.439628775
2019-11-08,510500,中证500ETF,4.464947662,1207253780.0,254583145.0,4.513839306,4.530427542,4.461455401
2019-11-11,510500,中证500ETF,4.356687593,1307602209.0,281997313.0,4.439628775,4.44050184,4.352322268
2019-11-12,510500,中证500ETF,4.359306788,1086820856.0,237123022.0,4.359306788,4.372402764,4.308669014
2019-11-13,510500,中证500ETF,4.359306788,733008256.0,159752069.0,4.358433723,4.364545179,4.332241771
2019-11-14,510500,中证500ETF,4.386371805,848681144.0,183815174.0,4.351449203,4.398594716,4.350576138
2019-11-15,510500,中证500ETF,4.358433723,753253686.0,163096946.0,4.386371805,4.417802148,4.354068398
2019-11-18,510500,中证500ETF,4.37502196,711802944.0,154471524.0,4.352322268,4.389864066,4.341845487
2019-11-19,510500,中证500ETF,4.44923249,1127611157.0,241818446.0,4.37502196,4.453597816,4.369783569
2019-11-20,510500,中证500ETF,4.419548278,1261321822.0,269292261.0,4.450978621,4.464074597,4.416929083
2019-11-21,510500,中证500ETF,4.426532799,663265604.0,142344921.0,4.409071497,4.446613295,4.395975521
2019-11-22,510500,中证500ETF,4.37851422,1405360165.0,300917499.0,4.426532799,4.498124134,4.358433723
2019-11-25,510500,中证500ETF,4.38200648,935840178.0,203093121.0,4.375895025,4.395975521,4.339226292
2019-11-26,510500,中证500ETF,4.366291309,979829869.0,212279436.0,4.387244871,4.403833107,4.357560658
2019-11-27,510500,中证500ETF,4.387244871,951970321.0,205606418.0,4.354068398,4.420421343,4.352322268
2019-11-28,510500,中证500ETF,4.37851422,762966163.0,165094711.0,4.38200648,4.402086977,4.363672114
2019-11-29,510500,中证500ETF,4.37851422,1344784027.0,291615068.0,4.37676809,4.396848586,4.333114836
2019-12-02,510500,中证500ETF,4.393356326,916465312.0,197811549.0,4.388117936,4.416929083,4.369783569
2019-12-03,510500,中证500ETF,4.413436823,1021347831.0,221138653.0,4.369783569,4.414309888,4.354068398
2019-12-04,510500,中证500ETF,4.403833107,779764104.0,168114404.0,4.389864066,4.416056018,4.382879545
2019-12-05,510500,中证500ETF,4.44748636,1173089812.0,250831009.0,4.414309888,4.462328467,4.407325367
2019-12-06,510500,中证500ETF,4.492885744,1016823710.0,216229175.0,4.448359425,4.494631874,4.435263449
2019-12-09,510500,中证500ETF,4.503362525,1069795871.0,225807559.0,4.495504939,4.517331566,4.482408963
2019-12-10,510500,中证500ETF,4.525189152,938605775.0,197846645.0,4.493758809,4.534792867,4.478916703
2019-12-11,510500,中证500ETF,4.506854785,710505570.0,149751381.0,4.521696891,4.526062217,4.485028158
2019-12-12,510500,中证500ETF,4.497251069,903532223.0,190312992.0,4.50598172,4.527808347,4.491139614
2019-12-13,510500,中证500ETF,4.561857885,1605467900.0,336001122.0,4.535665932,4.574080795,4.514712371
2019-12-16,510500,中证500ETF,4.637814546,1511391532.0,312472935.0,4.56273095,4.646545196,4.559238689
2019-12-17,510500,中证500ETF,4.714644272,1581801149.0,320549853.0,4.637814546,4.737343964,4.63170309
2019-12-18,510500,中证500ETF,4.710278946,1174343405.0,236573231.0,4.705040556,4.745201549,4.69718297
2019-12-19,510500,中证500ETF,4.722501857,924094372.0,186665617.0,4.710278946,4.734724768,4.694563775
2019-12-20,510500,中证500ETF,4.673610213,1409859959.0,285504417.0,4.722501857,4.737343964,4.664879563
2019-12-23,510500,中证500ETF,4.560984819,1559217817.0,321065645.0,4.655275847,4.667498758,4.556619494
2019-12-24,510500,中证500ETF,4.63344922,1113431545.0,229883763.0,4.56971547,4.639560676,4.567096275
2019-12-25,510500,中证500ETF,4.655275847,1208524029.0,247448383.0,4.6264647,4.664006498,4.622972439
2019-12-26,510500,中证500ETF,4.69194458,1044979734.0,213131437.0,4.649164392,4.694563775,4.638687611
2019-12-27,510500,中证500ETF,4.652656652,974018649.0,197408968.0,4.69718297,4.726867183,4.650910522
2019-12-30,510500,中证500ETF,4.720755727,1194030580.0,242549494.0,4.643052936,4.725121053,4.606384203
2019-12-31,510500,中证500ETF,4.740836224,976168589.0,196642126.0,4.711152011,4.746947679,4.698056035
2020-01-02,510500,中证500ETF,4.835127251,1364273246.0,269832059.0,4.787108673,4.849096293,4.756551395
2020-01-03,510500,中证500ETF,4.844730967,899177189.0,176955991.0,4.835127251,4.863938399,4.823777406
2020-01-06,510500,中证500ETF,4.902353262,1307521802.0,254562448.0,4.830761926,4.952991036,4.81941208
2020-01-07,510500,中证500ETF,4.968706207,1260248672.0,243574436.0,4.900607132,4.970452337,4.900607132
2020-01-08,510500,中证500ETF,4.896241806,1493383829.0,289226630.0,4.935529734,4.965213947,4.880526635
2020-01-09,510500,中证500ETF,4.960848621,1392247755.0,268609568.0,4.935529734,4.961721687,4.917195368
2020-01-10,510500,中证500ETF,4.939021995,1206982366.0,233000042.0,4.972198467,4.980929118,4.911956978
2020-01-13,510500,中证500ETF,5.025455437,1214042241.0,233137443.0,4.94164119,5.028947697,4.904099392
2020-01-14,510500,中证500ETF,5.002755745,1133293950.0,215398402.0,5.029820762,5.046408998,4.997517354
2020-01-15,510500,中证500ETF,4.987040574,1051323131.0,201319942.0,4.995771224,5.00537494,4.951244906
2020-01-16,510500,中证500ETF,4.994025094,1166818467.0,222997986.0,4.989659769,5.011486396,4.973071532
2020-01-17,510500,中证500ETF,4.964340882,1555189615.0,297613586.0,5.00013655,5.014978656,4.950371841
2020-01-20,510500,中证500ETF,5.051647389,1019522729.0,194204736.0,4.972198467,5.053393519,4.955610231
2020-01-21,510500,中证500ETF,4.989659769,1769694739.0,337780650.0,5.033313022,5.036805283,4.966960077
2020-01-22,510500,中证500ETF,5.029820762,1629372732.0,312915339.0,4.963467817,5.062997235,4.897987936
2020-01-23,510500,中证500ETF,4.833381121,2437769704.0,473067946.0,4.978309923,5.009740265,4.792347063
2020-02-03,510500,中证500ETF,4.421294408,3514496248.0,754330804.0,4.426532799,4.459709271,4.387244871
2020-02-04,510500,中证500ETF,4.499870265,2888335988.0,617117241.0,4.421294408,4.516458501,4.373275829
2020-02-05,510500,中证500ETF,4.602018878,1740890473.0,361202382.0,4.50248946,4.649164392,4.492012679
2020-02-06,510500,中证500ETF,4.746074614,1663316614.0,337056202.0,4.614241789,4.769647371,4.56796934
2020-02-07,510500,中证500ETF,4.794093193,1290381152.0,258558851.0,4.740836224,4.796712388,4.705040556
2020-02-10,510500,中证500ETF,4.842984837,1613834079.0,320055084.0,4.776631892,4.844730967,4.754805265
2020-02-11,510500,中证500ETF,4.820285145,1203818558.0,237869682.0,4.841238707,4.856080813,4.789727868
2020-02-12,510500,中证500ETF,4.923306823,1125374751.0,220273909.0,4.811554495,4.924179889,4.801950779
2020-02-13,510500,中证500ETF,4.877034375,1207034639.0,235246193.0,4.915449238,4.932910539,4.863065334
2020-02-14,510500,中证500ETF,4.88314583,1247143624.0,243148530.0,4.858700008,4.932910539,4.842984837
2020-02-17,510500,中证500ETF,5.056885779,2350608365.0,449858856.0,4.905845522,5.059504974,4.905845522
2020-02-18,510500,中证500ETF,5.099665968,2472829238.0,465660729.0,5.059504974,5.103158228,5.023709307
2020-02-19,510500,中证500ETF,5.056885779,1661627541.0,312223930.0,5.097919837,5.116254204,5.047282063
2020-02-20,510500,中证500ETF,5.156415197,1650190834.0,308913525.0,5.058631909,5.168638108,5.034186087
2020-02-21,510500,中证500ETF,5.241975574,1873835181.0,343915374.0,5.142446156,5.270786721,5.139826961
2020-02-24,510500,中证500ETF,5.292613348,1929619663.0,350663102.0,5.221895077,5.317932235,5.188718605
2020-02-25,510500,中证500ETF,5.329282081,1942785465.0,354888399.0,5.205306841,5.343251122,5.097919837
2020-02-26,510500,中证500ETF,5.18784554,1794776126.0,326485095.0,5.25856381,5.309201584,5.173876499
2020-02-27,510500,中证500ETF,5.18609941,1592163916.0,292613695.0,5.19483006,5.257690745,5.143319221
2020-02-28,510500,中证500ETF,4.916322303,3263750655.0,624807413.0,5.051647389,5.088316122,4.909337782
2020-03-02,510500,中证500ETF,5.104904358,2318785971.0,437375174.0,4.959102491,5.131969375,4.959102491
2020-03-03,510500,中证500ETF,5.141573091,2394565855.0,440770338.0,5.190464735,5.261183006,5.094427577
2020-03-04,510500,中证500ETF,5.159034392,1135715329.0,212359069.0,5.104904358,5.164272783,5.051647389
2020-03-05,510500,中证500ETF,5.228006533,891089941.0,163483398.0,5.234117988,5.244594769,5.172130368
2020-03-06,510500,中证500ETF,5.19657619,798692208.0,146535421.0,5.165145848,5.245467834,5.164272783
2020-03-09,510500,中证500ETF,4.995771224,1113141861.0,210400561.0,5.111888879,5.138080831,4.989659769
2020-03-10,510500,中证500ETF,5.111888879,1937136165.0,368652318.0,4.946006515,5.116254204,4.887511156
2020-03-11,510500,中证500ETF,5.033313022,1962834818.0,367302407.0,5.126730985,5.143319221,5.031566892
2020-03-12,510500,中证500ETF,4.965213947,966955105.0,186040425.0,4.970452337,5.0088672,4.912830043
2020-03-13,510500,中证500ETF,4.927672149,2095119617.0,413034547.0,4.738217029,4.969579272,4.701548296
2020-03-16,510500,中证500ETF,4.677102474,1555769826.0,308283257.0,4.935529734,4.937275865,4.662260368
2020-03-17,510500,中证500ETF,4.68670619,2061951657.0,421021751.0,4.735597833,4.795839323,4.546142713
2020-03-18,510500,中证500ETF,4.612495659,1559854848.0,314942652.0,4.709405881,4.797585453,4.599399683
2020-03-19,510500,中证500ETF,4.656148912,2028128816.0,419847272.0,4.614241789,4.666625693,4.498124134
2020-03-20,510500,中证500ETF,4.69194458,1229620295.0,250732844.0,4.681467799,4.699802166,4.609876463
2020-03-23,510500,中证500ETF,4.494631874,1942301572.0,406645176.0,4.561857885,4.607257268,4.470186052
2020-03-24,510500,中证500ETF,4.561857885,1709773486.0,357518702.0,4.576699991,4.602018878,4.452724751
2020-03-25,510500,中证500ETF,4.677975539,1561302530.0,318547158.0,4.658768107,4.694563775,4.6264647
2020-03-26,510500,中证500ETF,4.630830025,1018544987.0,208161581.0,4.649164392,4.689325385,4.629083895
2020-03-27,510500,中证500ETF,4.609876463,830497874.0,169635379.0,4.684086994,4.69718297,4.606384203
2020-03-30,510500,中证500ETF,4.516458501,1487838727.0,313192278.0,4.561857885,4.561857885,4.464947662
2020-03-31,510500,中证500ETF,4.516458501,1201437442.0,251582460.0,4.557492559,4.56622321,4.506854785
2020-04-01,510500,中证500ETF,4.498997199,989224821.0,206980160.0,4.505108655,4.587176772,4.494631874
2020-04-02,510500,中证500ETF,4.639560676,1310764276.0,273472776.0,4.488520419,4.643052936,4.482408963
2020-04-03,510500,中证500ETF,4.581065316,1111978430.0,230023977.0,4.609003398,4.62821083,4.559238689
2020-04-07,510500,中证500ETF,4.724247988,1317190158.0,266259910.0,4.665752628,4.739090094,4.664879563
2020-04-08,510500,中证500ETF,4.739090094,880702252.0,177387317.0,4.705913621,4.75742446,4.69718297
2020-04-09,510500,中证500ETF,4.785362542,865392167.0,172482504.0,4.761789786,4.801950779,4.754805265
2020-04-10,510500,中证500ETF,4.694563775,1352123773.0,272736217.0,4.780124152,4.780124152,4.670991018
2020-04-13,510500,中证500ETF,4.643926001,1003718062.0,205441617.0,4.658768107,4.671864083,4.621226309
2020-04-14,510500,中证500ETF,4.748693809,958503961.0,193581807.0,4.664879563,4.754805265,4.664006498
2020-04-15,510500,中证500ETF,4.739090094,913076510.0,182618152.0,4.749566875,4.783616412,4.733851703
2020-04-16,510500,中证500ETF,4.778378022,920836624.0,184308713.0,4.723374922,4.801077714,4.714644272
2020-04-17,510500,中证500ETF,4.784489477,1273829901.0,251914043.0,4.808062234,4.844730967,4.768774306
2020-04-20,510500,中证500ETF,4.838619512,904599459.0,178948722.0,4.784489477,4.840365642,4.776631892
2020-04-21,510500,中证500ETF,4.806316104,1339252609.0,266642996.0,4.816792885,4.816792885,4.747820744
2020-04-22,510500,中证500ETF,4.853461618,1023852890.0,203071237.0,4.762662851,4.857826943,4.76091672
2020-04-23,510500,中证500ETF,4.827269666,604044358.0,118951131.0,4.854334683,4.863938399,4.818539015
2020-04-24,510500,中证500ETF,4.75218607,1063652965.0,212388902.0,4.808062234,4.823777406,4.734724768
2020-04-27,510500,中证500ETF,4.734724768,828822939.0,166053951.0,4.751313005,4.780997217,4.725121053
2020-04-28,510500,中证500ETF,4.696309905,1397520688.0,284687371.0,4.734724768,4.735597833,4.588922902
2020-04-29,510500,中证500ETF,4.705913621,861679840.0,174000715.0,4.692817645,4.736470899,4.681467799
2020-04-30,510500,中证500ETF,4.829888861,1296370740.0,256938128.0,4.725994118,4.843857902,4.725994118
2020-05-06,510500,中证500ETF,4.908464717,1276805844.0,250250405.0,4.797585453,4.922433758,4.785362542
2020-05-07,510500,中证500ETF,4.902353262,1292809706.0,251150629.0,4.908464717,4.925926019,4.8813997
2020-05-08,510500,中证500ETF,4.967833142,1199908790.0,230793908.0,4.930291344,4.990532834,4.922433758
2020-05-11,510500,中证500ETF,4.947752645,1443541553.0,277781017.0,4.971325402,5.011486396,4.925926019
2020-05-12,510500,中证500ETF,4.960848621,1762368393.0,339700567.0,4.94164119,4.968706207,4.907591652
2020-05-13,510500,中证500ETF,4.987913639,1082256570.0,208044994.0,4.953864101,4.996644289,4.932910539
2020-05-14,510500,中证500ETF,4.960848621,627387121.0,120596431.0,4.971325402,4.987040574,4.948625711
2020-05-15,510500,中证500ETF,4.970452337,1232788477.0,236059083.0,4.961721687,5.009740265,4.954737166
2020-05-18,510500,中证500ETF,4.94338732,812392046.0,156155312.0,4.975690728,4.991405899,4.925052954
2020-05-19,510500,中证500ETF,5.00188268,667168959.0,127549489.0,4.972198467,5.004501875,4.966087012
2020-05-20,510500,中证500ETF,4.960848621,1001109307.0,191821898.0,4.994898159,5.00188268,4.944260385
2020-05-21,510500,中证500ETF,4.898861002,764079130.0,147746918.0,4.964340882,4.976563793,4.891876481
2020-05-22,510500,中证500ETF,4.810681429,1265098960.0,249215442.0,4.87965357,4.897987936,4.794093193
2020-05-25,510500,中证500ETF,4.789727868,813513242.0,161444580.0,4.808062234,4.824650471,4.774012697
2020-05-26,510500,中证500ETF,4.884018895,1235166129.0,242129959.0,4.81941208,4.889257286,4.808935299
2020-05-27,510500,中证500ETF,4.851715488,1349046069.0,264391223.0,4.888384221,4.889257286,4.830761926
2020-05-28,510500,中证500ETF,4.837746447,853939577.0,168667783.0,4.847350162,4.872669049,4.780124152
2020-05-29,510500,中证500ETF,4.87965357,844224302.0,165372553.0,4.816792885,4.885765025,4.81591982
2020-06-01,510500,中证500ETF,5.051647389,1112886814.0,211858678.0,4.911956978,5.054266584,4.911956978
2020-06-02,510500,中证500ETF,5.046408998,663192008.0,125595793.0,5.068235625,5.07260095,5.018470916
2020-06-03,510500,中证500ETF,5.037678348,950843621.0,179407153.0,5.059504974,5.084823861,5.035059152
2020-06-04,510500,中证500ETF,5.047282063,820577679.0,155282011.0,5.052520454,5.06212417,5.018470916
2020-06-05,510500,中证500ETF,5.059504974,519510104.0,98316612.0,5.047282063,5.0638703,5.018470916
2020-06-08,510500,中证500ETF,5.048155128,639725340.0,120539103.0,5.081331601,5.103158228,5.039424478
2020-06-09,510500,中证500ETF,5.079585471,709228873.0,133559607.0,5.049028194,5.094427577,5.035059152
2020-06-10,510500,中证500ETF,5.086569992,623669244.0,117353712.0,5.079585471,5.090062252,5.053393519
2020-06-11,510500,中证500ETF,5.076966276,875566640.0,164077153.0,5.086569992,5.155542132,5.042043673
2020-06-12,510500,中证500ETF,5.077839341,1159598155.0,219046449.0,4.989659769,5.109269683,4.984421378
2020-06-15,510500,中证500ETF,5.071727885,1441441584.0,269765688.0,5.07260095,5.136334701,5.066489495
2020-06-16,510500,中证500ETF,5.167765043,884799088.0,164313513.0,5.109269683,5.170384238,5.109269683
2020-06-17,510500,中证500ETF,5.211418297,1037742866.0,191203274.0,5.180861019,5.221022012,5.165145848
2020-06-18,510500,中证500ETF,5.225387338,1131866392.0,207512368.0,5.210545232,5.232371858,5.192210865
2020-06-19,510500,中证500ETF,5.265548331,1305633076.0,237491753.0,5.225387338,5.286501893,5.217529752
2020-06-22,510500,中证500ETF,5.262056071,1284381650.0,232787937.0,5.262929136,5.303090129,5.25507155
2020-06-23,510500,中证500ETF,5.286501893,1255652302.0,227949235.0,5.262056071,5.289994153,5.234991053
2020-06-24,510500,中证500ETF,5.287374958,855357846.0,154984731.0,5.287374958,5.305709324,5.260309941
2020-06-29,510500,中证500ETF,5.262929136,1033405086.0,187914182.0,5.282136567,5.282136567,5.234991053
2020-06-30,510500,中证500ETF,5.344124187,1459730004.0,261747271.0,5.271659786,5.372062269,5.271659786
2020-07-01,510500,中证500ETF,5.368570009,1447028704.0,258756429.0,5.359839358,5.372935335,5.310947715
2020-07-02,510500,中证500ETF,5.468972492,1510582613.0,266560198.0,5.366823879,5.482068468,5.350235643
2020-07-03,510500,中证500ETF,5.544929153,2015783587.0,350832772.0,5.473337818,5.547548349,5.455876516
2020-07-06,510500,中证500ETF,5.81994465,3737277481.0,625415010.0,5.587709342,5.862724839,5.587709342
2020-07-07,510500,中证500ETF,5.88018614,3138788323.0,511038218.0,5.88193227,5.981461688,5.805975609
2020-07-08,510500,中证500ETF,6.00241525,1855994997.0,300424156.0,5.866217099,6.020749616,5.845263537
2020-07-09,510500,中证500ETF,6.169170678,1881929209.0,296737735.0,5.996303795,6.180520524,5.984953949
2020-07-10,510500,中证500ETF,6.159566963,1906840646.0,297265748.0,6.136867271,6.224173778,6.116786774
2020-07-13,510500,中证500ETF,6.362991124,1664028079.0,254827262.0,6.165678418,6.366483384,6.165678418
2020-07-14,510500,中证500ETF,6.275684617,2482453360.0,381728689.0,6.358625799,6.358625799,6.146470987
2020-07-15,510500,中证500ETF,6.139486466,2629471627.0,409494332.0,6.274811552,6.318464805,6.079244976
2020-07-16,510500,中证500ETF,5.820817715,2803376722.0,448555479.0,6.12988275,6.199727956,5.792006568
2020-07-17,510500,中证500ETF,5.825183041,2192963478.0,360622548.0,5.820817715,5.925585524,5.774545267
2020-07-20,510500,中证500ETF,6.003288315,2607215320.0,423309142.0,5.888916791,6.00765364,5.827802236
2020-07-21,510500,中证500ETF,6.038210918,1412182082.0,225391120.0,6.018130421,6.070514325,5.984080884
2020-07-22,510500,中证500ETF,6.099325473,1652651744.0,260143699.0,6.031226397,6.19012424,6.008526705
2020-07-23,510500,中证500ETF,6.092340952,1654684322.0,263742908.0,6.046068504,6.114167579,5.915981808
2020-07-24,510500,中证500ETF,5.792006568,2113165760.0,342585229.0,6.073133521,6.080118041,5.767560746
2020-07-27,510500,中证500ETF,5.788514308,1461561199.0,242002010.0,5.801610284,5.840025147,5.732638143
2020-07-28,510500,中证500ETF,5.850501928,1426108279.0,234588929.0,5.832167561,5.879313075,5.798118024
2020-07-29,510500,中证500ETF,6.023368812,1517267342.0,245505776.0,5.815579325,6.032099462,5.810340935
2020-07-30,510500,中证500ETF,6.001542185,1504661423.0,240584502.0,6.026861072,6.058291414,5.983207818
2020-07-31,510500,中证500ETF,6.067022065,1964297124.0,312093741.0,5.999796055,6.115913709,5.94566602
2020-08-03,510500,中证500ETF,6.218935387,1735424617.0,270840017.0,6.105436928,6.219808452,6.088848692
2020-08-04,510500,中证500ETF,6.180520524,1308986808.0,203272235.0,6.221554583,6.235523624,6.151709377
2020-08-05,510500,中证500ETF,6.241635079,1229841961.0,190899062.0,6.181393589,6.263461706,6.12813662
2020-08-06,510500,中证500ETF,6.258223316,1033603689.0,159954904.0,6.242508144,6.273065422,6.137740336
2020-08-07,510500,中证500ETF,6.177028264,1061566894.0,165797559.0,6.239015884,6.242508144,6.06964126
2020-08-10,510500,中证500ETF,6.207585541,896082494.0,139508759.0,6.142105661,6.252984925,6.12464436
2020-08-11,510500,中证500ETF,6.091467887,856207679.0,133339858.0,6.190997305,6.242508144,6.078371911
2020-08-12,510500,中证500ETF,6.011145901,1449372357.0,233226050.0,6.063529805,6.080991106,5.896774377
2020-08-13,510500,中证500ETF,6.039957048,1100033630.0,175177550.0,6.027734137,6.072260456,6.00241525
2020-08-14,510500,中证500ETF,6.129009685,1721408220.0,272447852.0,6.040830113,6.132501945,6.005034445
2020-08-17,510500,中证500ETF,6.219808452,1705692756.0,265483457.0,6.127263555,6.231158298,6.099325473
2020-08-18,510500,中证500ETF,6.266080901,1307371061.0,201132478.0,6.217189257,6.293145918,6.216316192
2020-08-19,510500,中证500ETF,6.156074702,1066404121.0,165379487.0,6.265207836,6.266080901,6.151709377
2020-08-20,510500,中证500ETF,6.093214017,1142722453.0,179929606.0,6.160440028,6.163932288,6.072260456
2020-08-21,510500,中证500ETF,6.130755815,1043092794.0,163394694.0,6.102817733,6.180520524,6.081864171
2020-08-24,510500,中证500ETF,6.164805353,1088905637.0,170328656.0,6.150836312,6.181393589,6.074879651
2020-08-25,510500,中证500ETF,6.132501945,1003981922.0,156904742.0,6.177028264,6.223300713,6.117659839
2020-08-26,510500,中证500ETF,6.025114942,1438663102.0,228348959.0,6.125517425,6.147344052,5.994557664
2020-08-27,510500,中证500ETF,6.080991106,1183726303.0,188417673.0,6.025114942,6.084483367,5.991065404
2020-08-28,510500,中证500ETF,6.18837811,2020957854.0,316881182.0,6.070514325,6.196235696,6.039083983
2020-08-31,510500,中证500ETF,6.156074702,1722977544.0,266992847.0,6.209331672,6.25560412,6.153455507
2020-09-01,510500,中证500ETF,6.201474086,1076599882.0,168054843.0,6.142105661,6.203220216,6.134248076
2020-09-02,510500,中证500ETF,6.197108761,2179588403.0,339449335.0,6.204966346,6.225046843,6.129009685
2020-09-03,510500,中证500ETF,6.162186158,1019448125.0,158679508.0,6.1936165,6.223300713,6.140359531
2020-09-04,510500,中证500ETF,6.118532904,1318613075.0,208684764.0,6.091467887,6.132501945,6.052179959
2020-09-07,510500,中证500ETF,5.985827014,1538526940.0,243831002.0,6.101944668,6.167424548,5.959635062
2020-09-08,510500,中证500ETF,6.025114942,1188749977.0,190783835.0,5.992811534,6.049560764,5.94566602
2020-09-09,510500,中证500ETF,5.868836294,1535280897.0,249860716.0,5.961381192,5.980588623,5.828675301
2020-09-10,510500,中证500ETF,5.764068486,1931492475.0,318197617.0,5.900266637,5.916854873,5.733511208
2020-09-11,510500,中证500ETF,5.81470626,1552965334.0,257732966.0,5.729145883,5.827802236,5.722161363
2020-09-14,510500,中证500ETF,5.860978709,1657352544.0,272297688.0,5.851374993,5.877566945,5.801610284
2020-09-15,510500,中证500ETF,5.885424531,977202069.0,160160685.0,5.847009668,5.897647442,5.833913691
2020-09-16,510500,中证500ETF,5.866217099,883850999.0,144800432.0,5.886297596,5.886297596,5.836532887
2020-09-17,510500,中证500ETF,5.879313075,1304144544.0,213776849.0,5.845263537,5.927331654,5.807721739
2020-09-18,510500,中证500ETF,5.990192339,1447599138.0,234453658.0,5.87145549,5.992811534,5.862724839
2020-09-21,510500,中证500ETF,5.94566602,1956675126.0,315295972.0,5.984953949,6.012892031,5.93518924
2020-09-22,510500,中证500ETF,5.868836294,1322935303.0,215023148.0,5.910743418,5.977096363,5.842644342
2020-09-23,510500,中证500ETF,5.898520507,870583869.0,142022612.0,5.872328555,5.916854873,5.862724839
2020-09-24,510500,中证500ETF,5.779783657,1815568811.0,300677890.0,5.858359513,5.867090164,5.7562109
2020-09-25,510500,中证500ETF,5.761449291,1233346006.0,205417705.0,5.780656722,5.805102544,5.730018948
2020-09-28,510500,中证500ETF,5.705573126,1115266209.0,186960122.0,5.775418332,5.784148983,5.69073102
2020-09-29,510500,中证500ETF,5.74922638,1571791929.0,261787328.0,5.723034428,5.803356414,5.709065386
2020-09-30,510500,中证500ETF,5.708192321,1581858318.0,265184630.0,5.753591705,5.785022048,5.665412133
2020-10-09,510500,中证500ETF,5.862724839,1358413820.0,222618687.0,5.799864154,5.888916791,5.799864154
2020-10-12,510500,中证500ETF,6.049560764,1230501431.0,197356372.0,5.906378092,6.053053024,5.904631962
2020-10-13,510500,中证500ETF,6.051306894,1399063847.0,223496743.0,6.032972527,6.060037545,5.986700079
2020-10-14,510500,中证500ETF,6.023368812,1029655874.0,164331199.0,6.042576243,6.046068504,6.00765364
2020-10-15,510500,中证500ETF,5.976223298,1086076633.0,174315251.0,6.014638161,6.037337853,5.973604103
2020-10-16,510500,中证500ETF,5.94217376,1061850533.0,171618322.0,5.985827014,5.991938469,5.895901311
2020-10-19,510500,中证500ETF,5.88193227,2103726156.0,342231858.0,5.976223298,6.001542185,5.858359513
2020-10-20,510500,中证500ETF,5.932570044,1018458003.0,166360715.0,5.867963229,5.9386815,5.843517407
2020-10-21,510500,中证500ETF,5.88193227,1168546457.0,190964223.0,5.923839394,5.939554565,5.839152082
2020-10-22,510500,中证500ETF,5.843517407,1097041370.0,180818907.0,5.862724839,5.870582424,5.785022048
2020-10-23,510500,中证500ETF,5.743987989,1279311200.0,211804289.0,5.829548366,5.888043726,5.732638143
2020-10-26,510500,中证500ETF,5.738749599,1279165215.0,214617348.0,5.738749599,5.767560746,5.654935352
2020-10-27,510500,中证500ETF,5.737003469,796052370.0,133399653.0,5.709065386,5.753591705,5.699461671
2020-10-28,510500,中证500ETF,5.771926072,898423576.0,150321556.0,5.737003469,5.777164462,5.68898489
2020-10-29,510500,中证500ETF,5.780656722,1157715882.0,192776121.0,5.712557647,5.81296013,5.701207801
2020-10-30,510500,中证500ETF,5.644458571,1457014653.0,244725824.0,5.779783657,5.81819852,5.636600986
2020-11-02,510500,中证500ETF,5.665412133,962896618.0,163005032.0,5.648823897,5.69596941,5.635727921
2020-11-03,510500,中证500ETF,5.75795703,1027347211.0,171931812.0,5.68898489,5.771926072,5.673269719
2020-11-04,510500,中证500ETF,5.757083965,1337465863.0,223541070.0,5.75795703,5.780656722,5.699461671
2020-11-05,510500,中证500ETF,5.875820815,1233058623.0,202956533.0,5.802483349,5.888043726,5.785022048
2020-11-06,510500,中证500ETF,5.830421431,1191069836.0,196797064.0,5.875820815,5.885424531,5.770179941
2020-11-09,510500,中证500ETF,5.929950849,1817105999.0,294441596.0,5.853994188,5.970984907,5.853121123
2020-11-10,510500,中证500ETF,5.888043726,1687900719.0,275123937.0,5.953523606,5.953523606,5.847009668
2020-11-11,510500,中证500ETF,5.813833195,707111461.0,116036770.0,5.87145549,5.898520507,5.81296013
2020-11-12,510500,中证500ETF,5.833913691,701426508.0,115508815.0,5.81819852,5.865344034,5.810340935
2020-11-13,510500,中证500ETF,5.835659822,1030845300.0,170546464.0,5.817325455,5.842644342,5.764068486
2020-11-16,510500,中证500ETF,5.905505027,937395964.0,153183770.0,5.847009668,5.906378092,5.819071585
2020-11-17,510500,中证500ETF,5.864470969,820197350.0,134532859.0,5.900266637,5.902012767,5.832167561
2020-11-18,510500,中证500ETF,5.859232579,1126237962.0,184151566.0,5.860978709,5.912489548,5.836532887
2020-11-19,510500,中证500ETF,5.893282116,880651273.0,144175606.0,5.849628863,5.902012767,5.813833195
2020-11-20,510500,中证500ETF,5.944792955,1159224809.0,188030172.0,5.87145549,5.957015866,5.87145549
2020-11-23,510500,中证500ETF,5.991065404,1478258588.0,237582653.0,5.946539086,6.044322373,5.920347133
2020-11-24,510500,中证500ETF,5.989319274,971021886.0,155755626.0,5.989319274,6.011145901,5.977969428
2020-11-25,510500,中证500ETF,5.889789856,862522474.0,139760945.0,6.00416138,6.013765096,5.88018614
2020-11-26,510500,中证500ETF,5.87145549,1166919264.0,191517807.0,5.888916791,5.896774377,5.826056106
2020-11-27,510500,中证500ETF,5.896774377,1024254265.0,168131110.0,5.87320162,5.898520507,5.803356414
2020-11-30,510500,中证500ETF,5.851374993,1477980031.0,241011553.0,5.897647442,5.932570044,5.833040626
2020-12-01,510500,中证500ETF,5.949158281,1160475839.0,188225892.0,5.842644342,5.970111842,5.837405952
2020-12-02,510500,中证500ETF,5.954396671,1526854734.0,247087511.0,5.950904411,5.969238777,5.912489548
2020-12-03,510500,中证500ETF,5.975350233,1372137043.0,221854300.0,5.952650541,5.991938469,5.911616483
2020-12-04,510500,中证500ETF,5.998049925,927460474.0,149484390.0,5.958761997,6.00066912,5.926458589
2020-12-07,510500,中证500ETF,5.952650541,1326764449.0,213941900.0,5.995430729,6.003288315,5.936062305
2020-12-08,510500,中证500ETF,5.944792955,955468466.0,154081058.0,5.947412151,5.981461688,5.94042763
2020-12-09,510500,中证500ETF,5.848755798,1528511126.0,248941041.0,5.950031346,5.958761997,5.842644342
2020-12-10,510500,中证500ETF,5.859232579,851369888.0,139833000.0,5.81819852,5.888043726,5.806848674
2020-12-11,510500,中证500ETF,5.759703161,1252334270.0,208126067.0,5.861851774,5.882805335,5.725653623
2020-12-14,510500,中证500ETF,5.804229479,827205626.0,137581639.0,5.759703161,5.808594804,5.725653623
2020-12-15,510500,中证500ETF,5.810340935,1097402207.0,181833468.0,5.791133503,5.81994465,5.772799137
2020-12-16,510500,中证500ETF,5.787641243,628507346.0,104226745.0,5.810340935,5.819071585,5.765814616
2020-12-17,510500,中证500ETF,5.860978709,1426146814.0,235339900.0,5.784148983,5.869709359,5.745734119
2020-12-18,510500,中证500ETF,5.840025147,1357418026.0,223016367.0,5.853994188,5.875820815,5.80946787
2020-12-21,510500,中证500ETF,5.93693537,1368300597.0,222023843.0,5.837405952,5.952650541,5.833913691
2020-12-22,510500,中证500ETF,5.81819852,1501835581.0,245755888.0,5.933443109,5.933443109,5.801610284
2020-12-23,510500,中证500ETF,5.850501928,1295439769.0,212775320.0,5.819071585,5.889789856,5.794625763
2020-12-24,510500,中证500ETF,5.773672202,1331335316.0,220569268.0,5.847882733,5.849628863,5.759703161
2020-12-25,510500,中证500ETF,5.830421431,1536050357.0,254208429.0,5.75446477,5.842644342,5.750099445
2020-12-28,510500,中证500ETF,5.792879633,1480109309.0,245105204.0,5.820817715,5.844390472,5.772799137
2020-12-29,510500,中证500ETF,5.766687681,1456831066.0,241623731.0,5.796371893,5.845263537,5.753591705
2020-12-30,510500,中证500ETF,5.81645239,1152642026.0,190383590.0,5.760576226,5.848755798,5.745734119
2020-12-31,510500,中证500ETF,5.908997288,1450135814.0,236756127.0,5.835659822,5.918601003,5.825183041
2021-01-04,510500,中证500ETF,6.013765096,2166750388.0,347724583.0,5.926458589,6.046068504,5.898520507
2021-01-05,510500,中证500ETF,6.068768195,1456005672.0,232056160.0,6.003288315,6.082737236,5.983207818
2021-01-06,510500,中证500ETF,6.061783675,1011810673.0,160836616.0,6.071387391,6.119405969,6.012892031
2021-01-07,510500,中证500ETF,6.087975627,770041141.0,122314234.0,6.050433829,6.107183058,6.016384291
2021-01-08,510500,中证500ETF,6.103690798,978921048.0,154781167.0,6.088848692,6.141232596,6.029480267
2021-01-11,510500,中证500ETF,6.00590751,1097831062.0,174413143.0,6.096706278,6.107183058,5.967492647
2021-01-12,510500,中证500ETF,6.082737236,1276902984.0,203661805.0,5.987573144,6.088848692,5.985827014
2021-01-13,510500,中证500ETF,6.042576243,1069436575.0,169881902.0,6.081864171,6.087975627,6.008526705
2021-01-14,510500,中证500ETF,5.998049925,1046389690.0,167255126.0,6.030353332,6.065275935,5.958761997
2021-01-15,510500,中证500ETF,5.975350233,1539131370.0,248361120.0,5.991938469,6.00241525,5.904631962
2021-01-18,510500,中证500ETF,6.050433829,1070863591.0,170611785.0,5.952650541,6.068768195,5.949158281
2021-01-19,510500,中证500ETF,6.016384291,813418668.0,129602482.0,6.050433829,6.072260456,6.001542185
2021-01-20,510500,中证500ETF,6.073133521,733517442.0,116526171.0,6.013765096,6.082737236,5.999796055
2021-01-21,510500,中证500ETF,6.162186158,971918012.0,152037399.0,6.080991106,6.185758915,6.080991106
2021-01-22,510500,中证500ETF,6.170916809,1207996584.0,189340601.0,6.149090182,6.182266654,6.107183058
2021-01-25,510500,中证500ETF,6.181393589,630068768.0,97947338.0,6.168297613,6.245127339,6.135121141
2021-01-26,510500,中证500ETF,6.083610302,825442203.0,130252261.0,6.149090182,6.156947767,6.06789513
2021-01-27,510500,中证500ETF,6.099325473,930201815.0,147309197.0,6.070514325,6.102817733,6.033845593
2021-01-28,510500,中证500ETF,5.979715558,1698244322.0,272220380.0,6.039083983,6.063529805,5.961381192
2021-01-29,510500,中证500ETF,5.892409051,1961670726.0,317919908.0,5.992811534,6.012892031,5.810340935
2021-02-01,510500,中证500ETF,5.93518924,737297029.0,119666235.0,5.890662921,5.94217376,5.886297596
2021-02-02,510500,中证500ETF,5.993684599,1515037410.0,243814483.0,5.93693537,5.99717686,5.908997288
2021-02-03,510500,中证500ETF,5.957015866,1299407113.0,208824092.0,5.993684599,6.021622682,5.956142801
2021-02-04,510500,中证500ETF,5.889789856,2467159048.0,403501244.0,5.932570044,5.954396671,5.812087065
2021-02-05,510500,中证500ETF,5.798118024,1339515167.0,220093194.0,5.888043726,5.923839394,5.792879633
2021-02-08,510500,中证500ETF,5.870582424,1439539688.0,236341835.0,5.800737219,5.898520507,5.775418332
2021-02-09,510500,中证500ETF,5.994557664,1925031643.0,310365625.0,5.867090164,6.009399771,5.867090164
2021-02-10,510500,中证500ETF,6.065275935,2293422494.0,366537033.0,6.00241525,6.080118041,5.962254257
2021-02-18,510500,中证500ETF,6.158693898,950397868.0,148511568.0,6.185758915,6.220681518,6.098452408
2021-02-19,510500,中证500ETF,6.25036573,1377639325.0,215025829.0,6.148217117,6.258223316,6.092340952
2021-02-22,510500,中证500ETF,6.19012424,1551576349.0,237705192.0,6.272192357,6.351641278,6.187505045
2021-02-23,510500,中证500ETF,6.172662939,1718795033.0,267209272.0,6.158693898,6.242508144,6.153455507
2021-02-24,510500,中证500ETF,6.090594822,2511099464.0,395221603.0,6.155201637,6.211950867,6.033845593
2021-02-25,510500,中证500ETF,6.05916448,1242338554.0,196867383.0,6.129009685,6.149090182,6.021622682
2021-02-26,510500,中证500ETF,5.920347133,1734641685.0,280577815.0,5.961381192,6.00416138,5.898520507
2021-03-01,510500,中证500ETF,6.029480267,1301581223.0,208694066.0,5.941300695,6.032099462,5.941300695
2021-03-02,510500,中证500ETF,5.980588623,1977737069.0,317355349.0,6.048687699,6.054799154,5.94217376
2021-03-03,510500,中证500ETF,6.063529805,1126931506.0,179697588.0,5.965746517,6.067022065,5.965746517
2021-03-04,510500,中证500ETF,5.957015866,1999600503.0,322153078.0,6.037337853,6.037337853,5.929950849
2021-03-05,510500,中证500ETF,5.966619582,1961422250.0,317046688.0,5.901139702,5.99892299,5.88018614
2021-03-08,510500,中证500ETF,5.81819852,2124344114.0,345812109.0,5.990192339,6.044322373,5.808594804
2021-03-09,510500,中证500ETF,5.682000369,3495302719.0,586820864.0,5.808594804,5.823436911,5.608662903
2021-03-10,510500,中证500ETF,5.620012749,1659860971.0,281124362.0,5.718669102,5.748353315,5.612155164
2021-03-11,510500,中证500ETF,5.777164462,1649449761.0,277544975.0,5.620012749,5.779783657,5.599059188
2021-03-12,510500,中证500ETF,5.781529787,1509171377.0,252148220.0,5.784148983,5.791133503,5.69073102
2021-03-15,510500,中证500ETF,5.742241859,1487904617.0,249073526.0,5.744861054,5.787641243,5.677635044
2021-03-16,510500,中证500ETF,5.744861054,1286042584.0,215072283.0,5.740495729,5.785022048,5.691604085
2021-03-17,510500,中证500ETF,5.779783657,1133828498.0,189410886.0,5.732638143,5.791133503,5.676761979
2021-03-18,510500,中证500ETF,5.824309976,1120029805.0,184941869.0,5.779783657,5.860978709,5.779783657
2021-03-19,510500,中证500ETF,5.774545267,1050390628.0,174760180.0,5.765814616,5.817325455,5.730892013
2021-03-22,510500,中证500ETF,5.852248058,1218235529.0,200561701.0,5.764941551,5.863597904,5.764941551
2021-03-23,510500,中证500ETF,5.782402852,1391229119.0,230540643.0,5.853121123,5.865344034,5.750099445
2021-03-24,510500,中证500ETF,5.716922972,1481661908.0,248141104.0,5.740495729,5.793752698,5.702080866
2021-03-25,510500,中证500ETF,5.730892013,1460707367.0,245014433.0,5.69073102,5.757083965,5.675015849
2021-03-26,510500,中证500ETF,5.808594804,1344134080.0,223112073.0,5.732638143,5.824309976,5.730892013
2021-03-29,510500,中证500ETF,5.808594804,1763613673.0,291972560.0,5.81470626,5.830421431,5.766687681
2021-03-30,510500,中证500ETF,5.830421431,1040308789.0,171902361.0,5.804229479,5.841771277,5.771053006
2021-03-31,510500,中证500ETF,5.821690781,1297001800.0,215182243.0,5.822563846,5.829548366,5.753591705
2021-04-01,510500,中证500ETF,5.863597904,933391003.0,153638042.0,5.817325455,5.88193227,5.796371893
2021-04-02,510500,中证500ETF,5.877566945,866142426.0,141711018.0,5.87145549,5.894155181,5.843517407
2021-04-06,510500,中证500ETF,5.889789856,998068496.0,162712173.0,5.889789856,5.931696979,5.87145549
2021-04-07,510500,中证500ETF,5.899393572,1103514424.0,180720190.0,5.895028246,5.902012767,5.838279017
2021-04-08,510500,中证500ETF,5.917727938,1090673509.0,177730958.0,5.893282116,5.93693537,5.860105644
2021-04-09,510500,中证500ETF,5.896774377,622950142.0,101572358.0,5.903758897,5.922093264,5.869709359
2021-04-12,510500,中证500ETF,5.797244959,1790888370.0,296252237.0,5.885424531,5.896774377,5.771926072
2021-04-13,510500,中证500ETF,5.778037527,1134006397.0,188116906.0,5.783275917,5.821690781,5.764068486
2021-04-14,510500,中证500ETF,5.833040626,1147757577.0,189296772.0,5.777164462,5.853994188,5.777164462
2021-04-15,510500,中证500ETF,5.839152082,1140598412.0,188426138.0,5.824309976,5.847009668,5.774545267
2021-04-16,510500,中证500ETF,5.915108743,1756950000.0,286925096.0,5.855740318,5.916854873,5.839152082
2021-04-19,510500,中证500ETF,5.977969428,1254382179.0,202143400.0,5.905505027,5.991938469,5.88193227
2021-04-20,510500,中证500ETF,5.990192339,1096416492.0,175700602.0,5.966619582,6.019003486,5.960508127
2021-04-21,510500,中证500ETF,5.973604103,648281251.0,104461927.0,5.964000387,5.995430729,5.930823914
2021-04-22,510500,中证500ETF,5.996303795,1227097980.0,196710750.0,5.987573144,6.024241877,5.976223298
2021-04-23,510500,中证500ETF,6.026861072,645228903.0,103381345.0,5.994557664,6.028607202,5.965746517
2021-04-26,510500,中证500ETF,6.00066912,1134020482.0,180459809.0,6.022495747,6.103690798,5.994557664
2021-04-27,510500,中证500ETF,5.99892299,937523079.0,150349383.0,5.99892299,6.026861072,5.965746517
2021-04-28,510500,中证500ETF,6.044322373,714677486.0,114290980.0,5.99717686,6.049560764,5.959635062
2021-04-29,510500,中证500ETF,6.046068504,728274266.0,115982925.0,6.043449308,6.056545284,6.008526705
2021-04-30,510500,中证500ETF,6.055672219,800672159.0,127758278.0,6.043449308,6.06440287,5.985827014
2021-05-06,510500,中证500ETF,6.035591723,946226635.0,150346785.0,6.051306894,6.107183058,5.999796055
2021-05-07,510500,中证500ETF,6.008526705,1412608116.0,224673746.0,6.043449308,6.089721757,6.00241525
2021-05-10,510500,中证500ETF,6.027734137,817974863.0,130602319.0,6.009399771,6.05916448,5.996303795
2021-05-11,510500,中证500ETF,6.010272836,752282721.0,121089435.0,5.999796055,6.034718658,5.915108743
2021-05-12,510500,中证500ETF,6.079244976,760413075.0,121192277.0,5.996303795,6.090594822,5.976223298
2021-05-13,510500,中证500ETF,6.009399771,1022265637.0,163239658.0,6.043449308,6.061783675,5.993684599
2021-05-14,510500,中证500ETF,6.106309993,1544777243.0,244841888.0,6.018130421,6.108929189,5.992811534
2021-05-17,510500,中证500ETF,6.138613401,1218312552.0,190828159.0,6.106309993,6.176155199,6.098452408
2021-05-18,510500,中证500ETF,6.156074702,1051170383.0,164516521.0,6.138613401,6.168297613,6.127263555
2021-05-19,510500,中证500ETF,6.145597921,649989502.0,101946582.0,6.148217117,6.153455507,6.107183058
2021-05-20,510500,中证500ETF,6.122025165,702869932.0,110673921.0,6.142978726,6.150836312,6.072260456
2021-05-21,510500,中证500ETF,6.097579343,684282093.0,107834638.0,6.1211521,6.142105661,6.081864171
2021-05-24,510500,中证500ETF,6.115913709,682052544.0,107518373.0,6.095833212,6.141232596,6.05916448
2021-05-25,510500,中证500ETF,6.184012785,1049854146.0,163896807.0,6.115040644,6.204966346,6.100198538
2021-05-26,510500,中证500ETF,6.1936165,1752284860.0,272580354.0,6.18837811,6.203220216,6.175282134
2021-05-27,510500,中证500ETF,6.24687347,1518529899.0,234806229.0,6.18837811,6.25036573,6.178774394
2021-05-28,510500,中证500ETF,6.244254274,1255373247.0,193475864.0,6.2486196,6.280049942,6.213696997
2021-05-31,510500,中证500ETF,6.289653658,1131529214.0,173631245.0,6.24687347,6.293145918,6.229412168
2021-06-01,510500,中证500ETF,6.300130439,1915299151.0,294200465.0,6.284415268,6.306241894,6.220681518
2021-06-02,510500,中证500ETF,6.259969446,1159681554.0,177775371.0,6.296638179,6.309734155,6.238142819
2021-06-03,510500,中证500ETF,6.24687347,810673915.0,124407998.0,6.25385799,6.31235335,6.239015884
2021-06-04,510500,中证500ETF,6.277430747,765367876.0,117756992.0,6.222427648,6.307988025,6.204093281
2021-06-07,510500,中证500ETF,6.294892048,1248390273.0,191453198.0,6.289653658,6.302749634,6.254731055
2021-06-08,510500,中证500ETF,6.271319292,817938615.0,125604170.0,6.290526723,6.334179977,6.234650559
2021-06-09,510500,中证500ETF,6.265207836,658431352.0,101268396.0,6.259969446,6.283542203,6.239015884
2021-06-10,510500,中证500ETF,6.348149018,731094424.0,111518148.0,6.268700096,6.353387408,6.25385799
2021-06-11,510500,中证500ETF,6.31584561,724074707.0,110340687.0,6.345529823,6.357752733,6.302749634
2021-06-15,510500,中证500ETF,6.236396689,769247331.0,118381439.0,6.31584561,6.324576261,6.227666038
2021-06-16,510500,中证500ETF,6.157820832,1153725669.0,179848442.0,6.236396689,6.239015884,6.138613401
2021-06-17,510500,中证500ETF,6.197108761,864488577.0,134499826.0,6.144724856,6.207585541,6.144724856
2021-06-18,510500,中证500ETF,6.261715576,1377250542.0,213011156.0,6.197108761,6.307988025,6.180520524
2021-06-21,510500,中证500ETF,6.287034463,1001569065.0,153467033.0,6.246000405,6.31235335,6.226792973
2021-06-22,510500,中证500ETF,6.325449326,857122288.0,130883424.0,6.306241894,6.336799172,6.273938487
2021-06-23,510500,中证500ETF,6.378706295,828893962.0,125718695.0,6.333306912,6.391802271,6.309734155
2021-06-24,510500,中证500ETF,6.355133538,1488280441.0,225898554.0,6.378706295,6.378706295,6.331560781
2021-06-25,510500,中证500ETF,6.407517442,1408368736.0,212641784.0,6.346402888,6.425851809,6.336799172
2021-06-28,510500,中证500ETF,6.411882768,562071724.0,84487485.0,6.407517442,6.43807472,6.390056141
2021-06-29,510500,中证500ETF,6.361244994,1331346089.0,201299772.0,6.411882768,6.422359549,6.340291432
2021-06-30,510500,中证500ETF,6.393548401,1053918732.0,159143006.0,6.362991124,6.412755833,6.352514343
2021-07-01,510500,中证500ETF,6.31933787,986575694.0,149375113.0,6.411009703,6.414501963,6.31235335
2021-07-02,510500,中证500ETF,6.263461706,916172081.0,140539302.0,6.306241894,6.321084001,6.25385799
2021-07-05,510500,中证500ETF,6.302749634,764904886.0,117028505.0,6.264334771,6.314972545,6.263461706
2021-07-06,510500,中证500ETF,6.301876569,838703046.0,128436717.0,6.302749634,6.336799172,6.238142819
2021-07-07,510500,中证500ETF,6.361244994,823258258.0,125396724.0,6.264334771,6.364737254,6.25385799
2021-07-08,510500,中证500ETF,6.351641278,723567642.0,109475000.0,6.368229514,6.393548401,6.342910627
2021-07-09,510500,中证500ETF,6.408390508,828262603.0,125417616.0,6.350768213,6.414501963,6.297511244
2021-07-12,510500,中证500ETF,6.502681535,1161494863.0,172593691.0,6.44156698,6.526254292,6.433709395
2021-07-13,510500,中证500ETF,6.566415285,619571905.0,91421570.0,6.502681535,6.573399806,6.485220234
2021-07-14,510500,中证500ETF,6.521888967,1400575649.0,206762595.0,6.562923025,6.576019001,6.50180847
2021-07-15,510500,中证500ETF,6.537604138,1107370516.0,164346856.0,6.510539121,6.547207854,6.452916826
2021-07-16,510500,中证500ETF,6.547207854,819015404.0,120411366.0,6.521888967,6.598718693,6.521888967
2021-07-19,510500,中证500ETF,6.508792991,922691997.0,136563929.0,6.500935405,6.552446244,6.481727973
2021-07-20,510500,中证500ETF,6.516650576,1031075572.0,153149295.0,6.473870388,6.526254292,6.459901347
2021-07-21,510500,中证500ETF,6.602210953,1205915234.0,176861462.0,6.528000422,6.611814669,6.528000422
2021-07-22,510500,中证500ETF,6.631895165,608636212.0,88744425.0,6.604830148,6.639752751,6.577765131
2021-07-23,510500,中证500ETF,6.618799189,972578108.0,141564554.0,6.642371946,6.671183094,6.588241912
2021-07-26,510500,中证500ETF,6.492204754,1987040895.0,294921880.0,6.604830148,6.619672254,6.414501963
2021-07-27,510500,中证500ETF,6.363864189,2843550765.0,425861636.0,6.488712494,6.545461724,6.353387408
2021-07-28,510500,中证500ETF,6.264334771,3661114385.0,563484878.0,6.31060722,6.343783692,6.179647459
2021-07-29,510500,中证500ETF,6.375214035,2307607211.0,350179742.0,6.351641278,6.391802271,6.309734155
2021-07-30,510500,中证500ETF,6.396167597,1175119726.0,177887542.0,6.344656757,6.400532922,6.325449326
2021-08-02,510500,中证500ETF,6.486093299,2229592546.0,333187697.0,6.394421466,6.493077819,6.359498864
2021-08-03,510500,中证500ETF,6.438947785,1866576258.0,278721995.0,6.480854908,6.492204754,6.424105679
2021-08-04,510500,中证500ETF,6.537604138,2366443989.0,350009536.0,6.437201655,6.540223333,6.425851809
2021-08-05,510500,中证500ETF,6.529746552,1142896784.0,168761565.0,6.523635097,6.5585577,6.488712494
2021-08-06,510500,中证500ETF,6.561176895,559817719.0,82627912.0,6.530619617,6.562923025,6.50530073
2021-08-09,510500,中证500ETF,6.588241912,1089969779.0,160176420.0,6.540223333,6.602210953,6.509666056
2021-08-10,510500,中证500ETF,6.634514361,696460718.0,101644797.0,6.580384326,6.639752751,6.56903448
2021-08-11,510500,中证500ETF,6.686898265,682927035.0,98884469.0,6.633641296,6.692136655,6.614433864
2021-08-12,510500,中证500ETF,6.713963282,763194790.0,109862981.0,6.675548419,6.736662974,6.651975662
2021-08-13,510500,中证500ETF,6.715709412,668418058.0,96190728.0,6.709597957,6.742774429,6.677294549
2021-08-16,510500,中证500ETF,6.680786809,860721903.0,124143796.0,6.716582477,6.729678453,6.663325508
2021-08-17,510500,中证500ETF,6.528000422,2367987832.0,347262783.0,6.670310029,6.6860252,6.507919926
2021-08-18,510500,中证500ETF,6.556811569,1521809358.0,224335299.0,6.523635097,6.576892066,6.495697015
2021-08-19,510500,中证500ETF,6.571653676,1385783807.0,204144078.0,6.545461724,6.595226433,6.486966364
2021-08-20,510500,中证500ETF,6.541969463,1242916290.0,183964748.0,6.552446244,6.578638196,6.478235713
2021-08-23,510500,中证500ETF,6.639752751,1234426998.0,179782192.0,6.554192374,6.648483402,6.554192374
2021-08-24,510500,中证500ETF,6.712217152,899231536.0,129710983.0,6.665944703,6.720947803,6.621418385
2021-08-25,510500,中证500ETF,6.768093316,671834871.0,96517337.0,6.709597957,6.770712512,6.675548419
2021-08-26,510500,中证500ETF,6.738409104,664807527.0,94968545.0,6.765474121,6.788173813,6.727059258
2021-08-27,510500,中证500ETF,6.791666073,509227827.0,72630117.0,6.727059258,6.803888984,6.711344087
2021-08-30,510500,中证500ETF,6.840557717,715328640.0,101161616.0,6.805635114,6.87722645,6.795158334
2021-08-31,510500,中证500ETF,6.868495799,626889458.0,88855735.0,6.837938522,6.871114995,6.772458642
2021-09-01,510500,中证500ETF,6.80825431,840141832.0,119086813.0,6.87548032,6.885084036,6.727059258
2021-09-02,510500,中证500ETF,6.93572181,723959044.0,101513697.0,6.799523659,6.943579395,6.785554618
2021-09-03,510500,中证500ETF,6.899053077,1106651109.0,154620090.0,6.962786827,7.006440081,6.852780628
2021-09-06,510500,中证500ETF,6.961040697,785019260.0,109587207.0,6.902545337,6.962786827,6.851907563
2021-09-07,510500,中证500ETF,7.119065475,775398987.0,106249125.0,6.951436981,7.1234308,6.949690851
2021-09-08,510500,中证500ETF,7.166210988,903052261.0,122326126.0,7.119065475,7.168830184,7.105969498
2021-09-09,510500,中证500ETF,7.230817803,661062324.0,88954882.0,7.156607273,7.240421519,7.138272906
2021-09-10,510500,中证500ETF,7.228198608,1084463256.0,145138515.0,7.222960218,7.285820903,7.175814704
2021-09-13,510500,中证500ETF,7.253517495,1039323732.0,139309220.0,7.207245047,7.267486536,7.172322444
2021-09-14,510500,中证500ETF,7.170576314,1028985000.0,137851425.0,7.2508983,7.31113979,7.150495817
2021-09-15,510500,中证500ETF,7.202006656,675339044.0,90880053.0,7.140892101,7.241294584,7.135653711
2021-09-16,510500,中证500ETF,7.06668157,1124057133.0,151842091.0,7.207245047,7.268359602,7.06144318
2021-09-17,510500,中证500ETF,7.007313146,2151230614.0,297133629.0,7.044854944,7.097238848,6.906910663
2021-09-22,510500,中证500ETF,7.078904481,1135027845.0,156505897.0,6.899926142,7.081523677,6.899926142
2021-09-23,510500,中证500ETF,7.119065475,1248709559.0,169763030.0,7.099858043,7.147003557,7.0684277
2021-09-24,510500,中证500ETF,7.009932341,2887565395.0,396997083.0,7.119065475,7.119065475,7.002074755
2021-09-27,510500,中证500ETF,6.81000044,3760334657.0,531230089.0,7.009059276,7.028266707,6.766347186
2021-09-28,510500,中证500ETF,6.814365765,1268650908.0,179836193.0,6.795158334,6.842303847,6.782062358
2021-09-29,510500,中证500ETF,6.655467922,2882534183.0,416948194.0,6.783808488,6.785554618,6.626656775
2021-09-30,510500,中证500ETF,6.717455542,2090066152.0,301038410.0,6.661579378,6.727932323,6.661579378
2021-10-08,510500,中证500ETF,6.707851827,1692633518.0,243241143.0,6.786427683,6.812619635,6.671183094
2021-10-11,510500,中证500ETF,6.701740371,1397321640.0,201013863.0,6.700867306,6.738409104,6.663325508
2021-10-12,510500,中证500ETF,6.568161415,2439940097.0,357280660.0,6.701740371,6.704359566,6.526254292
2021-10-13,510500,中证500ETF,6.598718693,1321479970.0,194145483.0,6.559430765,6.617053059,6.519269771
2021-10-14,510500,中证500ETF,6.62403758,1391068628.0,202772543.0,6.574272871,6.644118076,6.561176895
2021-10-15,510500,中证500ETF,6.658960183,1640142544.0,238353246.0,6.62403758,6.665071638,6.596972563
2021-10-18,510500,中证500ETF,6.679913744,2177357332.0,315380007.0,6.639752751,6.683406005,6.600464823
2021-10-19,510500,中证500ETF,6.734043779,1620540179.0,233046885.0,6.679913744,6.741901364,6.657214053
2021-10-20,510500,中证500ETF,6.731424583,1343675921.0,192780658.0,6.694755851,6.768966381,6.680786809
2021-10-21,510500,中证500ETF,6.713090217,1085512124.0,155730438.0,6.727059258,6.761108796,6.679913744
2021-10-22,510500,中证500ETF,6.659833248,954783629.0,138134328.0,6.704359566,6.728805388,6.651102597
2021-10-25,510500,中证500ETF,6.717455542,766122154.0,110532979.0,6.646737272,6.720074738,6.635387426
2021-10-26,510500,中证500ETF,6.727932323,1304023578.0,186755130.0,6.723566998,6.768966381,6.697375046
2021-10-27,510500,中证500ETF,6.665944703,694572674.0,100569218.0,6.709597957,6.721820868,6.636260491
2021-10-28,510500,中证500ETF,6.583876587,2056327522.0,301169531.0,6.653721792,6.665071638,6.566415285
2021-10-29,510500,中证500ETF,6.652848727,1139033161.0,166259061.0,6.583003522,6.654594857,6.555938504
2021-11-01,510500,中证500ETF,6.679040679,795781131.0,115085097.0,6.628402905,6.705232631,6.62229145
2021-11-02,510500,中证500ETF,6.611814669,2555976600.0,372821580.0,6.666817768,6.727059258,6.556811569
2021-11-03,510500,中证500ETF,6.634514361,1195145652.0,174020156.0,6.600464823,6.664198573,6.596099498
2021-11-04,510500,中证500ETF,6.690390525,752814867.0,108833144.0,6.640625816,6.694755851,6.640625816
2021-11-05,510500,中证500ETF,6.633641296,1423626895.0,206653554.0,6.679040679,6.698248111,6.628402905
2021-11-08,510500,中证500ETF,6.654594857,995767952.0,144494125.0,6.617053059,6.667690833,6.606576278
2021-11-09,510500,中证500ETF,6.698248111,1220885959.0,176320107.0,6.674675354,6.706978761,6.649356467
2021-11-10,510500,中证500ETF,6.680786809,1852217955.0,268771146.0,6.692136655,6.692136655,6.582130456
2021-11-11,510500,中证500ETF,6.738409104,1075744115.0,154533825.0,6.672056159,6.741028299,6.665071638
2021-11-12,510500,中证500ETF,6.776823967,696054598.0,99305199.0,6.74452056,6.790793008,6.738409104
2021-11-15,510500,中证500ETF,6.725313128,869817187.0,124792874.0,6.773331707,6.810873505,6.705232631
2021-11-16,510500,中证500ETF,6.678167614,793805138.0,114342794.0,6.721820868,6.750632015,6.670310029
2021-11-17,510500,中证500ETF,6.719201672,923330160.0,132847257.0,6.679040679,6.721820868,6.666817768
2021-11-18,510500,中证500ETF,6.718328607,1371191866.0,197244748.0,6.714836347,6.758489601,6.68253294
2021-11-19,510500,中证500ETF,6.801269789,1750648443.0,249850563.0,6.709597957,6.81000044,6.706978761
2021-11-22,510500,中证500ETF,6.862384344,1919709213.0,270532298.0,6.814365765,6.871114995,6.81000044
2021-11-23,510500,中证500ETF,6.87897258,1262736555.0,177257807.0,6.853653693,6.906037597,6.847542238
2021-11-24,510500,中证500ETF,6.872861125,702848817.0,98748238.0,6.865876604,6.901672272,6.850161433
2021-11-25,510500,中证500ETF,6.868495799,699356144.0,98388542.0,6.871114995,6.885084036,6.854526758
2021-11-26,510500,中证500ETF,6.848415303,848276361.0,119606263.0,6.828334806,6.88071871,6.814365765
2021-11-29,510500,中证500ETF,6.855399823,1308142201.0,185041991.0,6.788173813,6.859765149,6.774204772
2021-11-30,510500,中证500ETF,6.869368865,1062840971.0,149355552.0,6.861511279,6.899053077,6.828334806
2021-12-01,510500,中证500ETF,6.906037597,626391115.0,88014191.0,6.864130474,6.908656793,6.846669173
2021-12-02,510500,中证500ETF,6.863257409,757778984.0,106678380.0,6.893814686,6.902545337,6.840557717
2021-12-03,510500,中证500ETF,6.929610354,663391858.0,92941203.0,6.855399823,6.93572181,6.851034498
2021-12-06,510500,中证500ETF,6.872861125,1164182984.0,162662975.0,6.924371964,6.951436981,6.860638214
2021-12-07,510500,中证500ETF,6.829207871,737648783.0,104363341.0,6.892941621,6.903418402,6.788173813
2021-12-08,510500,中证500ETF,6.933102615,841635975.0,118220368.0,6.830954001,6.93397568,6.830954001
2021-12-09,510500,中证500ETF,6.940087135,694517987.0,96674989.0,6.920006639,6.966279087,6.910402923
2021-12-10,510500,中证500ETF,6.93746794,1208465335.0,168304371.0,6.913022118,6.954929241,6.913022118
2021-12-13,510500,中证500ETF,6.953183111,784116779.0,109018495.0,6.936594875,6.978501998,6.922625834
2021-12-14,510500,中证500ETF,6.93572181,579202344.0,80632134.0,6.928737289,6.962786827,6.924371964
2021-12-15,510500,中证500ETF,6.926991159,592572538.0,82450676.0,6.925245029,6.963659892,6.913895183
2021-12-16,510500,中证500ETF,6.992471039,904493150.0,125443685.0,6.926991159,6.9959633,6.923498899
2021-12-17,510500,中证500ETF,6.941833265,1715995910.0,238847718.0,6.992471039,6.993344104,6.927864224
2021-12-20,510500,中证500ETF,6.829207871,3348490015.0,472662364.0,6.910402923,6.93572181,6.819604156
2021-12-21,510500,中证500ETF,6.882464841,1630087006.0,229315983.0,6.821350286,6.911275988,6.821350286
2021-12-22,510500,中证500ETF,6.912149053,1141035006.0,159557981.0,6.892941621,6.93397568,6.88071871
2021-12-23,510500,中证500ETF,6.952310046,879615563.0,122400463.0,6.924371964,6.971517478,6.902545337
2021-12-24,510500,中证500ETF,6.910402923,2273790320.0,318418972.0,6.951436981,6.951436981,6.879845645
2021-12-27,510500,中证500ETF,6.894687752,2250851134.0,315030134.0,6.896433882,6.947944721,6.885084036
2021-12-28,510500,中证500ETF,6.899926142,1608792440.0,225651222.0,6.899053077,6.910402923,6.858019019
2021-12-29,510500,中证500ETF,6.881591775,1704510518.0,239312223.0,6.896433882,6.906910663,6.865876604
2021-12-30,510500,中证500ETF,6.933102615,1796987607.0,251004343.0,6.87024193,6.9409602,6.869368865
2021-12-31,510500,中证500ETF,6.969771348,1608930871.0,223101289.0,6.933102615,6.989851844,6.93222955
2022-01-04,510500,中证500ETF,6.975882803,1699387519.0,236207823.0,6.993344104,6.996836365,6.925245029
2022-01-05,510500,中证500ETF,6.834446262,2310417706.0,325358300.0,6.971517478,6.971517478,6.823969481
2022-01-06,510500,中证500ETF,6.843176912,1653859915.0,233976664.0,6.795158334,6.854526758,6.782062358
2022-01-07,510500,中证500ETF,6.807381245,1552847587.0,219474548.0,6.844923043,6.871114995,6.797777529
2022-01-10,510500,中证500ETF,6.80825431,725935764.0,103190226.0,6.792539138,6.819604156,6.754124275
2022-01-11,510500,中证500ETF,6.767220251,1251807933.0,178434355.0,6.812619635,6.828334806,6.747139755
2022-01-12,510500,中证500ETF,6.81523883,812157874.0,115384870.0,6.770712512,6.821350286,6.770712512
2022-01-13,510500,中证500ETF,6.736662974,1673203342.0,239166296.0,6.81873109,6.824842546,6.727932323
2022-01-14,510500,中证500ETF,6.703486501,1789294927.0,256999859.0,6.700867306,6.757616536,6.68777133
2022-01-17,510500,中证500ETF,6.772458642,1406417269.0,200727743.0,6.703486501,6.796031399,6.702613436
2022-01-18,510500,中证500ETF,6.784681553,1106419477.0,157523575.0,6.775077837,6.807381245,6.74626669
2022-01-19,510500,中证500ETF,6.74452056,2024391712.0,289658375.0,6.779443162,6.810873505,6.708724892
2022-01-20,510500,中证500ETF,6.68951746,2365807442.0,340887992.0,6.742774429,6.766347186,6.670310029
2022-01-21,510500,中证500ETF,6.616179994,3477083561.0,506332477.0,6.683406005,6.6860252,6.601337888
2022-01-24,510500,中证500ETF,6.607449344,1450597482.0,211980328.0,6.574272871,6.636260491,6.557684635
2022-01-25,510500,中证500ETF,6.383071621,2356173873.0,350502121.0,6.594353367,6.602210953,6.376960165
2022-01-26,510500,中证500ETF,6.407517442,1650845863.0,248526103.0,6.395294532,6.428471004,6.361244994
2022-01-27,510500,中证500ETF,6.2486196,1780796507.0,272079707.0,6.402279052,6.407517442,6.237269754
2022-01-28,510500,中证500ETF,6.204093281,2809059610.0,433773510.0,6.273065422,6.31584561,6.138613401
2022-02-07,510500,中证500ETF,6.296638179,2459926184.0,376216815.0,6.264334771,6.327195456,6.264334771
2022-02-08,510500,中证500ETF,6.37434097,1179424303.0,179968100.0,6.302749634,6.37783323,6.233777494
2022-02-09,510500,中证500ETF,6.465139737,1321293966.0,198057402.0,6.385690816,6.472997323,6.364737254
2022-02-10,510500,中证500ETF,6.464266672,1101643801.0,164378191.0,6.459901347,6.488712494,6.429344069
2022-02-11,510500,中证500ETF,6.383944686,1478632844.0,222300269.0,6.444186175,6.470378128,6.37259484
2022-02-14,510500,中证500ETF,6.327195456,1861943494.0,282726922.0,6.347275953,6.405771312,6.30886109
2022-02-15,510500,中证500ETF,6.384817751,1628872819.0,246903624.0,6.333306912,6.390056141,6.314972545
2022-02-16,510500,中证500ETF,6.398786792,1357108872.0,204360254.0,6.411882768,6.420613419,6.3760871
2022-02-17,510500,中证500ETF,6.400532922,1137120585.0,171360056.0,6.394421466,6.43458246,6.356879668
2022-02-18,510500,中证500ETF,6.459901347,1206212414.0,180741348.0,6.37783323,6.465139737,6.366483384
2022-02-21,510500,中证500ETF,6.489585559,1250962712.0,186378464.0,6.460774412,6.49657008,6.448551501
2022-02-22,510500,中证500ETF,6.414501963,1250000229.0,188028824.0,6.452043761,6.453789891,6.369102579
2022-02-23,510500,中证500ETF,6.513158316,1729008704.0,256733575.0,6.414501963,6.513158316,6.414501963
2022-02-24,510500,中证500ETF,6.397040662,2512995913.0,377197658.0,6.484347169,6.519269771,6.328068521
2022-02-25,510500,中证500ETF,6.444186175,1847311426.0,274891718.0,6.446805371,6.530619617,6.431963264
2022-02-28,510500,中证500ETF,6.478235713,1208520653.0,180806366.0,6.447678436,6.482601039,6.398786792
2022-03-01,510500,中证500ETF,6.495697015,1538760660.0,228817652.0,6.487839429,6.516650576,6.459028282
2022-03-02,510500,中证500ETF,6.49831621,1086745038.0,161700219.0,6.479981843,6.504427665,6.448551501
2022-03-03,510500,中证500ETF,6.490458624,1164653856.0,172900613.0,6.531492682,6.536731073,6.464266672
2022-03-04,510500,中证500ETF,6.444186175,1238159476.0,185098231.0,6.449424566,6.511412186,6.418867288
2022-03-07,510500,中证500ETF,6.291399788,1579102028.0,240445308.0,6.430217134,6.430217134,6.261715576
2022-03-08,510500,中证500ETF,6.049560764,3399613805.0,532276271.0,6.291399788,6.298384309,6.046941569
2022-03-09,510500,中证500ETF,5.94042763,4426199771.0,719699732.0,6.072260456,6.098452408,5.707319256
2022-03-10,510500,中证500ETF,6.039083983,2904673021.0,461587669.0,6.028607202,6.099325473,6.011145901
2022-03-11,510500,中证500ETF,6.12813662,2136478444.0,342609099.0,5.964000387,6.13162888,5.906378092
2022-03-14,510500,中证500ETF,5.961381192,2257638006.0,359047831.0,6.06789513,6.132501945,5.959635062
2022-03-15,510500,中证500ETF,5.595566927,3921764225.0,651742819.0,5.917727938,5.941300695,5.593820797
2022-03-16,510500,中证500ETF,5.800737219,4076905076.0,691701392.0,5.69073102,5.833040626,5.463734102
2022-03-17,510500,中证500ETF,5.899393572,2456378356.0,398713939.0,5.87145549,6.00765364,5.845263537
2022-03-18,510500,中证500ETF,5.962254257,1556376881.0,252446811.0,5.872328555,5.970111842,5.856613383
2022-03-21,510500,中证500ETF,5.985827014,2999146851.0,483258563.0,5.976223298,6.017257356,5.911616483
2022-03-22,510500,中证500ETF,5.987573144,1053909767.0,169357148.0,5.973604103,6.041703178,5.94217376
2022-03-23,510500,中证500ETF,6.029480267,875721491.0,139831035.0,6.00765364,6.06265674,5.983207818
2022-03-24,510500,中证500ETF,5.981461688,765596974.0,123083461.0,5.995430729,6.022495747,5.954396671
2022-03-25,510500,中证500ETF,5.902012767,798976885.0,128973468.0,5.979715558,6.011145901,5.900266637
2022-03-28,510500,中证500ETF,5.922966329,778955964.0,126937961.0,5.868836294,5.966619582,5.81994465
2022-03-29,510500,中证500ETF,5.889789856,885921078.0,144149941.0,5.923839394,5.950031346,5.872328555
2022-03-30,510500,中证500ETF,6.022495747,1628592114.0,261769389.0,5.910743418,6.026861072,5.910743418
2022-03-31,510500,中证500ETF,5.968365712,959399372.0,154148084.0,6.003288315,6.016384291,5.957888931
2022-04-01,510500,中证500ETF,6.011145901,1299501161.0,208623805.0,5.919474068,6.020749616,5.919474068
2022-04-06,510500,中证500ETF,5.99717686,914815528.0,147507002.0,6.00241525,6.00241525,5.912489548
2022-04-07,510500,中证500ETF,5.855740318,1373140092.0,223223109.0,5.974477168,5.999796055,5.853994188
2022-04-08,510500,中证500ETF,5.875820815,986420338.0,162422181.0,5.867963229,5.879313075,5.75446477
2022-04-11,510500,中证500ETF,5.681127304,1287034332.0,215602486.0,5.836532887,5.853994188,5.653189222
2022-04-12,510500,中证500ETF,5.778037527,1693823369.0,283838787.0,5.678508109,5.788514308,5.618266619
2022-04-13,510500,中证500ETF,5.69073102,978040348.0,164075628.0,5.74922638,5.773672202,5.688111825
2022-04-14,510500,中证500ETF,5.769306876,1012513882.0,168693128.0,5.723034428,5.810340935,5.709065386
2022-04-15,510500,中证500ETF,5.715176842,774875881.0,129686553.0,5.742241859,5.774545267,5.69247715
2022-04-18,510500,中证500ETF,5.720415232,1089080086.0,183148319.0,5.661919873,5.751845575,5.620885814
2022-04-19,510500,中证500ETF,5.739622664,829972014.0,139018587.0,5.718669102,5.755337835,5.699461671
2022-04-20,510500,中证500ETF,5.601678383,869041433.0,147404939.0,5.740495729,5.751845575,5.592074667
2022-04-21,510500,中证500ETF,5.421826978,1422305107.0,247617504.0,5.592074667,5.614774359,5.399127287
2022-04-22,510500,中证500ETF,5.387777441,1529016193.0,271832935.0,5.400000352,5.455003451,5.31705917
2022-04-25,510500,中证500ETF,5.020217046,2123807687.0,393951965.0,5.301343999,5.310947715,5.014105591
2022-04-26,510500,中证500ETF,4.924179889,2084616630.0,398566417.0,5.031566892,5.101412098,4.892749546
2022-04-27,510500,中证500ETF,5.097919837,2492446853.0,479655265.0,4.922433758,5.100539033,4.832508056
2022-04-28,510500,中证500ETF,5.083077731,2087151321.0,393237381.0,5.050774324,5.122365659,4.99839042
2022-04-29,510500,中证500ETF,5.301343999,2092603223.0,383951042.0,5.097046772,5.302217064,5.094427577
2022-05-05,510500,中证500ETF,5.339758862,1460696468.0,262133153.0,5.281263502,5.386031311,5.276898177
2022-05-06,510500,中证500ETF,5.214910557,1903682801.0,347823101.0,5.225387338,5.283882697,5.199195386
2022-05-09,510500,中证500ETF,5.262929136,1575316630.0,286851815.0,5.19657619,5.282136567,5.186972475
2022-05-10,510500,中证500ETF,5.355474033,1216140275.0,219662699.0,5.199195386,5.365077749,5.166018913
2022-05-11,510500,中证500ETF,5.393015831,2415729829.0,423540824.0,5.355474033,5.527467852,5.348489513
2022-05-12,510500,中证500ETF,5.397381156,936570549.0,166146603.0,5.37555453,5.4462728,5.344997252
2022-05-13,510500,中证500ETF,5.461987972,914249490.0,161245747.0,5.412223263,5.464607167,5.387777441
2022-05-16,510500,中证500ETF,5.44452667,1248694466.0,219289505.0,5.500402835,5.517864136,5.420080848
2022-05-17,510500,中证500ETF,5.475083948,880119851.0,154927513.0,5.4462728,5.476830078,5.388650506
2022-05-18,510500,中证500ETF,5.455876516,1051132345.0,184169766.0,5.472464753,5.509133485,5.44103441
2022-05-19,510500,中证500ETF,5.509133485,1223974671.0,215102312.0,5.391269701,5.510006551,5.38253905
2022-05-20,510500,中证500ETF,5.598186123,1247571360.0,215344232.0,5.518737201,5.603424513,5.505641225
2022-05-23,510500,中证500ETF,5.622631945,918724341.0,157401665.0,5.609535969,5.63398179,5.567628845
2022-05-24,510500,中证500ETF,5.422700044,1663286713.0,287948565.0,5.613028229,5.624378075,5.417461653
2022-05-25,510500,中证500ETF,5.513498811,1181807603.0,207138654.0,5.417461653,5.514371876,5.411350198
2022-05-26,510500,中证500ETF,5.579851756,1270608591.0,220063319.0,5.50651429,5.601678383,5.436669085
2022-05-27,510500,中证500ETF,5.579851756,889893298.0,152709405.0,5.592074667,5.63048953,5.525721722
2022-05-30,510500,中证500ETF,5.611282099,634000870.0,108872503.0,5.592074667,5.613028229,5.535325438
2022-05-31,510500,中证500ETF,5.702953931,1720173651.0,291128486.0,5.601678383,5.718669102,5.57024804
2022-06-01,510500,中证500ETF,5.696842476,962082988.0,162147970.0,5.69247715,5.721288297,5.640966311
2022-06-02,510500,中证500ETF,5.768433811,1031916645.0,172652107.0,5.686365695,5.777164462,5.663666003
2022-06-06,510500,中证500ETF,5.863597904,1687855264.0,277471183.0,5.75271864,5.886297596,5.75271864
2022-06-07,510500,中证500ETF,5.860105644,1111826497.0,182368930.0,5.861851774,5.879313075,5.827802236
2022-06-08,510500,中证500ETF,5.902885832,1187593012.0,194522500.0,5.860978709,5.919474068,5.800737219
2022-06-09,510500,中证500ETF,5.828675301,1051177648.0,172735139.0,5.888916791,5.906378092,5.768433811
2022-06-10,510500,中证500ETF,5.939554565,1532290997.0,249861808.0,5.791133503,5.949158281,5.791133503
2022-06-13,510500,中证500ETF,5.921220198,1198121604.0,194963475.0,5.905505027,5.94566602,5.860105644
2022-06-14,510500,中证500ETF,5.984080884,1807912725.0,295838087.0,5.87320162,5.989319274,5.75795703
2022-06-15,510500,中证500ETF,5.957888931,1541771500.0,245983565.0,5.980588623,6.107183058,5.950031346
2022-06-16,510500,中证500ETF,5.967492647,1444896548.0,231658924.0,5.971857973,6.041703178,5.950031346
2022-06-17,510500,中证500ETF,6.026861072,1631817428.0,262241556.0,5.94042763,6.041703178,5.877566945
2022-06-20,510500,中证500ETF,6.026861072,1282310391.0,204672214.0,6.026861072,6.06964126,5.970984907
2022-06-21,510500,中证500ETF,5.981461688,1066364260.0,171136058.0,6.020749616,6.043449308,5.930823914
2022-06-22,510500,中证500ETF,5.884551466,1390781789.0,225203522.0,5.976223298,5.996303795,5.877566945
2022-06-23,510500,中证500ETF,6.019876551,1408835454.0,226967389.0,5.884551466,6.025988007,5.861851774
2022-06-24,510500,中证500ETF,6.092340952,1294176121.0,204923163.0,6.028607202,6.105436928,6.015511226
2022-06-27,510500,中证500ETF,6.118532904,1457281947.0,228801526.0,6.102817733,6.172662939,6.102817733
2022-06-28,510500,中证500ETF,6.225919908,954593277.0,148713826.0,6.117659839,6.238142819,6.107183058
2022-06-29,510500,中证500ETF,6.123771295,1321970690.0,206791255.0,6.210204737,6.226792973,6.096706278
2022-06-30,510500,中证500ETF,6.173536004,1516437532.0,236088233.0,6.115913709,6.215443127,6.111548384
2022-07-01,510500,中证500ETF,6.162186158,972423718.0,151583061.0,6.160440028,6.206712476,6.146470987
2022-07-04,510500,中证500ETF,6.239888949,1983604414.0,307904542.0,6.159566963,6.243381209,6.116786774
2022-07-05,510500,中证500ETF,6.231158298,1655568283.0,256651214.0,6.25036573,6.271319292,6.151709377
2022-07-06,510500,中证500ETF,6.147344052,984359824.0,153994986.0,6.206712476,6.223300713,6.087975627
2022-07-07,510500,中证500ETF,6.173536004,1199931286.0,187083338.0,6.137740336,6.211950867,6.113294514
2022-07-08,510500,中证500ETF,6.135994206,828130889.0,129148866.0,6.198854891,6.213696997,6.132501945
2022-07-11,510500,中证500ETF,6.051306894,806545895.0,128129418.0,6.106309993,6.116786774,6.011145901
2022-07-12,510500,中证500ETF,5.975350233,740249888.0,118275376.0,6.044322373,6.082737236,5.967492647
2022-07-13,510500,中证500ETF,5.998049925,1323141160.0,212411590.0,5.977096363,6.019003486,5.949158281
2022-07-14,510500,中证500ETF,6.041703178,1391373973.0,221333330.0,5.989319274,6.075752716,5.982334753
2022-07-15,510500,中证500ETF,5.936062305,840057674.0,134392732.0,6.018130421,6.06964126,5.930823914
2022-07-18,510500,中证500ETF,6.050433829,996713559.0,159197458.0,5.941300695,6.06789513,5.941300695
2022-07-19,510500,中证500ETF,6.073133521,1004233508.0,159374604.0,6.050433829,6.088848692,6.021622682
2022-07-20,510500,中证500ETF,6.153455507,888618261.0,139241103.0,6.102817733,6.170043743,6.094960147
2022-07-21,510500,中证500ETF,6.091467887,698857170.0,109767893.0,6.147344052,6.155201637,6.087975627
2022-07-22,510500,中证500ETF,6.034718658,1394813209.0,222503794.0,6.093214017,6.123771295,5.976223298
2022-07-25,510500,中证500ETF,5.972731038,1014375077.0,162627475.0,6.028607202,6.060037545,5.950031346
2022-07-26,510500,中证500ETF,6.047814634,835838969.0,133346819.0,5.972731038,6.073133521,5.964000387
2022-07-27,510500,中证500ETF,6.074879651,536039052.0,85082068.0,6.037337853,6.093214017,6.024241877
2022-07-28,510500,中证500ETF,6.091467887,866454632.0,136367391.0,6.097579343,6.152582442,6.078371911
2022-07-29,510500,中证500ETF,6.040830113,810273443.0,128512690.0,6.104563863,6.118532904,6.029480267
2022-08-01,510500,中证500ETF,6.094960147,572594575.0,90934751.0,6.031226397,6.098452408,5.995430729
2022-08-02,510500,中证500ETF,5.93693537,1486902991.0,240762008.0,6.047814634,6.054799154,5.844390472
2022-08-03,510500,中证500ETF,5.885424531,983528727.0,158504566.0,5.9386815,6.021622682,5.862724839
2022-08-04,510500,中证500ETF,5.906378092,1077343749.0,175790053.0,5.919474068,5.928204719,5.826056106
2022-08-05,510500,中证500ETF,6.033845593,663416951.0,106796868.0,5.912489548,6.037337853,5.912489548
2022-08-08,510500,中证500ETF,6.068768195,664902426.0,105696580.0,6.019003486,6.073133521,6.013765096
2022-08-09,510500,中证500ETF,6.087102562,653499927.0,103530995.0,6.072260456,6.091467887,6.034718658
2022-08-10,510500,中证500ETF,6.074879651,499523169.0,79053847.0,6.080118041,6.109802254,6.046068504
2022-08-11,510500,中证500ETF,6.199727956,858080651.0,134090305.0,6.102817733,6.202347151,6.092340952
2022-08-12,510500,中证500ETF,6.18837811,628859243.0,97669925.0,6.194489565,6.220681518,6.179647459
2022-08-15,510500,中证500ETF,6.197108761,1458406727.0,226509233.0,6.165678418,6.226792973,6.151709377
2022-08-16,510500,中证500ETF,6.213696997,812316540.0,125705095.0,6.206712476,6.254731055,6.189251175
2022-08-17,510500,中证500ETF,6.25560412,1027785690.0,158904410.0,6.216316192,6.266953966,6.179647459
2022-08-18,510500,中证500ETF,6.232031363,598810969.0,92601688.0,6.247746535,6.247746535,6.203220216
2022-08-19,510500,中证500ETF,6.146470987,879109913.0,136747033.0,6.220681518,6.240762014,6.142978726
2022-08-22,510500,中证500ETF,6.226792973,653942628.0,101613370.0,6.140359531,6.236396689,6.111548384
2022-08-23,510500,中证500ETF,6.228539103,849223572.0,131729310.0,6.220681518,6.232904428,6.185758915
2022-08-24,510500,中证500ETF,6.043449308,1147800159.0,180850879.0,6.228539103,6.233777494,6.026861072
2022-08-25,510500,中证500ETF,6.077498846,1028828394.0,163754847.0,6.042576243,6.080991106,5.993684599
2022-08-26,510500,中证500ETF,6.063529805,711104798.0,112457963.0,6.070514325,6.135994206,6.041703178
2022-08-29,510500,中证500ETF,6.06,1243370988.0,198028513.0,5.96,6.07,5.959
2022-08-30,510500,中证500ETF,6.051,1153092428.0,183534979.0,6.06,6.07,6.003
2022-08-31,510500,中证500ETF,5.917,1449546434.0,234010869.0,6.03,6.046,5.899
2022-09-01,510500,中证500ETF,5.895,605082195.0,98092405.0,5.91,5.967,5.873
2022-09-02,510500,中证500ETF,5.906,1056194492.0,171678561.0,5.88,5.94,5.878
2022-09-05,510500,中证500ETF,5.937,987346025.0,160317177.0,5.896,5.945,5.872
2022-09-06,510500,中证500ETF,6.043,1030073051.0,164844032.0,5.94,6.048,5.94
2022-09-07,510500,中证500ETF,6.059,652201029.0,103698198.0,6.024,6.074,6.013
2022-09-08,510500,中证500ETF,6.037,912197124.0,145157410.0,6.065,6.068,6.03
2022-09-09,510500,中证500ETF,6.075,1024964818.0,162508960.0,6.035,6.087,6.016
2022-09-13,510500,中证500ETF,6.059,1085475444.0,171915915.0,6.091,6.111,6.045
2022-09-14,510500,中证500ETF,6.011,1252419074.0,200417289.0,5.99,6.037,5.975
2022-09-15,510500,中证500ETF,5.868,1137139697.0,184702458.0,6.024,6.038,5.821
2022-09-16,510500,中证500ETF,5.716,1240121958.0,205735741.0,5.85,5.869,5.709
2022-09-19,510500,中证500ETF,5.679,940843676.0,159073285.0,5.71,5.721,5.637
2022-09-20,510500,中证500ETF,5.709,862607727.0,144729153.0,5.687,5.768,5.687
2022-09-21,510500,中证500ETF,5.739,722336359.0,121469500.0,5.69,5.762,5.636
2022-09-22,510500,中证500ETF,5.73,843298402.0,140979579.0,5.701,5.777,5.693
2022-09-23,510500,中证500ETF,5.659,1216175074.0,205678384.0,5.718,5.743,5.594
2022-09-26,510500,中证500ETF,5.566,1994980601.0,339784319.0,5.618,5.691,5.56
2022-09-27,510500,中证500ETF,5.675,1411390482.0,240423852.0,5.574,5.685,5.573
2022-09-28,510500,中证500ETF,5.536,1186317967.0,203925977.0,5.655,5.67,5.533
2022-09-29,510500,中证500ETF,5.551,1409354548.0,242413769.0,5.57,5.626,5.507
2022-09-30,510500,中证500ETF,5.473,900479980.0,156307202.0,5.543,5.575,5.471
2022-10-10,510500,中证500ETF,5.407,961786662.0,168606174.0,5.481,5.529,5.385
2022-10-11,510500,中证500ETF,5.442,1521015712.0,268234684.0,5.41,5.474,5.38
2022-10-12,510500,中证500ETF,5.578,1807866605.0,316516593.0,5.443,5.585,5.351
2022-10-13,510500,中证500ETF,5.593,945416295.0,162037781.0,5.55,5.637,5.546
2022-10-14,510500,中证500ETF,5.741,1518017161.0,254866515.0,5.65,5.769,5.626
2022-10-17,510500,中证500ETF,5.768,961793886.0,160442081.0,5.714,5.791,5.711
2022-10-18,510500,中证500ETF,5.795,1107179931.0,183606501.0,5.795,5.834,5.752
2022-10-19,510500,中证500ETF,5.744,784782568.0,130656328.0,5.78,5.804,5.732
2022-10-20,510500,中证500ETF,5.724,1448199789.0,243198439.0,5.723,5.812,5.641
2022-10-21,510500,中证500ETF,5.724,1217579218.0,204128235.0,5.73,5.759,5.684
2022-10-24,510500,中证500ETF,5.673,1709693413.0,287111935.0,5.72,5.84,5.62
2022-10-25,510500,中证500ETF,5.626,1537242771.0,262057719.0,5.65,5.7,5.551
2022-10-26,510500,中证500ETF,5.747,1544497873.0,258992446.0,5.64,5.791,5.633
2022-10-27,510500,中证500ETF,5.729,1270523927.0,211648155.0,5.771,5.796,5.723
2022-10-28,510500,中证500ETF,5.539,1395608488.0,238438526.0,5.703,5.712,5.514
2022-10-31,510500,中证500ETF,5.574,1138623733.0,196079625.0,5.529,5.635,5.506
2022-11-01,510500,中证500ETF,5.719,2156261190.0,365777499.0,5.584,5.725,5.55
2022-11-02,510500,中证500ETF,5.762,1536462179.0,256482672.0,5.71,5.795,5.695
2022-11-03,510500,中证500ETF,5.765,1393256719.0,232217560.0,5.727,5.785,5.721
2022-11-04,510500,中证500ETF,5.917,2062291791.0,336833282.0,5.76,5.935,5.759
2022-11-07,510500,中证500ETF,5.901,1259058582.0,204903372.0,5.914,5.939,5.864
2022-11-08,510500,中证500ETF,5.907,1081977722.0,176570074.0,5.894,5.91,5.869
2022-11-09,510500,中证500ETF,5.89,867580136.0,141186767.0,5.915,5.956,5.883
2022-11-10,510500,中证500ETF,5.869,1222992995.0,200492703.0,5.866,5.896,5.827
2022-11-11,510500,中证500ETF,5.905,2642103690.0,425722662.0,6.03,6.039,5.897
2022-11-14,510500,中证500ETF,5.895,1597198501.0,259196662.0,5.912,5.97,5.879
2022-11-15,510500,中证500ETF,6.001,1850356936.0,297730177.0,5.9,6.01,5.887
2022-11-16,510500,中证500ETF,5.972,1295425715.0,208038342.0,5.998,6.03,5.961
2022-11-17,510500,中证500ETF,5.985,2039273639.0,329644622.0,5.952,5.988,5.921
2022-11-18,510500,中证500ETF,5.973,2896129987.0,465058990.0,5.985,6.027,5.958
2022-11-21,510500,中证500ETF,5.966,2559842978.0,413988910.0,5.925,5.975,5.894
2022-11-22,510500,中证500ETF,5.9,1645784286.0,267496937.0,5.945,5.964,5.868
2022-11-23,510500,中证500ETF,5.889,2470193485.0,404002860.0,5.861,5.915,5.816
2022-11-24,510500,中证500ETF,5.89,1222974085.0,199374618.0,5.9,5.925,5.86
2022-11-25,510500,中证500ETF,5.858,1691315690.0,277236804.0,5.87,5.888,5.824
2022-11-28,510500,中证500ETF,5.831,2168839380.0,358876825.0,5.781,5.836,5.734
2022-11-29,510500,中证500ETF,5.931,2342485408.0,380485720.0,5.847,5.955,5.846
2022-11-30,510500,中证500ETF,5.917,1263332453.0,205076321.0,5.929,5.945,5.89
2022-12-01,510500,中证500ETF,5.95,1359689566.0,218641816.0,6.0,6.008,5.946
2022-12-02,510500,中证500ETF,5.935,1269756824.0,205040860.0,5.954,5.987,5.931
2022-12-05,510500,中证500ETF,5.978,2420516580.0,389476546.0,5.976,5.993,5.946
2022-12-06,510500,中证500ETF,5.975,1276605927.0,205020371.0,5.974,6.024,5.948
2022-12-07,510500,中证500ETF,5.967,1563067206.0,251485917.0,5.967,6.015,5.949
2022-12-08,510500,中证500ETF,5.957,1114027324.0,179880280.0,5.967,5.975,5.933
2022-12-09,510500,中证500ETF,5.966,1216913105.0,196236728.0,5.95,5.99,5.922
2022-12-12,510500,中证500ETF,5.943,1205936217.0,195152738.0,5.955,5.964,5.915
2022-12-13,510500,中证500ETF,5.909,1265907003.0,205760053.0,5.941,5.944,5.896
2022-12-14,510500,中证500ETF,5.883,1210000166.0,197150083.0,5.909,5.928,5.865
2022-12-15,510500,中证500ETF,5.882,1047808162.0,171248726.0,5.878,5.896,5.858
2022-12-16,510500,中证500ETF,5.859,1620817138.0,266188643.0,5.869,5.871,5.826
2022-12-19,510500,中证500ETF,5.73,3738023458.0,622390961.0,5.854,5.866,5.702
2022-12-20,510500,中证500ETF,5.666,2533727887.0,428122497.0,5.709,5.717,5.646
2022-12-21,510500,中证500ETF,5.636,1334004322.0,226994690.0,5.67,5.68,5.597
2022-12-22,510500,中证500ETF,5.573,1327241257.0,226980075.0,5.653,5.662,5.537
2022-12-23,510500,中证500ETF,5.551,2447115370.0,422008102.0,5.543,5.593,5.519
2022-12-26,510500,中证500ETF,5.62,2241569499.0,383096612.0,5.555,5.638,5.551
2022-12-27,510500,中证500ETF,5.66,2028977358.0,344807815.0,5.644,5.665,5.606
2022-12-28,510500,中证500ETF,5.644,1342473583.0,228270891.0,5.646,5.665,5.625
2022-12-29,510500,中证500ETF,5.641,1621737311.0,275557197.0,5.629,5.682,5.612
2022-12-30,510500,中证500ETF,5.647,919150284.0,156259078.0,5.658,5.663,5.623
2023-01-03,510500,中证500ETF,5.73,1452603823.0,244700488.0,5.632,5.75,5.61
2023-01-04,510500,中证500ETF,5.728,1570656301.0,263374163.0,5.737,5.745,5.694
2023-01-05,510500,中证500ETF,5.787,1394561318.0,231775005.0,5.745,5.802,5.728
2023-01-06,510500,中证500ETF,5.8,1203393451.0,199272551.0,5.787,5.831,5.775
2023-01-09,510500,中证500ETF,5.812,1271404621.0,209701416.0,5.808,5.851,5.808
2023-01-10,510500,中证500ETF,5.827,917369192.0,151506194.0,5.811,5.833,5.79
2023-01-11,510500,中证500ETF,5.799,1403722847.0,231896495.0,5.827,5.849,5.785
2023-01-12,510500,中证500ETF,5.793,1028140511.0,170119873.0,5.805,5.833,5.778
2023-01-13,510500,中证500ETF,5.844,1304987383.0,215455222.0,5.802,5.846,5.793
2023-01-16,510500,中证500ETF,5.903,2409153605.0,390989077.0,5.851,5.958,5.851
2023-01-17,510500,中证500ETF,5.911,1856161851.0,301742127.0,5.92,5.926,5.897
2023-01-18,510500,中证500ETF,5.935,2233379007.0,361235634.0,5.912,5.956,5.912
2023-01-19,510500,中证500ETF,5.992,1871362978.0,301622896.0,5.927,5.997,5.911
2023-01-20,510500,中证500ETF,6.037,1740641348.0,277862983.0,6.002,6.04,6.001
2023-01-30,510500,中证500ETF,6.058,2562862589.0,404446749.0,6.11,6.142,6.052
2023-01-31,510500,中证500ETF,6.063,1664269034.0,263662170.0,6.056,6.091,6.041
2023-02-01,510500,中证500ETF,6.135,2579662458.0,405654876.0,6.078,6.144,6.067
2023-02-02,510500,中证500ETF,6.145,2161519790.0,338292674.0,6.151,6.179,6.119
2023-02-03,510500,中证500ETF,6.117,1635338319.0,258303729.0,6.13,6.134,6.046
2023-02-06,510500,中证500ETF,6.088,1923549544.0,304667698.0,6.096,6.104,6.043
2023-02-07,510500,中证500ETF,6.091,3551023755.0,562754021.0,6.091,6.1,6.044
2023-02-08,510500,中证500ETF,6.045,2946457122.0,467137938.0,6.096,6.101,6.035
2023-02-09,510500,中证500ETF,6.136,2030121218.0,319843191.0,6.04,6.142,6.028
2023-02-10,510500,中证500ETF,6.116,2986761533.0,471355276.0,6.14,6.142,6.067
2023-02-13,510500,中证500ETF,6.154,3253878462.0,509438326.0,6.098,6.162,6.098
2023-02-14,510500,中证500ETF,6.171,1487854766.0,232379421.0,6.164,6.184,6.141
2023-02-15,510500,中证500ETF,6.159,1728355320.0,270255821.0,6.17,6.189,6.137
2023-02-16,510500,中证500ETF,6.074,1973891842.0,309968089.0,6.164,6.208,6.027
2023-02-17,510500,中证500ETF,6.02,1617674608.0,257134866.0,6.07,6.09,6.005
2023-02-20,510500,中证500ETF,6.118,3101744006.0,492217418.0,6.042,6.124,5.995
2023-02-21,510500,中证500ETF,6.155,1189503911.0,186274914.0,6.135,6.173,6.112
2023-02-22,510500,中证500ETF,6.149,1911666367.0,299347953.0,6.143,6.173,6.125
2023-02-23,510500,中证500ETF,6.138,2261675776.0,354664685.0,6.15,6.168,6.098
2023-02-24,510500,中证500ETF,6.124,1250543753.0,196814360.0,6.128,6.153,6.078
2023-02-27,510500,中证500ETF,6.091,1716511047.0,271088592.0,6.101,6.121,6.058
2023-02-28,510500,中证500ETF,6.132,1073198959.0,168964368.0,6.093,6.138,6.064
2023-03-01,510500,中证500ETF,6.171,1178803881.0,184066334.0,6.13,6.192,6.116
2023-03-02,510500,中证500ETF,6.164,1380731369.0,215661977.0,6.18,6.191,6.147
2023-03-03,510500,中证500ETF,6.161,1929511268.0,301792150.0,6.168,6.178,6.117
2023-03-06,510500,中证500ETF,6.163,1696050548.0,265155549.0,6.166,6.181,6.132
2023-03-07,510500,中证500ETF,6.063,1648696999.0,259002383.0,6.16,6.167,6.061
2023-03-08,510500,中证500ETF,6.073,1653974283.0,262204187.0,6.045,6.086,6.041
2023-03-09,510500,中证500ETF,6.066,1591803989.0,252591021.0,6.078,6.082,6.032
2023-03-10,510500,中证500ETF,5.986,1063695486.0,170330943.0,6.03,6.044,5.971
2023-03-13,510500,中证500ETF,6.021,1127004656.0,180849399.0,5.98,6.026,5.957
2023-03-14,510500,中证500ETF,5.97,1247164271.0,201091943.0,6.002,6.02,5.906
2023-03-15,510500,中证500ETF,6.002,1232921797.0,197302154.0,5.999,6.034,5.99
2023-03-16,510500,中证500ETF,5.925,1562174915.0,252010528.0,5.978,5.994,5.911
2023-03-17,510500,中证500ETF,5.961,2626433994.0,421830402.0,5.962,6.02,5.941
2023-03-20,510500,中证500ETF,5.942,1267461273.0,204507186.0,5.97,5.984,5.93
2023-03-21,510500,中证500ETF,6.007,1933302437.0,310253301.0,5.959,6.01,5.956
2023-03-22,510500,中证500ETF,6.041,958505755.0,152766043.0,6.015,6.045,6.015
2023-03-23,510500,中证500ETF,6.076,1107822682.0,176004304.0,6.035,6.077,6.028
2023-03-24,510500,中证500ETF,6.084,920210934.0,145644215.0,6.08,6.091,6.058
2023-03-27,510500,中证500ETF,6.081,1210959629.0,191704741.0,6.083,6.091,6.04
2023-03-28,510500,中证500ETF,6.065,1504138899.0,238254843.0,6.081,6.1,6.051
2023-03-29,510500,中证500ETF,6.039,1385221847.0,220384768.0,6.075,6.079,6.024
2023-03-30,510500,中证500ETF,6.072,2634433755.0,419801778.0,6.039,6.075,6.0
2023-03-31,510500,中证500ETF,6.119,2214202524.0,349535045.0,6.072,6.124,6.065
2023-04-03,510500,中证500ETF,6.183,1798020591.0,280398797.0,6.13,6.2,6.126
2023-04-04,510500,中证500ETF,6.187,1039482675.0,161982604.0,6.189,6.192,6.156
2023-04-06,510500,中证500ETF,6.186,1577734331.0,245472012.0,6.174,6.2,6.166
2023-04-07,510500,中证500ETF,6.235,1071993208.0,165722339.0,6.186,6.247,6.182
2023-04-10,510500,中证500ETF,6.192,1910698833.0,296201636.0,6.242,6.246,6.179
2023-04-11,510500,中证500ETF,6.191,2159284187.0,336113026.0,6.19,6.207,6.167
2023-04-12,510500,中证500ETF,6.213,2306354888.0,357708817.0,6.205,6.218,6.183
2023-04-13,510500,中证500ETF,6.185,1791079105.0,278155569.0,6.208,6.221,6.177
2023-04-14,510500,中证500ETF,6.2,1630033257.0,253073142.0,6.191,6.225,6.175
2023-04-17,510500,中证500ETF,6.232,743336830.0,115124873.0,6.185,6.236,6.184
2023-04-18,510500,中证500ETF,6.219,1281483847.0,198494786.0,6.23,6.232,6.192
2023-04-19,510500,中证500ETF,6.189,788762173.0,122361672.0,6.215,6.229,6.178
2023-04-20,510500,中证500ETF,6.182,935610341.0,145962021.0,6.185,6.188,6.158
2023-04-21,510500,中证500ETF,6.029,1664466758.0,262798414.0,6.182,6.182,6.01
2023-04-24,510500,中证500ETF,5.987,1230839704.0,196980054.0,6.033,6.041,5.967
2023-04-25,510500,中证500ETF,5.893,1569307133.0,255490290.0,5.982,6.001,5.823
2023-04-26,510500,中证500ETF,5.919,1879711020.0,305347118.0,5.884,5.947,5.879
2023-04-27,510500,中证500ETF,5.945,1307713905.0,211592316.0,5.917,5.975,5.905
2023-04-28,510500,中证500ETF,6.037,1317176778.0,211176402.0,5.957,6.04,5.94
2023-05-04,510500,中证500ETF,6.038,1020452338.0,162845964.0,6.02,6.039,6.01
2023-05-05,510500,中证500ETF,5.982,1053303886.0,169427065.0,6.038,6.041,5.951
2023-05-08,510500,中证500ETF,6.021,927563534.0,148333733.0,5.983,6.044,5.979
2023-05-09,510500,中证500ETF,5.964,1614043547.0,258188375.0,6.022,6.051,5.96
2023-05-10,510500,中证500ETF,5.953,1126003451.0,181731559.0,5.962,5.993,5.93
2023-05-11,510500,中证500ETF,5.934,524704235.0,84753143.0,5.959,5.972,5.93
2023-05-12,510500,中证500ETF,5.874,899892508.0,146367154.0,5.928,5.966,5.868
2023-05-15,510500,中证500ETF,5.942,991617637.0,161716103.0,5.869,5.951,5.83
2023-05-16,510500,中证500ETF,5.901,612874093.0,99594636.0,5.942,5.946,5.884
2023-05-17,510500,中证500ETF,5.903,944882702.0,153833123.0,5.886,5.929,5.879
2023-05-18,510500,中证500ETF,5.913,1067228667.0,173411166.0,5.914,5.939,5.883
2023-05-19,510500,中证500ETF,5.918,1064504043.0,172916840.0,5.905,5.952,5.875
2023-05-22,510500,中证500ETF,5.909,708922176.0,115364378.0,5.917,5.937,5.876
2023-05-23,510500,中证500ETF,5.844,849720503.0,138718265.0,5.909,5.914,5.841
2023-05-24,510500,中证500ETF,5.798,1493635574.0,246137952.0,5.84,5.859,5.791
2023-05-25,510500,中证500ETF,5.78,1175020417.0,195486999.0,5.8,5.829,5.719
2023-05-26,510500,中证500ETF,5.833,1056899255.0,175032983.0,5.782,5.848,5.746
2023-05-29,510500,中证500ETF,5.826,1163727672.0,191794612.0,5.85,5.866,5.803
2023-05-30,510500,中证500ETF,5.859,1277269444.0,210721483.0,5.823,5.867,5.764
2023-05-31,510500,中证500ETF,5.852,1041171961.0,171319304.0,5.85,5.864,5.809
2023-06-01,510500,中证500ETF,5.862,1756775683.0,287510043.0,5.854,5.904,5.82
2023-06-02,510500,中证500ETF,5.914,1498036362.0,243542683.0,5.88,5.931,5.879
2023-06-05,510500,中证500ETF,5.901,646892503.0,105320370.0,5.905,5.915,5.886
2023-06-06,510500,中证500ETF,5.787,911274749.0,149959162.0,5.902,5.903,5.781
2023-06-07,510500,中证500ETF,5.791,821895904.0,136041008.0,5.791,5.825,5.78
2023-06-08,510500,中证500ETF,5.778,1155659962.0,192352457.0,5.794,5.808,5.736
2023-06-09,510500,中证500ETF,5.829,1258499361.0,208167520.0,5.79,5.84,5.779
2023-06-12,510500,中证500ETF,5.847,1141939037.0,187492595.0,5.835,5.874,5.815
2023-06-13,510500,中证500ETF,5.865,766961295.0,125694910.0,5.847,5.873,5.838
2023-06-14,510500,中证500ETF,5.872,731159070.0,119556637.0,5.874,5.891,5.861
2023-06-15,510500,中证500ETF,5.926,1201564432.0,195446059.0,5.88,5.94,5.876
2023-06-16,510500,中证500ETF,5.969,1281786865.0,206526990.0,5.927,5.991,5.926
2023-06-19,510500,中证500ETF,5.961,740304877.0,119261850.0,5.98,5.985,5.955
2023-06-20,510500,中证500ETF,5.958,472444970.0,76227170.0,5.963,5.976,5.94
2023-06-21,510500,中证500ETF,5.833,1021559235.0,166799278.0,5.952,5.952,5.83
2023-06-26,510500,中证500ETF,5.732,2066980354.0,344323154.0,5.804,5.819,5.72
2023-06-27,510500,中证500ETF,5.777,1907525642.0,317296126.0,5.733,5.788,5.732
2023-06-28,510500,中证500ETF,5.791,1633413936.0,273021272.0,5.773,5.793,5.696
2023-06-29,510500,中证500ETF,5.782,1333935245.0,221543312.0,5.778,5.802,5.76
2023-06-30,510500,中证500ETF,5.855,1198238000.0,197145563.0,5.771,5.866,5.771
2023-07-03,510500,中证500ETF,5.884,1017304780.0,166205776.0,5.864,5.905,5.845
2023-07-04,510500,中证500ETF,5.898,1063242106.0,173412653.0,5.879,5.901,5.877
2023-07-05,510500,中证500ETF,5.867,1421447518.0,232233781.0,5.892,5.904,5.855
2023-07-06,510500,中证500ETF,5.832,1033798369.0,169769132.0,5.86,5.895,5.827
2023-07-07,510500,中证500ETF,5.816,687991371.0,113652561.0,5.83,5.842,5.784
2023-07-10,510500,中证500ETF,5.837,719682020.0,118525164.0,5.838,5.861,5.808
2023-07-11,510500,中证500ETF,5.887,629303370.0,103167702.0,5.849,5.889,5.83
2023-07-12,510500,中证500ETF,5.826,573197538.0,94053268.0,5.889,5.894,5.818
2023-07-13,510500,中证500ETF,5.91,1090755327.0,178013199.0,5.849,5.914,5.849
2023-07-14,510500,中证500ETF,5.886,544267498.0,88634806.0,5.915,5.917,5.885
2023-07-17,510500,中证500ETF,5.871,1170740595.0,192122431.0,5.879,5.879,5.838
2023-07-18,510500,中证500ETF,5.862,958453839.0,157154980.0,5.871,5.888,5.838
2023-07-19,510500,中证500ETF,5.853,733814812.0,120486972.0,5.854,5.877,5.824
2023-07-20,510500,中证500ETF,5.787,1568483529.0,258153154.0,5.865,5.88,5.782
2023-07-21,510500,中证500ETF,5.79,1553404150.0,257450411.0,5.785,5.83,5.774
2023-07-24,510500,中证500ETF,5.78,632051377.0,104838247.0,5.76,5.821,5.76
2023-07-25,510500,中证500ETF,5.878,1131145907.0,185267438.0,5.83,5.885,5.83
2023-07-26,510500,中证500ETF,5.867,637071333.0,104338364.0,5.877,5.883,5.847
2023-07-27,510500,中证500ETF,5.825,594989648.0,97642469.0,5.872,5.879,5.815
2023-07-28,510500,中证500ETF,5.917,1078204657.0,175933487.0,5.8,5.922,5.8
2023-07-31,510500,中证500ETF,5.956,1410878740.0,226948657.0,5.926,6.013,5.924
2023-08-01,510500,中证500ETF,5.961,1058342809.0,170567104.0,5.956,5.986,5.95
2023-08-02,510500,中证500ETF,5.939,940707002.0,152078839.0,5.957,5.98,5.92
2023-08-03,510500,中证500ETF,5.96,1449039292.0,234307463.0,5.936,5.962,5.907
2023-08-04,510500,中证500ETF,6.001,1348209240.0,215831469.0,5.99,6.04,5.973
2023-08-07,510500,中证500ETF,5.96,2361615867.0,380764354.0,5.994,5.998,5.947
2023-08-08,510500,中证500ETF,5.939,1822186652.0,294860767.0,5.95,5.959,5.916
2023-08-09,510500,中证500ETF,5.897,2595236507.0,422188480.0,5.925,5.938,5.887
2023-08-10,510500,中证500ETF,5.895,1257057943.0,204947551.0,5.897,5.913,5.87
2023-08-11,510500,中证500ETF,5.774,1766448422.0,291257891.0,5.896,5.905,5.772
2023-08-14,510500,中证500ETF,5.781,1560642068.0,260845764.0,5.73,5.792,5.704
2023-08-15,510500,中证500ETF,5.748,1367680954.0,228484044.0,5.77,5.795,5.697
2023-08-16,510500,中证500ETF,5.705,1352673932.0,226883262.0,5.726,5.755,5.703
2023-08-17,510500,中证500ETF,5.741,1870307730.0,314317963.0,5.682,5.754,5.649
2023-08-18,510500,中证500ETF,5.648,1878181523.0,316070370.0,5.735,5.76,5.646
2023-08-21,510500,中证500ETF,5.571,1913880144.0,326136289.0,5.631,5.674,5.569
2023-08-22,510500,中证500ETF,5.598,1903831840.0,327293343.0,5.59,5.615,5.51
2023-08-23,510500,中证500ETF,5.498,1729652219.54,299712509.0,5.594,5.594,5.488
2023-08-24,510500,中证500ETF,5.514,1455596440.0,252676187.0,5.502,5.569,5.487
2023-08-25,510500,中证500ETF,5.446,1564353078.0,274076915.0,5.494,5.519,5.418
2023-08-28,510500,中证500ETF,5.509,3011273191.0,515948238.0,5.749,5.749,5.488
2023-08-29,510500,中证500ETF,5.634,6900723499.0,1182384406.0,5.502,5.664,5.499
2023-08-30,510500,中证500ETF,5.635,1832472792.0,311284880.0,5.634,5.683,5.612
2023-08-31,510500,中证500ETF,5.606,1307594599.0,223404352.0,5.629,5.646,5.588
2023-09-01,510500,中证500ETF,5.612,1301831939.0,222355302.0,5.619,5.643,5.595
2023-09-04,510500,中证500ETF,5.696,1833756164.0,310054688.0,5.641,5.7,5.618
2023-09-05,510500,中证500ETF,5.653,1939549756.0,328947638.0,5.687,5.69,5.642
2023-09-06,510500,中证500ETF,5.651,1354396023.0,230264068.0,5.636,5.674,5.608
2023-09-07,510500,中证500ETF,5.569,2047335843.0,350551641.0,5.651,5.651,5.562
2023-09-08,510500,中证500ETF,5.567,1904449593.0,327644987.0,5.555,5.593,5.546
2023-09-11,510500,中证500ETF,5.634,2029703953.0,346382028.0,5.574,5.67,5.562
2023-09-12,510500,中证500ETF,5.636,1466529654.0,249467310.0,5.634,5.655,5.623
2023-09-13,510500,中证500ETF,5.577,1915493459.0,329323919.0,5.635,5.635,5.543
2023-09-14,510500,中证500ETF,5.572,1506656494.0,259690199.0,5.573,5.579,5.539
2023-09-15,510500,中证500ETF,5.573,1537412136.0,264264130.0,5.581,5.612,5.542
2023-09-18,510500,中证500ETF,5.585,3349618231.0,574922778.0,5.56,5.606,5.532
2023-09-19,510500,中证500ETF,5.56,1389655445.0,239879269.0,5.577,5.584,5.536
2023-09-20,510500,中证500ETF,5.519,1815632673.0,314278187.0,5.542,5.558,5.518
2023-09-21,510500,中证500ETF,5.473,1624386983.0,283288923.0,5.506,5.535,5.47
2023-09-22,510500,中证500ETF,5.571,2177669265.0,376964568.0,5.463,5.573,5.463
2023-09-25,510500,中证500ETF,5.538,1988022795.0,344278661.0,5.56,5.567,5.521
2023-09-26,510500,中证500ETF,5.519,1231863590.0,213613137.0,5.532,5.548,5.517
2023-09-27,510500,中证500ETF,5.544,2499945341.0,431830275.0,5.518,5.572,5.515
2023-09-28,510500,中证500ETF,5.552,1508370936.0,260336074.0,5.55,5.568,5.543
2023-10-09,510500,中证500ETF,5.52,1194573423.0,207641073.0,5.55,5.552,5.491
2023-10-10,510500,中证500ETF,5.492,699428031.0,121687633.0,5.526,5.552,5.487
2023-10-11,510500,中证500ETF,5.487,2037223625.0,355273505.0,5.515,5.543,5.475
2023-10-12,510500,中证500ETF,5.53,1289381469.0,223699144.0,5.516,5.539,5.501
2023-10-13,510500,中证500ETF,5.5,975045644.0,170087285.0,5.506,5.506,5.483
2023-10-16,510500,中证500ETF,5.443,1104363923.0,194104657.0,5.5,5.502,5.421
2023-10-17,510500,中证500ETF,5.454,1129134383.0,198775831.0,5.45,5.455,5.417
2023-10-18,510500,中证500ETF,5.386,1104820789.0,195835502.0,5.444,5.445,5.376
2023-10-19,510500,中证500ETF,5.321,1441578583.0,257756922.0,5.365,5.393,5.309
2023-10-20,510500,中证500ETF,5.283,1350522109.0,243978901.0,5.301,5.331,5.264
2023-10-23,510500,中证500ETF,5.136,2730233385.0,505711261.0,5.269,5.273,5.117
2023-10-24,510500,中证500ETF,5.2,3327012451.0,613668043.0,5.155,5.215,5.137
2023-10-25,510500,中证500ETF,5.227,1734052334.0,315951907.0,5.242,5.277,5.226
2023-10-26,510500,中证500ETF,5.251,1204548961.0,220579915.0,5.206,5.266,5.19
2023-10-27,510500,中证500ETF,5.355,2229846831.0,401735236.0,5.23,5.374,5.228
2023-10-30,510500,中证500ETF,5.4,1635597914.0,290763365.0,5.335,5.42,5.33
2023-10-31,510500,中证500ETF,5.387,1193302494.0,212299768.0,5.398,5.409,5.361
2023-11-01,510500,中证500ETF,5.375,682839727.0,121710894.0,5.413,5.413,5.351
2023-11-02,510500,中证500ETF,5.324,809851892.0,144900219.0,5.38,5.398,5.319
2023-11-03,510500,中证500ETF,5.365,1974546863.0,351771209.0,5.325,5.402,5.324
2023-11-06,510500,中证500ETF,5.46,2303258966.0,404905375.0,5.4,5.467,5.4
2023-11-07,510500,中证500ETF,5.469,1135660661.0,199187843.0,5.447,5.493,5.437
2023-11-08,510500,中证500ETF,5.465,1197799593.0,209841519.0,5.46,5.493,5.438
2023-11-09,510500,中证500ETF,5.453,1207443585.0,211794007.0,5.46,5.503,5.44
2023-11-10,510500,中证500ETF,5.433,1147581005.0,202518880.0,5.44,5.441,5.407
2023-11-13,510500,中证500ETF,5.464,1284047766.0,226143951.0,5.44,5.467,5.418
2023-11-14,510500,中证500ETF,5.488,1375112983.0,240446325.0,5.464,5.5,5.455
2023-11-15,510500,中证500ETF,5.525,1259417788.0,218542945.0,5.533,5.551,5.507
2023-11-16,510500,中证500ETF,5.467,985662358.0,172044133.0,5.512,5.515,5.465
2023-11-17,510500,中证500ETF,5.486,1181257982.0,206916279.0,5.449,5.488,5.447
2023-11-20,510500,中证500ETF,5.518,1230682071.0,214658754.0,5.489,5.532,5.462
2023-11-21,510500,中证500ETF,5.501,984121338.0,170574268.0,5.529,5.559,5.489
2023-11-22,510500,中证500ETF,5.428,1439011385.0,252113494.0,5.482,5.503,5.426
2023-11-23,510500,中证500ETF,5.479,1289509832.0,226519246.0,5.421,5.489,5.4
2023-11-24,510500,中证500ETF,5.433,1911176710.0,336445563.0,5.48,5.48,5.412
2023-11-27,510500,中证500ETF,5.419,985194828.0,174435221.0,5.418,5.439,5.382
2023-11-28,510500,中证500ETF,5.445,1007063990.0,178045769.0,5.416,5.455,5.378
2023-11-29,510500,中证500ETF,5.416,697041350.0,122994324.0,5.44,5.449,5.4
2023-11-30,510500,中证500ETF,5.397,940425344.0,167008893.0,5.415,5.417,5.36
2023-12-01,510500,中证500ETF,5.424,838384283.0,148748725.0,5.391,5.437,5.373
2023-12-04,510500,中证500ETF,5.412,887198376.0,156572665.0,5.427,5.448,5.411
2023-12-05,510500,中证500ETF,5.325,1017329288.0,181560826.0,5.4,5.4,5.321
2023-12-06,510500,中证500ETF,5.337,1062133386.0,190433199.0,5.318,5.374,5.302
2023-12-07,510500,中证500ETF,5.342,1435752959.0,257899824.0,5.328,5.362,5.293
2023-12-08,510500,中证500ETF,5.354,1400010203.0,250044105.0,5.34,5.38,5.337
2023-12-11,510500,中证500ETF,5.416,2264477778.0,403114528.0,5.329,5.437,5.291
2023-12-12,510500,中证500ETF,5.426,1026398177.0,181481656.0,5.41,5.431,5.399
2023-12-13,510500,中证500ETF,5.367,1196368682.0,212535853.0,5.417,5.417,5.359
2023-12-14,510500,中证500ETF,5.348,1583535248.0,281872693.0,5.386,5.418,5.337
2023-12-15,510500,中证500ETF,5.304,1931426648.0,347047229.0,5.36,5.376,5.287
2023-12-18,510500,中证500ETF,5.243,1036538009.0,188401013.0,5.28,5.305,5.233
2023-12-19,510500,中证500ETF,5.234,1297960196.0,237321487.0,5.243,5.265,5.201
2023-12-20,510500,中证500ETF,5.172,1050928791.0,193387015.0,5.242,5.246,5.166
2023-12-21,510500,中证500ETF,5.186,1757574800.0,325304623.0,5.15,5.211,5.109
2023-12-22,510500,中证500ETF,5.17,1815424437.0,335688525.0,5.181,5.221,5.143
2023-12-25,510500,中证500ETF,5.163,1697294843.0,313964385.0,5.168,5.197,5.138
2023-12-26,510500,中证500ETF,5.116,1362422437.0,254351034.0,5.16,5.162,5.09
2023-12-27,510500,中证500ETF,5.132,1375160915.0,256857152.0,5.119,5.147,5.081
2023-12-28,510500,中证500ETF,5.235,1900033209.0,348719375.0,5.131,5.253,5.121
2023-12-29,510500,中证500ETF,5.279,1496527264.0,271335651.0,5.238,5.295,5.231
2024-01-02,510500,中证500ETF,5.257,1705665321.0,309257247.0,5.284,5.29,5.252
2024-01-03,510500,中证500ETF,5.25,1238302777.0,225549747.0,5.25,5.277,5.221
2024-01-04,510500,中证500ETF,5.206,1495540700.0,274755534.0,5.251,5.255,5.177
2024-01-05,510500,中证500ETF,5.136,1099041995.0,203198730.0,5.198,5.223,5.116
2024-01-08,510500,中证500ETF,5.01,1547033096.0,292271227.0,5.121,5.124,5.008
2024-01-09,510500,中证500ETF,5.022,1169642672.0,222079452.0,5.012,5.069,4.998
2024-01-10,510500,中证500ETF,5.009,1101714579.0,209654218.0,5.004,5.063,4.96
2024-01-11,510500,中证500ETF,5.072,1426398489.0,269530893.0,5.0,5.095,4.995
2024-01-12,510500,中证500ETF,5.052,1265314829.0,237771181.0,5.055,5.118,5.049
2024-01-15,510500,中证500ETF,5.039,834370669.0,157741469.0,5.035,5.093,5.014
2024-01-16,510500,中证500ETF,5.034,1256028405.0,239041191.0,5.026,5.057,4.97
2024-01-17,510500,中证500ETF,4.901,1032494763.0,198166086.0,5.014,5.022,4.898
2024-01-18,510500,中证500ETF,4.906,2412324445.0,476078766.0,4.896,4.913,4.762
2024-01-19,510500,中证500ETF,4.866,1639168635.0,319621772.0,4.879,4.922,4.855
2024-01-22,510500,中证500ETF,4.63,1858414199.0,374553505.0,4.848,4.855,4.58
2024-01-23,510500,中证500ETF,4.708,1623833912.0,330990310.0,4.604,4.731,4.561
2024-01-24,510500,中证500ETF,4.778,1704636315.0,344663680.0,4.711,4.786,4.599
2024-01-25,510500,中证500ETF,4.926,1755492249.0,344570007.0,4.778,4.929,4.736
2024-01-26,510500,中证500ETF,4.869,1497872820.0,291476644.0,4.905,4.928,4.851
2024-01-29,510500,中证500ETF,4.773,993868410.0,196604220.0,4.875,4.895,4.772
2024-01-30,510500,中证500ETF,4.671,937038152.0,188573563.0,4.753,4.787,4.648
2024-01-31,510500,中证500ETF,4.543,1675014482.0,347048353.0,4.66,4.678,4.536
2024-02-01,510500,中证500ETF,4.525,1665132154.0,348202485.0,4.516,4.616,4.469
2024-02-02,510500,中证500ETF,4.397,1800219345.0,384502313.0,4.524,4.571,4.264
2024-02-05,510500,中证500ETF,4.295,16081415892.0,3513023777.0,4.38,4.44,4.111
2024-02-06,510500,中证500ETF,4.673,4861999738.0,1028044408.0,4.243,4.69,4.225
2024-02-07,510500,中证500ETF,4.985,6790668059.0,1324032575.0,4.701,4.995,4.663
2024-02-08,510500,中证500ETF,5.009,8678055731.0,1620518153.0,5.057,5.235,4.975
2024-02-19,510500,中证500ETF,4.975,8095394399.0,1551275500.0,5.06,5.06,4.905
2024-02-20,510500,中证500ETF,4.975,2473894419.0,476352534.0,4.946,4.988,4.909
2024-02-21,510500,中证500ETF,4.972,3156024197.0,600090064.0,4.941,5.1,4.925
2024-02-22,510500,中证500ETF,5.017,1542814976.0,294842333.0,4.972,5.03,4.955
2024-02-23,510500,中证500ETF,5.041,1689915433.0,322514001.0,5.019,5.043,4.954
2024-02-26,510500,中证500ETF,5.031,2047977912.0,386846763.0,5.03,5.101,5.001
2024-02-27,510500,中证500ETF,5.158,1958600148.0,367087177.0,5.02,5.16,5.005
2024-02-28,510500,中证500ETF,5.019,2584556893.0,480342901.0,5.159,5.232,5.017
2024-02-29,510500,中证500ETF,5.191,3414044458.0,634747231.0,5.001,5.204,5.001
2024-03-01,510500,中证500ETF,5.227,1818468534.0,334137323.0,5.183,5.238,5.166
2024-03-04,510500,中证500ETF,5.225,2365113919.0,434066307.0,5.221,5.245,5.163
2024-03-05,510500,中证500ETF,5.198,7835337665.0,1437463361.0,5.194,5.235,5.179
2024-03-06,510500,中证500ETF,5.193,1739577363.0,319771339.0,5.19,5.256,5.142
2024-03-07,510500,中证500ETF,5.123,1355027777.0,250232901.0,5.192,5.234,5.117
2024-03-08,510500,中证500ETF,5.194,1647750286.0,305053565.0,5.13,5.213,5.113
2024-03-11,510500,中证500ETF,5.296,2185225020.0,399184080.0,5.192,5.299,5.183
2024-03-12,510500,中证500ETF,5.265,2302873871.0,417768877.0,5.295,5.324,5.228
2024-03-13,510500,中证500ETF,5.257,1909456399.0,346804749.0,5.266,5.309,5.23
2024-03-14,510500,中证500ETF,5.234,1744951635.0,318194497.0,5.248,5.291,5.193
2024-03-15,510500,中证500ETF,5.309,2803900784.0,511545115.0,5.223,5.31,5.197
2024-03-18,510500,中证500ETF,5.38,1802999075.0,323205440.0,5.312,5.384,5.301
2024-03-19,510500,中证500ETF,5.321,1540655668.0,275607204.0,5.37,5.375,5.317
2024-03-20,510500,中证500ETF,5.335,1048538572.0,188309128.0,5.322,5.351,5.303
2024-03-21,510500,中证500ETF,5.308,1354248800.0,243439887.0,5.348,5.359,5.297
2024-03-22,510500,中证500ETF,5.225,1352646428.0,246963313.0,5.307,5.308,5.197
2024-03-25,510500,中证500ETF,5.144,1470479128.0,270556209.0,5.219,5.245,5.134
2024-03-26,510500,中证500ETF,5.12,2550111826.0,475166784.0,5.146,5.168,5.085
2024-03-27,510500,中证500ETF,4.996,1803119168.0,340223481.0,5.118,5.118,4.993
2024-03-28,510500,中证500ETF,5.063,1885426261.0,355523602.0,4.999,5.121,4.999
2024-03-29,510500,中证500ETF,5.131,2042485157.0,383143358.0,5.055,5.135,5.048
2024-04-01,510500,中证500ETF,5.244,2217313497.0,406410272.0,5.147,5.253,5.146
2024-04-02,510500,中证500ETF,5.222,1812871679.0,332181348.0,5.243,5.249,5.191
2024-04-03,510500,中证500ETF,5.219,2167619898.0,397798545.0,5.216,5.226,5.188
2024-04-08,510500,中证500ETF,5.139,1785032805.0,329327164.0,5.21,5.225,5.135
2024-04-09,510500,中证500ETF,5.184,964306442.0,178672125.0,5.134,5.186,5.129
2024-04-10,510500,中证500ETF,5.121,1061909146.0,197575440.0,5.181,5.181,5.08
2024-04-11,510500,中证500ETF,5.146,1641704048.0,303801038.0,5.096,5.201,5.085
2024-04-12,510500,中证500ETF,5.117,1679792228.0,312291283.0,5.146,5.185,5.107
2024-04-15,510500,中证500ETF,5.188,1702167108.0,315115758.0,5.11,5.224,5.063
2024-04-16,510500,中证500ETF,5.04,2085941389.0,390514610.0,5.156,5.189,5.023
2024-04-17,510500,中证500ETF,5.181,2058459036.0,383342457.0,5.048,5.184,5.048
2024-04-18,510500,中证500ETF,5.191,1851687972.0,340317599.0,5.17,5.26,5.137
2024-04-19,510500,中证500ETF,5.154,1930070728.0,357334000.0,5.173,5.211,5.13
2024-04-22,510500,中证500ETF,5.109,1052433481.0,195848884.0,5.146,5.19,5.1
2024-04-23,510500,中证500ETF,5.047,1003085449.0,189016313.0,5.108,5.134,5.036
2024-04-24,510500,中证500ETF,5.109,940284676.0,177145409.0,5.056,5.11,5.02
2024-04-25,510500,中证500ETF,5.101,1029843330.0,192666420.0,5.09,5.145,5.07
2024-04-26,510500,中证500ETF,5.221,4329716776.0,797079505.0,5.107,5.235,5.106
2024-04-29,510500,中证500ETF,5.327,3138793820.0,566641471.0,5.229,5.346,5.225
2024-04-30,510500,中证500ETF,5.289,1535170863.0,276703817.0,5.325,5.335,5.286
2024-05-06,510500,中证500ETF,5.374,2877857689.0,512966950.0,5.36,5.39,5.349
2024-05-07,510500,中证500ETF,5.373,1284759439.0,228932748.0,5.37,5.391,5.353
2024-05-08,510500,中证500ETF,5.302,2209922264.0,397556965.0,5.37,5.37,5.298
2024-05-09,510500,中证500ETF,5.403,1671070310.0,297007902.0,5.299,5.423,5.299
2024-05-10,510500,中证500ETF,5.383,2872238383.0,512157859.0,5.407,5.426,5.342
2024-05-13,510500,中证500ETF,5.354,1826421973.0,327222804.0,5.346,5.38,5.308
2024-05-14,510500,中证500ETF,5.348,1503325676.0,268740363.0,5.353,5.396,5.33
2024-05-15,510500,中证500ETF,5.299,1518528125.0,273196924.0,5.348,5.348,5.287
2024-05-16,510500,中证500ETF,5.273,1319818161.0,238365319.0,5.315,5.337,5.255
2024-05-17,510500,中证500ETF,5.351,2813505491.0,515166666.0,5.286,5.354,5.267
2024-05-20,510500,中证500ETF,5.371,2938657577.0,532273637.0,5.354,5.395,5.339
2024-05-21,510500,中证500ETF,5.331,1541428580.0,280856921.0,5.353,5.365,5.311
2024-05-22,510500,中证500ETF,5.325,1257466353.0,229600047.0,5.326,5.34,5.308
2024-05-23,510500,中证500ETF,5.23,2157056181.0,399242188.0,5.312,5.312,5.209
2024-05-24,510500,中证500ETF,5.178,1123114671.0,209220060.0,5.208,5.264,5.171
2024-05-27,510500,中证500ETF,5.23,1295755500.0,242554687.0,5.192,5.234,5.141
2024-05-28,510500,中证500ETF,5.183,1148740742.0,214628386.0,5.224,5.226,5.171
2024-05-29,510500,中证500ETF,5.194,1685053739.0,314356143.0,5.177,5.233,5.172
2024-05-30,510500,中证500ETF,5.183,1082625287.0,202574800.0,5.194,5.222,5.165
2024-05-31,510500,中证500ETF,5.182,1617830981.0,302109474.0,5.194,5.233,5.179
2024-06-03,510500,中证500ETF,5.141,1573165845.0,297309330.0,5.176,5.19,5.1
2024-06-04,510500,中证500ETF,5.212,1236260806.0,231804831.0,5.136,5.229,5.12
2024-06-05,510500,中证500ETF,5.154,995937984.0,186286630.0,5.212,5.22,5.151
2024-06-06,510500,中证500ETF,5.116,1341265379.0,253454271.0,5.171,5.187,5.091
2024-06-07,510500,中证500ETF,5.091,1440518368.0,274324557.0,5.138,5.151,5.059
2024-06-11,510500,中证500ETF,5.103,982239469.0,187721605.0,5.074,5.122,5.046
2024-06-12,510500,中证500ETF,5.118,998194127.0,189393224.0,5.092,5.135,5.09
2024-06-13,510500,中证500ETF,5.091,1024633279.0,195207821.0,5.126,5.13,5.076
2024-06-14,510500,中证500ETF,5.116,1650786376.0,314198375.0,5.082,5.137,5.061
2024-06-17,510500,中证500ETF,5.098,757577688.0,144054083.0,5.094,5.12,5.086
2024-06-18,510500,中证500ETF,5.125,1309362390.0,248072931.0,5.102,5.143,5.102
2024-06-19,510500,中证500ETF,5.071,1033228122.0,197302615.0,5.134,5.139,5.065
2024-06-20,510500,中证500ETF,4.993,900567952.0,173975509.0,5.066,5.082,4.988
2024-06-21,510500,中证500ETF,5.002,1372701498.0,266172134.0,4.986,5.028,4.976
2024-06-24,510500,中证500ETF,4.894,4219239878.0,832073610.0,4.987,4.987,4.883
2024-06-25,510500,中证500ETF,4.85,2717880474.0,541447501.0,4.897,4.912,4.811
2024-06-26,510500,中证500ETF,4.919,1907111299.0,380046941.0,4.839,4.929,4.817
2024-06-27,510500,中证500ETF,4.835,3221419468.0,643405801.0,4.9,4.906,4.831
2024-06-28,510500,中证500ETF,4.843,2085352184.0,414831703.0,4.825,4.912,4.819
2024-07-01,510500,中证500ETF,4.902,1557013366.0,309552714.0,4.843,4.925,4.828
2024-07-02,510500,中证500ETF,4.856,1003940421.0,199828434.0,4.899,4.904,4.837
2024-07-03,510500,中证500ETF,4.813,934475788.0,187512343.0,4.85,4.861,4.807
2024-07-04,510500,中证500ETF,4.742,2514631260.0,510761294.0,4.827,4.836,4.733
2024-07-05,510500,中证500ETF,4.777,1020397247.0,208454223.0,4.737,4.788,4.706
2024-07-08,510500,中证500ETF,4.695,1139285363.0,234362756.0,4.762,4.766,4.678
2024-07-09,510500,中证500ETF,4.783,1665121351.0,340776622.0,4.687,4.804,4.66
2024-07-10,510500,中证500ETF,4.755,934688474.0,189594156.0,4.773,4.804,4.753
2024-07-11,510500,中证500ETF,4.854,1421153966.0,285178608.0,4.811,4.862,4.781
2024-07-12,510500,中证500ETF,4.832,753015882.0,150886840.0,4.846,4.854,4.82
2024-07-15,510500,中证500ETF,4.796,2254993090.0,454559832.0,4.817,4.825,4.787
2024-07-16,510500,中证500ETF,4.813,1082677266.0,218752633.0,4.786,4.829,4.769
2024-07-17,510500,中证500ETF,4.778,3038141458.0,614772692.0,4.809,4.82,4.773
2024-07-18,510500,中证500ETF,4.801,2327743494.0,474545491.0,4.764,4.803,4.713
2024-07-19,510500,中证500ETF,4.793,3056884867.0,617663569.0,4.775,4.825,4.761
2024-07-22,510500,中证500ETF,4.781,1503144331.0,304301393.0,4.795,4.812,4.752
2024-07-23,510500,中证500ETF,4.641,1186496610.0,244209927.0,4.778,4.799,4.639
2024-07-24,510500,中证500ETF,4.584,1550710345.0,325232022.0,4.635,4.656,4.577
2024-07-25,510500,中证500ETF,4.578,1260269705.0,266030282.0,4.571,4.63,4.555
2024-07-26,510500,中证500ETF,4.653,1156705053.0,241519194.0,4.58,4.667,4.579
2024-07-29,510500,中证500ETF,4.623,703462287.0,146991055.0,4.648,4.66,4.62
2024-07-30,510500,中证500ETF,4.619,1113782436.0,233860704.0,4.614,4.636,4.565
2024-07-31,510500,中证500ETF,4.822,2729524972.0,556947116.0,4.619,4.824,4.604
2024-08-01,510500,中证500ETF,4.777,1736710637.0,350412231.0,4.822,4.859,4.753
2024-08-02,510500,中证500ETF,4.711,1094886544.0,223595554.0,4.741,4.802,4.701
2024-08-05,510500,中证500ETF,4.617,2006387779.0,415275119.0,4.687,4.773,4.61
2024-08-06,510500,中证500ETF,4.668,1257819187.0,261612049.0,4.666,4.699,4.613
2024-08-07,510500,中证500ETF,4.67,1153900681.0,239167673.0,4.665,4.709,4.635
2024-08-08,510500,中证500ETF,4.68,1123948107.0,232784771.0,4.658,4.719,4.622
2024-08-09,510500,中证500ETF,4.639,1045691875.0,216709941.0,4.705,4.731,4.636
2024-08-12,510500,中证500ETF,4.641,971596688.0,202717348.0,4.637,4.663,4.614
2024-08-13,510500,中证500ETF,4.651,909001809.0,190088477.0,4.641,4.656,4.598
2024-08-14,510500,中证500ETF,4.584,1028267910.0,216218720.0,4.653,4.653,4.582
2024-08-15,510500,中证500ETF,4.621,2568201561.0,537135070.0,4.571,4.673,4.567
2024-08-16,510500,中证500ETF,4.593,3772598348.0,793005347.0,4.619,4.633,4.587
2024-08-19,510500,中证500ETF,4.601,1318518497.0,275948225.0,4.588,4.657,4.586
2024-08-20,510500,中证500ETF,4.519,1645311054.0,350860297.0,4.609,4.609,4.505
2024-08-21,510500,中证500ETF,4.51,616166150.0,132002140.0,4.514,4.53,4.504
2024-08-22,510500,中证500ETF,4.454,1862544630.0,402325228.0,4.512,4.52,4.445
2024-08-23,510500,中证500ETF,4.455,729871103.0,158426320.0,4.45,4.473,4.437
2024-08-26,510500,中证500ETF,4.46,465849599.0,100972381.0,4.459,4.482,4.443
2024-08-27,510500,中证500ETF,4.414,1071409551.0,233991849.0,4.444,4.452,4.411
2024-08-28,510500,中证500ETF,4.415,1246905088.0,272342430.0,4.413,4.452,4.402
2024-08-29,510500,中证500ETF,4.479,2017728795.0,436529189.0,4.403,4.502,4.395
2024-08-30,510500,中证500ETF,4.559,3302514338.0,698948005.0,4.475,4.634,4.471
2024-09-02,510500,中证500ETF,4.464,2030627748.0,436203651.0,4.547,4.556,4.462
2024-09-03,510500,中证500ETF,4.513,1371818907.0,294458558.0,4.463,4.537,4.462
2024-09-04,510500,中证500ETF,4.501,1031221663.0,221212081.0,4.487,4.547,4.469
2024-09-05,510500,中证500ETF,4.522,792815040.0,169528240.0,4.527,4.555,4.502
2024-09-06,510500,中证500ETF,4.458,1052496941.0,226819157.0,4.537,4.54,4.451
2024-09-09,510500,中证500ETF,4.425,827354731.0,180337389.0,4.447,4.467,4.408
2024-09-10,510500,中证500ETF,4.423,1261403388.0,277534623.0,4.434,4.45,4.347
2024-09-11,510500,中证500ETF,4.435,820704028.0,179262141.0,4.403,4.451,4.396
2024-09-12,510500,中证500ETF,4.417,1114419442.0,242441588.0,4.443,4.492,4.413
2024-09-13,510500,中证500ETF,4.369,846641887.0,185817537.0,4.421,4.43,4.367
2024-09-18,510500,中证500ETF,4.384,946728410.0,210092352.0,4.374,4.397,4.31
2024-09-19,510500,中证500ETF,4.447,1972744331.0,429681415.0,4.393,4.491,4.353
2024-09-20,510500,中证500ETF,4.415,1210706857.0,265126032.0,4.432,4.437,4.389
2024-09-23,510500,中证500ETF,4.414,1147856830.0,250389410.0,4.406,4.47,4.397
2024-09-24,510500,中证500ETF,4.626,4049151593.0,862258625.0,4.467,4.627,4.426
2024-09-25,510500,中证500ETF,4.66,3436075305.0,706931216.0,4.697,4.776,4.648
2024-09-26,510500,中证500ETF,4.908,5826198165.0,1178956988.0,4.642,4.914,4.641
2024-09-27,510500,中证500ETF,5.34,3254160732.0,619922303.0,4.99,5.413,4.952
2024-09-30,510500,中证500ETF,5.842,11428173744.0,1986237264.0,5.636,5.889,5.348
2024-10-08,510500,中证500ETF,6.093,16143442550.0,2569826706.0,6.442,6.442,5.843
2024-10-09,510500,中证500ETF,5.71,8146262204.0,1362474439.0,5.888,6.031,5.618
2024-10-10,510500,中证500ETF,5.636,4265719720.0,729227227.0,5.717,5.834,5.546
2024-10-11,510500,中证500ETF,5.403,4410523895.0,786597435.0,5.579,5.599,5.332
2024-10-14,510500,中证500ETF,5.54,4258265624.0,759865177.0,5.417,5.564,5.338
2024-10-15,510500,中证500ETF,5.398,4249769953.0,753137968.0,5.502,5.597,5.387
2024-10-16,510500,中证500ETF,5.393,3180013532.0,572479492.0,5.344,5.491,5.334
2024-10-17,510500,中证500ETF,5.349,3600944227.0,648696583.0,5.423,5.48,5.347
2024-10-18,510500,中证500ETF,5.584,6508900658.0,1139253553.0,5.352,5.778,5.344
2024-10-21,510500,中证500ETF,5.64,4039396269.0,695818015.0,5.608,5.738,5.565
2024-10-22,510500,中证500ETF,5.693,2512260916.0,431980365.0,5.627,5.716,5.606
2024-10-23,510500,中证500ETF,5.716,2869287064.0,487225036.0,5.693,5.803,5.666
2024-10-24,510500,中证500ETF,5.665,2047595636.0,352188600.0,5.685,5.699,5.63
2024-10-25,510500,中证500ETF,5.754,2279652915.0,387343220.0,5.675,5.792,5.668
2024-10-28,510500,中证500ETF,5.822,3164122317.0,532102890.0,5.747,5.825,5.723
2024-10-29,510500,中证500ETF,5.763,3594788619.0,604760363.0,5.837,5.86,5.743
2024-10-30,510500,中证500ETF,5.781,4100942113.0,693021723.0,5.746,5.814,5.713
2024-10-31,510500,中证500ETF,5.847,3733061867.0,624241297.0,5.773,5.892,5.749
2024-11-01,510500,中证500ETF,5.793,2334815277.0,391125913.0,5.838,5.874,5.743
2024-11-04,510500,中证500ETF,5.88,1607401489.0,268483775.0,5.793,5.882,5.789
2024-11-05,510500,中证500ETF,6.063,3534847123.0,575097850.0,5.881,6.087,5.851
2024-11-06,510500,中证500ETF,6.07,3130969726.0,501323548.0,6.067,6.154,6.027
2024-11-07,510500,中证500ETF,6.19,2740324323.0,438040030.0,6.037,6.197,6.017
2024-11-08,510500,中证500ETF,6.173,3581736098.0,562358322.0,6.248,6.285,6.152
2024-11-11,510500,中证500ETF,6.279,3121900349.0,490475345.0,6.133,6.282,6.129
2024-11-12,510500,中证500ETF,6.219,2783409078.0,434782686.0,6.287,6.329,6.156
2024-11-13,510500,中证500ETF,6.2,1780235956.0,281638596.0,6.181,6.223,6.108
2024-11-14,510500,中证500ETF,6.028,3248174939.0,520791857.0,6.19,6.19,6.017
2024-11-15,510500,中证500ETF,5.868,4604995527.0,754145798.0,6.016,6.041,5.866
2024-11-18,510500,中证500ETF,5.778,3866600959.0,645407281.0,5.877,5.915,5.738
2024-11-19,510500,中证500ETF,5.871,4200800286.0,703941083.0,5.781,5.876,5.721
2024-11-20,510500,中证500ETF,5.932,3258601169.0,538751198.0,5.857,5.956,5.837
2024-11-21,510500,中证500ETF,5.927,1149490700.0,189321420.0,5.921,5.951,5.881
2024-11-22,510500,中证500ETF,5.687,1567370019.0,263317898.0,5.915,5.921,5.683
2024-11-25,510500,中证500ETF,5.672,1330469443.0,228601112.0,5.702,5.712,5.604
2024-11-26,510500,中证500ETF,5.632,1105373414.0,189972212.0,5.657,5.71,5.627
2024-11-27,510500,中证500ETF,5.743,1974646675.0,340214303.0,5.629,5.754,5.547
2024-11-28,510500,中证500ETF,5.705,1542257518.0,262295044.0,5.736,5.765,5.686
2024-11-29,510500,中证500ETF,5.791,2400334450.0,404434611.0,5.7,5.85,5.678
2024-12-02,510500,中证500ETF,5.883,2198082089.0,365344838.0,5.793,5.909,5.786
2024-12-03,510500,中证500ETF,5.873,1786279165.0,297041058.0,5.885,5.905,5.824
2024-12-04,510500,中证500ETF,5.828,1582832037.0,264341826.0,5.867,5.889,5.795
2024-12-05,510500,中证500ETF,5.845,1170127566.0,195504675.0,5.812,5.869,5.795
2024-12-06,510500,中证500ETF,5.923,3246628869.0,535886213.0,5.843,5.965,5.815
2024-12-09,510500,中证500ETF,5.89,2440193600.0,403153405.0,5.922,5.945,5.851
2024-12-10,510500,中证500ETF,5.942,3428981363.0,555232638.0,6.127,6.13,5.924
2024-12-11,510500,中证500ETF,5.988,3442316136.0,561392321.0,5.928,6.0,5.925
2024-12-12,510500,中证500ETF,6.044,2651723763.0,429346652.0,5.987,6.063,5.97
2024-12-13,510500,中证500ETF,5.946,4752739365.0,777919598.0,5.985,6.008,5.927
2024-12-16,510500,中证500ETF,5.852,2728886124.0,453326426.0,5.937,5.944,5.833
2024-12-17,510500,中证500ETF,5.788,2629190849.0,441230110.0,5.848,5.865,5.779
2024-12-18,510500,中证500ETF,5.826,1596610199.0,266987395.0,5.802,5.865,5.787
2024-12-19,510500,中证500ETF,5.844,1940603791.0,325478448.0,5.778,5.863,5.754
2024-12-20,510500,中证500ETF,5.856,2494039595.0,414464259.0,5.834,5.897,5.826
2024-12-23,510500,中证500ETF,5.762,2789552324.0,468194897.0,5.857,5.872,5.758
2024-12-24,510500,中证500ETF,5.829,2660178402.0,446985355.0,5.763,5.838,5.762
2024-12-25,510500,中证500ETF,5.779,2862134190.0,482639295.0,5.83,5.83,5.731
2024-12-26,510500,中证500ETF,5.824,1637401616.0,274246605.0,5.779,5.835,5.774
2024-12-27,510500,中证500ETF,5.838,1851891986.0,307620621.0,5.814,5.922,5.814
2024-12-30,510500,中证500ETF,5.836,1131333792.0,188724543.0,5.835,5.868,5.805
2024-12-31,510500,中证500ETF,5.658,4398943159.0,747737923.0,5.836,5.846,5.655
2025-01-02,510500,中证500ETF,5.484,2480093177.0,435166500.0,5.654,5.656,5.426
2025-01-03,510500,中证500ETF,5.37,2491017173.0,446132968.0,5.479,5.512,5.351
2025-01-06,510500,中证500ETF,5.357,1820016062.0,330231052.0,5.362,5.415,5.318
2025-01-07,510500,中证500ETF,5.415,2245699727.0,405535979.0,5.358,5.416,5.331
2025-01-08,510500,中证500ETF,5.392,2328052709.0,423665525.0,5.397,5.439,5.257
2025-01-09,510500,中证500ETF,5.388,1491120294.0,268438973.0,5.372,5.426,5.368
2025-01-10,510500,中证500ETF,5.306,1274891586.0,231356509.0,5.384,5.433,5.303
2025-01-13,510500,中证500ETF,5.315,1630045186.0,298582680.0,5.258,5.356,5.257
2025-01-14,510500,中证500ETF,5.502,2806795065.0,501649585.0,5.328,5.522,5.303
2025-01-15,510500,中证500ETF,5.457,2446449508.0,435364545.0,5.492,5.499,5.446
2025-01-16,510500,中证500ETF,5.475,2819882907.0,506827011.0,5.48,5.571,5.438
2025-01-17,510500,中证500ETF,5.519,1535603875.0,275550483.0,5.448,5.559,5.448
2025-01-20,510500,中证500ETF,5.546,1821892696.0,323408071.0,5.553,5.604,5.531
2025-01-21,510500,中证500ETF,5.566,1934419704.0,345043012.0,5.568,5.583,5.505
2025-01-22,510500,中证500ETF,5.545,1794710245.0,321269528.0,5.549,5.557,5.497
2025-01-23,510500,中证500ETF,5.522,2375722731.0,419264125.0,5.588,5.662,5.518
2025-01-24,510500,中证500ETF,5.59,2819548146.0,500924071.0,5.507,5.601,5.506
2025-01-27,510500,中证500ETF,5.523,2744942030.0,488396060.0,5.597,5.613,5.52
2025-02-05,510500,中证500ETF,5.546,1480763405.0,263992775.0,5.576,5.581,5.52
2025-02-06,510500,中证500ETF,5.678,2663508308.0,467260696.0,5.536,5.687,5.528
2025-02-07,510500,中证500ETF,5.769,2818592532.0,484232327.0,5.682,5.834,5.672
2025-02-10,510500,中证500ETF,5.82,2387778587.0,406918921.0,5.781,5.829,5.768
2025-02-11,510500,中证500ETF,5.797,1585641173.0,271155296.0,5.819,5.837,5.757
2025-02-12,510500,中证500ETF,5.874,1541475241.0,261595754.0,5.777,5.881,5.777
2025-02-13,510500,中证500ETF,5.845,1678707512.0,283625467.0,5.872,5.893,5.824
2025-02-14,510500,中证500ETF,5.891,1916674593.0,323112921.0,5.829,5.9,5.824
2025-02-17,510500,中证500ETF,5.882,2194014236.0,369269204.0,5.911,5.92,5.838
2025-02-18,510500,中证500ETF,5.782,1795712483.0,304785110.0,5.861,5.885,5.748
2025-02-19,510500,中证500ETF,5.875,1884120477.0,318779719.0,5.771,5.883,5.768
2025-02-20,510500,中证500ETF,5.89,2270456530.0,382124186.0,5.873,5.913,5.852
2025-02-21,510500,中证500ETF,5.992,2037072442.0,338448705.0,5.905,6.006,5.877
2025-02-24,510500,中证500ETF,5.974,2436370003.0,403427452.0,5.986,6.008,5.937
2025-02-25,510500,中证500ETF,5.911,1681769102.0,280977591.0,5.925,5.973,5.893
2025-02-26,510500,中证500ETF,5.983,2018403953.0,335621096.0,5.925,5.994,5.903
2025-02-27,510500,中证500ETF,5.967,1805331282.0,301350152.0,5.972,5.996,5.877
2025-02-28,510500,中证500ETF,5.805,1860658637.0,314082054.0,5.929,5.938,5.785
2025-03-03,510500,中证500ETF,5.815,1636751973.0,277348961.0,5.805,5.902,5.789
2025-03-04,510500,中证500ETF,5.867,1196761452.0,202635722.0,5.777,5.882,5.77
2025-03-05,510500,中证500ETF,5.882,1451561058.0,245455110.0,5.87,5.892,5.819
2025-03-06,510500,中证500ETF,5.977,2427285085.0,402933950.0,5.908,6.003,5.904
2025-03-07,510500,中证500ETF,5.951,1902207429.0,315709562.0,5.959,5.998,5.925
2025-03-10,510500,中证500ETF,5.944,2005008698.0,334587808.0,5.946,5.969,5.899
2025-03-11,510500,中证500ETF,5.974,971469704.0,161729477.0,5.884,5.977,5.881
2025-03-12,510500,中证500ETF,5.978,1240478759.0,204749208.0,5.987,6.036,5.969
2025-03-13,510500,中证500ETF,5.927,1272302671.0,212590985.0,5.968,5.986,5.878
2025-03-14,510500,中证500ETF,6.036,2926419789.0,482488518.0,5.93,6.038,5.91
2025-03-17,510500,中证500ETF,6.038,2340981399.0,383562715.0,6.048,6.059,6.025
2025-03-18,510500,中证500ETF,6.064,1095806443.0,178653636.0,6.05,6.104,6.046
2025-03-19,510500,中证500ETF,6.04,919429405.0,150833511.0,6.053,6.064,6.006
2025-03-20,510500,中证500ETF,5.998,1594149941.0,262395578.0,6.037,6.043,5.993
2025-03-21,510500,中证500ETF,5.906,1474689686.0,245573684.0,5.971,6.004,5.888
2025-03-24,510500,中证500ETF,5.899,1374750333.0,231564047.0,5.908,5.917,5.821
2025-03-25,510500,中证500ETF,5.879,1177150085.0,197802028.0,5.895,5.922,5.859
2025-03-26,510500,中证500ETF,5.879,1142262402.0,191807836.0,5.871,5.921,5.871
2025-03-27,510500,中证500ETF,5.894,1263097664.0,212254492.0,5.875,5.938,5.822
2025-03-28,510500,中证500ETF,5.847,1183363151.0,199554199.0,5.891,5.91,5.835
2025-03-31,510500,中证500ETF,5.792,1063186183.0,181796333.0,5.819,5.846,5.734
2025-04-01,510500,中证500ETF,5.824,1026747613.0,174093133.0,5.802,5.868,5.797
2025-04-02,510500,中证500ETF,5.831,1053759698.0,178423293.0,5.817,5.876,5.807
2025-04-03,510500,中证500ETF,5.78,1559214350.0,266477150.0,5.783,5.845,5.754
2025-04-07,510500,中证500ETF,5.218,2499811986.0,461780129.0,5.558,5.6,5.196
2025-04-08,510500,中证500ETF,5.251,16017733231.0,3028565373.0,5.25,5.309,5.188
2025-04-09,510500,中证500ETF,5.366,1884304821.0,353824955.0,5.193,5.395,5.077
2025-04-10,510500,中证500ETF,5.473,1483750239.0,266981767.0,5.441,5.547,5.439
2025-04-11,510500,中证500ETF,5.511,1236321251.0,222074304.0,5.448,5.566,5.447
2025-04-14,510500,中证500ETF,5.555,1209079466.0,215062682.0,5.553,5.59,5.538
2025-04-15,510500,中证500ETF,5.532,1793626903.0,320738512.0,5.553,5.557,5.5
2025-04-16,510500,中证500ETF,5.483,3691591486.0,666182501.0,5.496,5.519,5.428
2025-04-17,510500,中证500ETF,5.486,1253290436.0,224761713.0,5.462,5.541,5.458
2025-04-18,510500,中证500ETF,5.488,1636662118.0,295068366.0,5.478,5.514,5.457
2025-04-21,510500,中证500ETF,5.57,1439589215.0,256758926.0,5.482,5.579,5.46
2025-04-22,510500,中证500ETF,5.555,806534644.0,143407362.0,5.557,5.583,5.545
2025-04-23,510500,中证500ETF,5.566,1314640511.0,233167056.0,5.577,5.621,5.546
2025-04-24,510500,中证500ETF,5.543,901148308.0,160589173.0,5.566,5.582,5.515
2025-04-25,510500,中证500ETF,5.559,1148698743.0,204146305.0,5.548,5.6,5.53
2025-04-28,510500,中证500ETF,5.533,1134081377.0,202601661.0,5.558,5.563,5.514
2025-04-29,510500,中证500ETF,5.536,698290015.0,124737396.0,5.508,5.56,5.502
2025-04-30,510500,中证500ETF,5.564,1167228382.0,207391183.0,5.536,5.58,5.535
2025-05-06,510500,中证500ETF,5.671,1060283652.0,185691857.0,5.593,5.673,5.591
2025-05-07,510500,中证500ETF,5.681,1284514400.0,223210103.0,5.736,5.783,5.646
2025-05-08,510500,中证500ETF,5.705,1319178643.0,228896037.0,5.667,5.723,5.662
2025-05-09,510500,中证500ETF,5.658,965835125.0,168633554.0,5.698,5.699,5.638
2025-05-12,510500,中证500ETF,5.73,984666611.0,170595269.0,5.683,5.735,5.675
2025-05-13,510500,中证500ETF,5.716,1144635055.0,197788578.0,5.763,5.764,5.702
2025-05-14,510500,中证500ETF,5.736,1396705066.0,241313500.0,5.713,5.777,5.684
2025-05-15,510500,中证500ETF,5.659,1103318487.0,192303290.0,5.719,5.725,5.648
2025-05-16,510500,中证500ETF,5.649,1002830482.0,175381574.0,5.644,5.673,5.641
2025-05-19,510500,中证500ETF,5.663,803451383.0,141052031.0,5.648,5.668,5.603
2025-05-20,510500,中证500ETF,5.687,669425913.0,116750308.0,5.666,5.702,5.64
2025-05-21,510500,中证500ETF,5.694,476263694.0,82851094.0,5.677,5.702,5.669
2025-05-22,510500,中证500ETF,5.649,797381638.0,139303325.0,5.671,5.703,5.642
2025-05-23,510500,中证500ETF,5.6,1088161888.0,190886125.0,5.645,5.685,5.598
2025-05-26,510500,中证500ETF,5.609,954266761.0,168177906.0,5.595,5.642,5.583
2025-05-27,510500,中证500ETF,5.595,1175296180.0,207955003.0,5.61,5.616,5.571
2025-05-28,510500,中证500ETF,5.585,732201615.0,129650353.0,5.595,5.608,5.572
2025-05-29,510500,中证500ETF,5.665,1830963971.0,320495576.0,5.588,5.677,5.587
2025-05-30,510500,中证500ETF,5.632,1903678351.0,334540716.0,5.648,5.649,5.609
2025-06-03,510500,中证500ETF,5.641,784046928.0,137506282.0,5.618,5.668,5.604
2025-06-04,510500,中证500ETF,5.687,629142475.0,109525276.0,5.642,5.701,5.642
2025-06-05,510500,中证500ETF,5.722,972358271.0,168585819.0,5.694,5.737,5.671
2025-06-06,510500,中证500ETF,5.723,584109624.0,101074678.0,5.721,5.732,5.708
2025-06-09,510500,中证500ETF,5.763,1141617121.0,195862239.0,5.733,5.79,5.727
2025-06-10,510500,中证500ETF,5.715,1055334689.0,182537929.0,5.763,5.767,5.68
2025-06-11,510500,中证500ETF,5.752,1341105615.0,230379588.0,5.715,5.786,5.715
2025-06-12,510500,中证500ETF,5.763,536522932.0,92233683.0,5.747,5.773,5.724
2025-06-13,510500,中证500ETF,5.714,923057935.0,159690275.0,5.752,5.76,5.692
2025-06-16,510500,中证500ETF,5.735,1044674832.0,180202095.0,5.693,5.75,5.693
2025-06-17,510500,中证500ETF,5.723,1292161009.0,223506684.0,5.74,5.746,5.707
2025-06-18,510500,中证500ETF,5.714,865530177.0,150132837.0,5.724,5.728,5.678
2025-06-19,510500,中证500ETF,5.656,1264678283.0,220272397.0,5.701,5.723,5.633
2025-06-20,510500,中证500ETF,5.617,1842188941.0,323643966.0,5.651,5.667,5.616
2025-06-23,510500,中证500ETF,5.65,1093216921.0,191781435.0,5.606,5.664,5.599
2025-06-24,510500,中证500ETF,5.742,2225227275.0,384287385.0,5.661,5.746,5.661
2025-06-25,510500,中证500ETF,5.851,2183573155.0,372460096.0,5.75,5.857,5.746
2025-06-26,510500,中证500ETF,5.826,1384474054.0,234396301.0,5.843,5.864,5.823
2025-06-27,510500,中证500ETF,5.848,1320386698.0,222940718.0,5.832,5.896,5.823
2025-06-30,510500,中证500ETF,5.901,1454432701.0,244497355.0,5.855,5.906,5.854
2025-07-01,510500,中证500ETF,5.92,823912323.0,138236116.0,5.888,5.922,5.872
2025-07-02,510500,中证500ETF,5.885,771494842.0,129745489.0,5.899,5.904,5.867
2025-07-03,510500,中证500ETF,5.909,713616283.0,119755809.0,5.885,5.916,5.873
2025-07-04,510500,中证500ETF,5.901,971146047.0,162617761.0,5.896,5.963,5.878
2025-07-07,510500,中证500ETF,5.889,468406804.0,78703810.0,5.895,5.904,5.879
2025-07-08,510500,中证500ETF,5.969,1006809209.0,167485029.0,5.889,5.977,5.886
2025-07-09,510500,中证500ETF,5.943,923228818.0,153195981.0,5.97,5.982,5.938
2025-07-10,510500,中证500ETF,5.976,785483340.0,130324299.0,5.943,5.999,5.935
2025-07-11,510500,中证500ETF,6.028,1516911950.0,249118484.0,5.973,6.063,5.955
2025-07-14,510500,中证500ETF,6.017,711140340.0,116852000.0,6.026,6.037,6.008
2025-07-15,510500,中证500ETF,6.015,959703847.0,158264921.0,6.004,6.049,5.967
2025-07-16,510500,中证500ETF,6.014,999719287.0,164137854.0,6.012,6.066,5.993
2025-07-17,510500,中证500ETF,6.084,722766909.0,118106788.0,6.013,6.086,6.007
2025-07-18,510500,中证500ETF,6.103,990926837.0,160824639.0,6.086,6.121,6.073
2025-07-21,510500,中证500ETF,6.164,1584067722.0,255011021.0,6.109,6.166,6.108
2025-07-22,510500,中证500ETF,6.23,1399576972.0,223778742.0,6.167,6.233,6.156
2025-07-23,510500,中证500ETF,6.208,1765155846.0,280302729.0,6.233,6.272,6.196
2025-07-24,510500,中证500ETF,6.301,1309140764.0,207037047.0,6.196,6.306,6.195
2025-07-25,510500,中证500ETF,6.303,2019458361.0,317569211.0,6.305,6.315,6.277
2025-07-28,510500,中证500ETF,6.329,1286667623.0,201757214.0,6.303,6.341,6.274
2025-07-29,510500,中证500ETF,6.369,1358964395.0,213192947.0,6.313,6.37,6.273
2025-07-30,510500,中证500ETF,6.327,1210134625.0,188924625.0,6.346,6.379,6.278
2025-07-31,510500,中证500ETF,6.235,1258229121.0,198600924.0,6.3,6.327,6.211
2025-08-01,510500,中证500ETF,6.225,995403322.0,158195598.0,6.218,6.266,6.188
2025-08-04,510500,中证500ETF,6.273,657137127.0,104370675.0,6.197,6.274,6.19
2025-08-05,510500,中证500ETF,6.314,766954450.0,120672484.0,6.276,6.316,6.276
2025-08-06,510500,中证500ETF,6.366,1102525817.0,171976510.0,6.284,6.372,6.284
2025-08-07,510500,中证500ETF,6.346,1035267177.0,161728379.0,6.366,6.381,6.304
2025-08-08,510500,中证500ETF,6.335,662662808.0,103603518.0,6.317,6.36,6.313
2025-08-11,510500,中证500ETF,6.402,1079316755.0,167228775.0,6.341,6.422,6.341
2025-08-12,510500,中证500ETF,6.435,689378657.0,106531798.0,6.404,6.436,6.377
2025-08-13,510500,中证500ETF,6.52,1174102338.0,179270542.0,6.444,6.534,6.438
2025-08-14,510500,中证500ETF,6.452,1465281352.0,223896912.0,6.499,6.535,6.427
2025-08-15,510500,中证500ETF,6.596,1514607500.0,229116702.0,6.439,6.601,6.432
2025-08-18,510500,中证500ETF,6.686,2824740779.0,418683346.0,6.626,6.739,6.596
2025-08-19,510500,中证500ETF,6.671,2123688222.0,314765492.0,6.686,6.724,6.649
2025-08-20,510500,中证500ETF,6.762,2280535527.0,337660021.0,6.652,6.764,6.605
2025-08-21,510500,中证500ETF,6.724,2028278817.0,298330596.0,6.774,6.794,6.697
2025-08-22,510500,中证500ETF,6.853,5802812523.0,843778501.0,6.723,6.859,6.723
2025-08-25,510500,中证500ETF,6.975,6170751765.0,881486774.0,6.9,7.003,6.882
2025-08-26,510500,中证500ETF,6.986,3516687986.0,498846423.0,6.948,7.04,6.933
2025-08-27,510500,中证500ETF,6.891,3059376522.0,432327211.0,6.984,7.098,6.882
2025-08-28,510500,中证500ETF,7.042,2728207393.0,389526236.0,6.891,7.046,6.821
2025-08-29,510500,中证500ETF,7.079,2486113434.0,349461915.0,7.032,7.118,7.007
2025-09-01,510500,中证500ETF,7.144,1312557380.0,183081310.0,7.099,7.148,7.062
2025-09-02,510500,中证500ETF,6.993,1736110055.0,245119402.0,7.113,7.128,6.933
2025-09-03,510500,中证500ETF,6.878,1687177107.0,240995450.0,7.0,7.022,6.853
2025-09-04,510500,中证500ETF,6.717,2236535867.0,326897388.0,6.884,6.932,6.627
2025-09-05,510500,中证500ETF,6.949,2121919291.0,307745229.0,6.717,6.961,6.696
2025-09-08,510500,中证500ETF,7.011,1636795369.0,233031742.0,6.949,7.022,6.909
2025-09-09,510500,中证500ETF,6.944,979988418.0,139590116.0,6.989,7.015,6.903
2025-09-10,510500,中证500ETF,6.941,852285642.0,121572485.0,6.932,7.001,6.889
2025-09-11,510500,中证500ETF,7.162,3370578668.0,471718308.0,6.938,7.167,6.895
2025-09-12,510500,中证500ETF,7.18,1880048851.0,259377419.0,7.165,7.239,7.147
2025-09-15,510500,中证500ETF,7.164,2581031813.0,356612066.0,7.19,7.2,7.147
2025-09-16,510500,中证500ETF,7.22,1709696475.0,236125505.0,7.166,7.232,7.103
2025-09-17,510500,中证500ETF,7.295,1159802809.0,158683618.0,7.204,7.301,7.181
2025-09-18,510500,中证500ETF,7.23,2482372672.0,338418181.0,7.29,7.386,7.138
2025-09-19,510500,中证500ETF,7.199,2080099063.0,285552255.0,7.217,7.264,7.168
2025-09-22,510500,中证500ETF,7.256,1713669910.0,235618126.0,7.197,7.258,7.164
2025-09-23,510500,中证500ETF,7.215,1905161682.0,262962112.0,7.256,7.273,7.078
2025-09-24,510500,中证500ETF,7.37,1613166926.0,219453482.0,7.17,7.374,7.165
2025-09-25,510500,中证500ETF,7.379,1221817048.0,164025033.0,7.368,7.416,7.353
2025-09-26,510500,中证500ETF,7.274,1633716966.0,221003137.0,7.339,7.393,7.271
2025-09-29,510500,中证500ETF,7.4,2473026332.0,332940029.0,7.273,7.429,7.25
2025-09-30,510500,中证500ETF,7.457,2022195960.0,269331858.0,7.401,7.471,7.401
2025-10-09,510500,中证500ETF,7.587,1885985361.0,247330432.0,7.491,7.616,7.478
2025-10-10,510500,中证500ETF,7.443,2197250249.0,291527723.0,7.549,7.557,7.417
2025-10-13,510500,中证500ETF,7.407,2863336795.0,386537681.0,7.228,7.426,7.228
2025-10-14,510500,中证500ETF,7.227,3162062367.0,426016495.0,7.448,7.491,7.197
2025-10-15,510500,中证500ETF,7.331,1808574917.0,246755725.0,7.226,7.337,7.191
2025-10-16,510500,中证500ETF,7.274,2020350843.0,275073811.0,7.258,7.337,7.234
2025-10-17,510500,中证500ETF,7.052,2173586618.0,301475375.0,7.256,7.297,7.04
2025-10-20,510500,中证500ETF,7.098,2558410357.0,356249384.0,7.112,7.171,7.064
2025-10-21,510500,中证500ETF,7.218,3522045922.0,485106360.0,7.12,7.233,7.115
2025-10-22,510500,中证500ETF,7.162,1962399224.0,271371500.0,7.188,7.199,7.14
2025-10-23,510500,中证500ETF,7.187,1457957880.0,203373365.0,7.14,7.192,7.052
2025-10-24,510500,中证500ETF,7.307,1663975677.0,227470386.0,7.212,7.31,7.206
2025-10-27,510500,中证500ETF,7.416,1599407845.0,214285422.0,7.371,7.429,7.34
2025-10-28,510500,中证500ETF,7.379,1271978016.0,170449440.0,7.406,7.452,7.348
2025-10-29,510500,中证500ETF,7.532,1554258782.0,206192267.0,7.39,7.534,7.388
2025-10-30,510500,中证500ETF,7.435,1804318822.0,239775371.0,7.524,7.524,7.414
2025-10-31,510500,中证500ETF,7.374,1793252055.0,239526377.0,7.432,7.483,7.372
2025-11-03,510500,中证500ETF,7.377,1875962746.0,254099006.0,7.365,7.386,7.25
2025-11-04,510500,中证500ETF,7.251,2187305293.0,297882984.0,7.358,7.363,7.206
2025-11-05,510500,中证500ETF,7.268,1044051112.0,143295554.0,7.138,7.297,7.138
2025-11-06,510500,中证500ETF,7.389,1290454325.0,173994728.0,7.273,7.402,7.273
2025-11-07,510500,中证500ETF,7.378,771019572.0,103751961.0,7.358,7.414,7.321
2025-11-10,510500,中证500ETF,7.386,835109376.0,112335218.0,7.413,7.44,7.328
2025-11-11,510500,中证500ETF,7.332,1178560276.0,158667471.0,7.406,7.433,7.319
2025-11-12,510500,中证500ETF,7.294,986234776.0,134217513.0,7.306,7.355,7.226
2025-11-13,510500,中证500ETF,7.403,1401440665.0,188661676.0,7.275,7.419,7.275
2025-11-14,510500,中证500ETF,7.276,1150184972.0,155598971.0,7.341,7.373,7.273
2025-11-17,510500,中证500ETF,7.274,1613421164.0,219804390.0,7.272,7.312,7.246
2025-11-18,510500,中证500ETF,7.2,1928962925.0,265420668.0,7.248,7.273,7.155
2025-11-19,510500,中证500ETF,7.165,1786594862.0,246792384.0,7.19,7.231,7.131
2025-11-20,510500,中证500ETF,7.108,2183687616.0,303240774.0,7.208,7.231,7.101
2025-11-21,510500,中证500ETF,6.86,5290499089.0,755356839.0,7.036,7.069,6.856
2025-11-24,510500,中证500ETF,6.908,2883620932.0,414765702.0,6.898,6.944,6.841
2025-11-25,510500,中证500ETF,6.992,4269824932.0,604358456.0,6.954,7.064,6.952
2025-11-26,510500,中证500ETF,7.003,2934400370.0,413929415.0,6.993,7.062,6.976
2025-11-27,510500,中证500ETF,6.988,1336051339.0,188542552.0,7.003,7.092,6.978
2025-11-28,510500,中证500ETF,7.073,1261276658.0,177333175.0,6.986,7.082,6.98
2025-12-01,510500,中证500ETF,7.14,947876608.0,132006252.0,7.09,7.141,7.076
2025-12-02,510500,中证500ETF,7.079,1074387564.0,150369654.0,7.092,7.126,7.061
2025-12-03,510500,中证500ETF,7.041,863508465.0,121324035.0,7.083,7.108,7.016
2025-12-04,510500,中证500ETF,7.063,870260060.0,122371097.0,7.038,7.088,6.998
2025-12-05,510500,中证500ETF,7.154,2213924727.0,308526062.0,7.06,7.157,7.005
2025-12-08,510500,中证500ETF,7.216,2054506100.0,282808073.0,7.176,7.243,7.167
2025-12-09,510500,中证500ETF,7.162,1394969264.0,192435582.0,7.194,7.228,7.149
2025-12-10,510500,中证500ETF,7.201,1873005152.0,259557832.0,7.163,7.218,7.11
2025-12-11,510500,中证500ETF,7.139,1345376424.0,186138398.0,7.213,7.222,7.134
2025-12-12,510500,中证500ETF,7.223,2722781871.0,375528482.0,7.155,7.242,7.122
2025-12-15,510500,中证500ETF,7.174,1268422736.0,174785848.0,7.188,7.237,7.167
2025-12-16,510500,中证500ETF,7.064,1872497207.0,262901355.0,7.158,7.158,7.014
2025-12-17,510500,中证500ETF,7.197,2160363134.0,299634364.0,7.058,7.225,7.038
2025-12-18,510500,中证500ETF,7.159,1822548851.0,251490101.0,7.163,7.233,7.157
2025-12-19,510500,中证500ETF,7.224,1828863612.0,250967197.0,7.176,7.256,7.169
2025-12-22,510500,中证500ETF,7.306,2076899450.0,281747461.0,7.258,7.335,7.258
2025-12-23,510500,中证500ETF,7.312,1365041842.0,185059492.0,7.302,7.355,7.287
2025-12-24,510500,中证500ETF,7.408,2611273083.0,350367349.0,7.311,7.43,7.301
2025-12-25,510500,中证500ETF,7.472,2156582982.0,286961619.0,7.407,7.493,7.39
2025-12-26,510500,中证500ETF,7.518,3901186668.0,514730074.0,7.482,7.554,7.465
2025-12-29,510500,中证500ETF,7.486,2558823434.0,337804049.0,7.517,7.548,7.469
2025-12-30,510500,中证500ETF,7.519,1831385067.0,241477936.0,7.45,7.563,7.45
2025-12-31,510500,中证500ETF,7.526,3386683953.0,446353437.0,7.535,7.549,7.489
2026-01-05,510500,中证500ETF,7.73,2138958695.0,276371421.0,7.58,7.732,7.578
2026-01-06,510500,中证500ETF,7.899,2807704686.0,356076687.0,7.735,7.903,7.735
2026-01-07,510500,中证500ETF,7.937,3451839908.0,431586803.0,7.907,7.977999999,7.892
2026-01-08,510500,中证500ETF,7.961999999,3069650528.0,382231061.0,7.912,8.015999999,7.91
2026-01-09,510500,中证500ETF,8.153999999,4288318244.0,525203527.0,7.961999999,8.161,7.961
2026-01-12,510500,中证500ETF,8.354,4767071138.0,571519856.0,8.208,8.386,8.172999999
2026-01-13,510500,中证500ETF,8.243999999,4365589918.0,524033983.0,8.374999999,8.377999999,8.197
2026-01-14,510500,中证500ETF,8.303,11344083331.0,1349076212.0,8.246,8.474,8.188
2026-01-15,510500,中证500ETF,8.277,26329578450.0,3167300455.0,8.238,8.328,8.203
2026-01-16,510500,中证500ETF,8.295,16986109617.0,2050754961.0,8.318,8.353,8.24
2026-01-19,510500,中证500ETF,8.348,12700273169.0,1521585687.0,8.27,8.397,8.25
2026-01-20,510500,中证500ETF,8.324,13377848571.0,1614255882.0,8.356,8.414,8.201
2026-01-21,510500,中证500ETF,8.432,8682017708.0,1034094112.0,8.282,8.435,8.28
2026-01-22,510500,中证500ETF,8.469,4059456186.0,480856886.0,8.46,8.496,8.404
2026-01-23,510500,中证500ETF,8.719,5772176393.0,669345592.0,8.505,8.725,8.493
2026-01-26,510500,中证500ETF,8.564,14330394662.0,1666726482.0,8.763,8.787,8.517
2026-01-27,510500,中证500ETF,8.619,12638904531.0,1474651264.0,8.542,8.67,8.437
2026-01-28,510500,中证500ETF,8.691,21752591587.0,2517446639.0,8.645,8.72,8.595
2026-01-29,510500,中证500ETF,8.591,11884876163.0,1373467695.0,8.661,8.754,8.574
2026-01-30,510500,中证500ETF,8.44,10756242145.0,1283877745.0,8.518,8.594,8.232
2026-02-02,510500,中证500ETF,8.049,15911074106.0,1947386933.0,8.33,8.4,8.045
2026-02-03,510500,中证500ETF,8.366,7761030186.0,936602178.0,8.186,8.375,8.132
2026-02-04,510500,中证500ETF,8.388,10230284572.0,1228797031.0,8.36,8.395,8.249
2026-02-05,510500,中证500ETF,8.217,7839440779.0,955243249.0,8.3,8.313,8.147
2026-02-06,510500,中证500ETF,8.213,7742250214.0,939936597.0,8.105,8.33,8.075
2026-02-09,510500,中证500ETF,8.395,4972221001.0,594262763.0,8.35,8.397,8.306
2026-02-10,510500,中证500ETF,8.377,2884803529.0,344342506.0,8.395,8.404,8.329
2026-02-11,510500,中证500ETF,8.411,2486170379.0,295235745.0,8.355,8.457,8.355
2026-02-12,510500,中证500ETF,8.514,3376962000.0,397617091.0,8.41,8.527,8.41
2026-02-13,510500,中证500ETF,8.373,8560575757.0,1017396628.0,8.474,8.496,8.361
2026-02-24,510500,中证500ETF,8.469,3720376914.0,438804915.0,8.471,8.534,8.403
2026-02-25,510500,中证500ETF,8.602,6314293845.0,735884137.0,8.48,8.633,8.479
2026-02-26,510500,中证500ETF,8.63,6937034239.0,805557550.0,8.623,8.656,8.561
2026-02-27,510500,中证500ETF,8.737,4180916149.0,482034893.0,8.58,8.739,8.58
2026-03-02,510500,中证500ETF,8.733,6724751190.0,772395741.0,8.682,8.773,8.62
2026-03-03,510500,中证500ETF,8.375,5781745330.0,679789667.0,8.74,8.74,8.335
2026-03-04,510500,中证500ETF,8.317,4406741459.0,526981471.0,8.241,8.466,8.237
2026-03-05,510500,中证500ETF,8.371,4633269691.0,552164159.0,8.433,8.459,8.311
2026-03-06,510500,中证500ETF,8.421,2673624003.0,317745639.0,8.31,8.469,8.31
2026-03-09,510500,中证500ETF,8.356,3872180353.0,469439650.0,8.298,8.38,8.124
2026-03-10,510500,中证500ETF,8.481,3680938953.0,435573866.0,8.44,8.492,8.391
2026-03-11,510500,中证500ETF,8.468,3265652804.0,385228347.0,8.489,8.519,8.441
2026-03-12,510500,中证500ETF,8.426,2744988839.0,325622423.0,8.452,8.495,8.354
2026-03-13,510500,中证500ETF,8.311,1657449192.0,198229100.0,8.362,8.447,8.29
2026-03-16,510500,中证500ETF,8.259,3225912523.0,392889521.0,8.298,8.308,8.124
2026-03-17,510500,中证500ETF,8.078,2853905066.0,349203593.0,8.265,8.29,8.074
2026-03-18,510500,中证500ETF,8.156,3990590847.0,492148046.0,8.11,8.168,8.023
2026-03-19,510500,中证500ETF,7.945,3129280894.0,391800334.0,8.04,8.073,7.906
2026-03-20,510500,中证500ETF,7.812,5809729947.0,731633951.0,7.96,8.012,7.809
2026-03-23,510500,中证500ETF,7.512,5130435315.0,674801120.0,7.701,7.777,7.46
2026-03-24,510500,中证500ETF,7.652,4471167956.0,591087113.0,7.589,7.657,7.437
2026-03-25,510500,中证500ETF,7.826,4584273440.0,586589336.0,7.7,7.879,7.698
2026-03-26,510500,中证500ETF,7.7,2480189131.0,320184434.0,7.792,7.835,7.681
2026-03-27,510500,中证500ETF,7.803,3076321019.0,396308985.0,7.58,7.852,7.58
2026-03-30,510500,中证500ETF,7.818,3701022228.0,478242199.0,7.706,7.836,7.665
2026-03-31,510500,中证500ETF,7.683,2860807126.0,368399919.0,7.805,7.86,7.68
2026-04-01,510500,中证500ETF,7.809,2781369863.0,356668632.0,7.815,7.85,7.755
2026-04-02,510500,中证500ETF,7.672,3748897864.0,486434169.0,7.771,7.809,7.619
2026-04-03,510500,中证500ETF,7.603,1838226947.0,240776879.0,7.697,7.707,7.581
2026-04-07,510500,中证500ETF,7.629,2512105152.0,328131755.0,7.617,7.701,7.6
2026-04-08,510500,中证500ETF,8.026,9127495913.0,1155004523.0,7.82,8.029,7.815
2026-04-09,510500,中证500ETF,7.964,5121640491.0,642825820.0,7.961,8.009,7.908
2026-04-10,510500,中证500ETF,8.035,3069841615.0,380034904.0,8.015,8.149,8.015
2026-04-13,510500,中证500ETF,8.028,3836508143.0,477728295.0,7.985,8.059,7.978
2026-04-14,510500,中证500ETF,8.159,3543880220.0,436813757.0,8.11,8.162,8.067
2026-04-15,510500,中证500ETF,8.111,3333219942.0,408317989.0,8.22,8.235,8.095
2026-04-16,510500,中证500ETF,8.253,4009324061.0,487968619.0,8.13,8.271,8.125
2026-04-17,510500,中证500ETF,8.29,3824600035.0,462973688.0,8.232,8.312,8.21
2026-04-20,510500,中证500ETF,8.355,7624808772.0,912541634.0,8.281,8.394,8.278
2026-04-21,510500,中证500ETF,8.331,3834736573.0,461344417.0,8.351,8.351,8.256
2026-04-22,510500,中证500ETF,8.455,5360906023.0,638322386.0,8.283,8.457,8.283
2026-04-23,510500,中证500ETF,8.375,5817342404.0,693980301.0,8.46,8.474,8.296
2026-04-24,510500,中证500ETF,8.323,3629323593.0,437159356.0,8.321,8.38,8.242
2026-04-27,510500,中证500ETF,8.368,5250763152.0,627518773.0,8.32,8.398,8.292
2026-04-28,510500,中证500ETF,8.273,5287344953.0,636938696.0,8.346,8.356,8.247
2026-04-29,510500,中证500ETF,8.422,7349029886.0,878967542.0,8.24,8.436,8.234
2026-04-30,510500,中证500ETF,8.43,6546640850.0,779361939.0,8.41,8.45,8.37
2026-05-06,510500,中证500ETF,8.658,8872773628.0,1025448160.0,8.519,8.702,8.518
2026-05-07,510500,中证500ETF,8.771,10727012506.0,1229160085.0,8.702,8.778,8.669
2026-05-08,510500,中证500ETF,8.769,9722597897.0,1111098647.0,8.715,8.788,8.691
2026-05-11,510500,中证500ETF,8.912,5866691109.0,660874404.0,8.838,8.945,8.788
2026-05-12,510500,中证500ETF,8.862,4522369241.0,510398080.0,8.92,8.927,8.821
2026-05-13,510500,中证500ETF,9.009,4596156963.0,515445104.0,8.8,9.021,8.8
2026-05-14,510500,中证500ETF,8.772,7900399322.0,890258803.0,9.049,9.049,8.76
2026-05-15,510500,中证500ETF,8.612,11374703475.0,1313659195.0,8.76,8.809,8.553
2026-05-18,510500,中证500ETF,8.631,4146691727.0,480879098.0,8.559,8.696,8.551
2026-05-19,510500,中证500ETF,8.703,6106970936.0,709789696.0,8.613,8.709,8.481
2026-05-20,510500,中证500ETF,8.748,4396844524.0,506792256.0,8.652,8.76,8.626
2026-05-21,510500,中证500ETF,8.503,4673340770.0,534504910.0,8.8,8.887,8.484
2026-05-22,510500,中证500ETF,8.658,6819708732.0,792937482.0,8.553,8.684,8.51
2026-05-25,510500,中证500ETF,8.786,5293352712.0,608513509.0,8.708,8.79,8.619
2026-05-26,510500,中证500ETF,8.752,2098793863.0,241401903.0,8.743,8.769,8.617
2026-05-27,510500,中证500ETF,8.614,2870805061.0,330242035.0,8.74,8.821,8.58
2026-05-28,510500,中证500ETF,8.649,2857894293.0,332221554.0,8.575,8.694,8.506
2026-05-29,510500,中证500ETF,8.443,2791724835.0,327944724.0,8.66,8.681,8.387
2026-06-01,510500,中证500ETF,8.37,3439513885.0,408369384.0,8.434,8.532,8.354
2026-06-02,510500,中证500ETF,8.406,3836822227.0,458809424.0,8.368,8.48,8.238
2026-06-03,510500,中证500ETF,8.455,2771012957.0,326737654.0,8.4,8.565,8.38
2026-06-04,510500,中证500ETF,8.448,2497825120.0,295929900.0,8.371,8.489,8.371
2026-06-05,510500,中证500ETF,8.339,3619954376.0,432045655.0,8.415,8.5,8.314
2026-06-08,510500,中证500ETF,8.068,3809536499.0,468788369.0,8.16,8.233,7.983
2026-06-09,510500,中证500ETF,8.27,2955254201.0,362274674.0,8.12,8.285,8.058
2026-06-10,510500,中证500ETF,8.171,2279194416.0,279284122.0,8.184,8.24,8.078
2026-06-11,510500,中证500ETF,8.133,1474381691.0,181558049.0,8.133,8.192,8.068
2026-06-12,510500,中证500ETF,8.242,2595066377.0,313357760.0,8.297,8.37,8.211
