date,code,name,close,amount,volume,open,high,low
2018-01-02,510880,红利ETF,2.015,23160895.0,7375182.0,1.971,2.018,1.971
2018-01-03,510880,红利ETF,2.03,18154962.0,5740300.0,2.016,2.045,2.008
2018-01-04,510880,红利ETF,2.031,12587876.0,3981050.0,2.029,2.039,2.022
2018-01-05,510880,红利ETF,2.063,19257666.0,6048310.0,2.031,2.071,2.026
2018-01-08,510880,红利ETF,2.085,24998529.0,7769900.0,2.062,2.103,2.061
2018-01-09,510880,红利ETF,2.084,13524034.0,4207601.0,2.087,2.091,2.075
2018-01-10,510880,红利ETF,2.094,36553788.0,11343290.0,2.084,2.103,2.075
2018-01-11,510880,红利ETF,2.086,24456711.0,7610445.0,2.093,2.1,2.072
2018-01-12,510880,红利ETF,2.094,15983304.0,4950455.0,2.085,2.105,2.08
2018-01-15,510880,红利ETF,2.089,16528418.0,5113502.0,2.095,2.117,2.083
2018-01-16,510880,红利ETF,2.112,15863174.0,4910000.0,2.087,2.113,2.083
2018-01-17,510880,红利ETF,2.122,29647665.0,9093756.0,2.118,2.152,2.103
2018-01-18,510880,红利ETF,2.15,22390921.0,6850700.0,2.123,2.152,2.123
2018-01-19,510880,红利ETF,2.166,26590502.0,8048902.0,2.154,2.185,2.153
2018-01-22,510880,红利ETF,2.187,22124584.0,6677000.0,2.164,2.191,2.161
2018-01-23,510880,红利ETF,2.236,31722233.0,9785600.0,2.194,2.237,2.189
2018-01-24,510880,红利ETF,2.246,19705092.0,6029000.0,2.238,2.264,2.226
2018-01-25,510880,红利ETF,2.232,22092818.0,6791600.0,2.245,2.252,2.206
2018-01-26,510880,红利ETF,2.268,19884785.0,6069443.0,2.229,2.277,2.223
2018-01-29,510880,红利ETF,2.236,32976370.0,10040400.0,2.261,2.301,2.217
2018-01-30,510880,红利ETF,2.205,26788089.0,8259138.0,2.235,2.241,2.198
2018-01-31,510880,红利ETF,2.202,20875656.0,6493850.0,2.199,2.209,2.173
2018-02-01,510880,红利ETF,2.199,22320105.0,6944264.0,2.204,2.221,2.174
2018-02-02,510880,红利ETF,2.23,20930515.0,6507830.0,2.189,2.234,2.158
2018-02-05,510880,红利ETF,2.28,20142055.0,6163901.0,2.207,2.283,2.197
2018-02-06,510880,红利ETF,2.192,49747161.0,15387423.0,2.245,2.246,2.177
2018-02-07,510880,红利ETF,2.129,40722697.0,12718300.0,2.227,2.249,2.123
2018-02-08,510880,红利ETF,2.071,39186810.0,12625900.0,2.123,2.125,2.037
2018-02-09,510880,红利ETF,1.955,61555479.0,20763664.0,2.026,2.026,1.885
2018-02-12,510880,红利ETF,1.961,29600301.0,9925400.0,1.96,1.977,1.937
2018-02-13,510880,红利ETF,2.0,22582188.0,7455700.0,1.97,2.031,1.97
2018-02-14,510880,红利ETF,2.009,23224764.0,7699894.0,2.0,2.012,1.977
2018-02-22,510880,红利ETF,2.067,19412366.0,6312600.0,2.047,2.067,2.033
2018-02-23,510880,红利ETF,2.081,20969443.0,6777700.0,2.067,2.089,2.054
2018-02-26,510880,红利ETF,2.1,23604509.0,7587300.0,2.09,2.113,2.063
2018-02-27,510880,红利ETF,2.061,27752945.0,8972005.0,2.107,2.111,2.055
2018-02-28,510880,红利ETF,2.033,20565994.0,6735700.0,2.048,2.048,2.012
2018-03-01,510880,红利ETF,2.027,19610723.0,6424593.0,2.026,2.047,2.004
2018-03-02,510880,红利ETF,2.025,17926735.0,5898811.0,2.018,2.034,2.0
2018-03-05,510880,红利ETF,2.027,11517139.0,3777486.0,2.025,2.047,2.012
2018-03-06,510880,红利ETF,2.052,16486153.0,5390467.0,2.038,2.056,2.016
2018-03-07,510880,红利ETF,2.048,19522145.0,6324467.0,2.053,2.079,2.045
2018-03-08,510880,红利ETF,2.061,7970677.0,2588000.0,2.047,2.065,2.043
2018-03-09,510880,红利ETF,2.063,16574973.0,5372600.0,2.071,2.071,2.054
2018-03-12,510880,红利ETF,2.069,15024759.0,4854900.0,2.072,2.081,2.065
2018-03-13,510880,红利ETF,2.057,14626694.0,4732500.0,2.069,2.078,2.054
2018-03-14,510880,红利ETF,2.049,9422942.0,3070711.0,2.056,2.056,2.039
2018-03-15,510880,红利ETF,2.043,15323686.0,4999449.0,2.047,2.054,2.035
2018-03-16,510880,红利ETF,2.026,11651193.0,3808000.0,2.044,2.052,2.022
2018-03-19,510880,红利ETF,2.011,15029263.0,4954400.0,2.025,2.027,2.001
2018-03-20,510880,红利ETF,2.017,12589134.0,4160650.0,2.011,2.017,1.991
2018-03-21,510880,红利ETF,2.007,11888636.0,3903500.0,2.023,2.034,2.002
2018-03-22,510880,红利ETF,1.987,18817193.0,6250200.0,2.016,2.016,1.973
2018-03-23,510880,红利ETF,1.92,50106404.0,17086613.0,1.945,1.945,1.882
2018-03-26,510880,红利ETF,1.89,32021237.0,11061200.0,1.912,1.912,1.854
2018-03-27,510880,红利ETF,1.89,22665108.0,7754901.0,1.901,1.957,1.879
2018-03-28,510880,红利ETF,1.854,25911017.0,8968963.0,1.879,1.896,1.854
2018-03-29,510880,红利ETF,1.905,19026975.0,6576701.0,1.855,1.911,1.838
2018-03-30,510880,红利ETF,1.898,13990086.0,4786200.0,1.905,1.911,1.89
2018-04-02,510880,红利ETF,1.882,18014868.0,6174700.0,1.898,1.912,1.88
2018-04-03,510880,红利ETF,1.842,26610603.0,9279300.0,1.868,1.869,1.837
2018-04-04,510880,红利ETF,1.843,17205251.0,5976300.0,1.844,1.867,1.842
2018-04-09,510880,红利ETF,1.841,12673800.0,4427600.0,1.841,1.851,1.825
2018-04-10,510880,红利ETF,1.893,17295512.0,5986600.0,1.842,1.894,1.842
2018-04-11,510880,红利ETF,1.915,16474270.0,5616255.0,1.896,1.926,1.893
2018-04-12,510880,红利ETF,1.885,14040456.0,4811400.0,1.915,1.915,1.883
2018-04-13,510880,红利ETF,1.872,9562035.0,3290053.0,1.91,1.91,1.869
2018-04-16,510880,红利ETF,1.819,28393196.0,9955000.0,1.872,1.872,1.81
2018-04-17,510880,红利ETF,1.795,18890319.0,6669700.0,1.827,1.829,1.787
2018-04-18,510880,红利ETF,1.797,25781650.0,9178900.0,1.81,1.822,1.765
2018-04-19,510880,红利ETF,1.815,13504674.0,4768901.0,1.797,1.817,1.792
2018-04-20,510880,红利ETF,1.78,15663635.0,5574600.0,1.813,1.823,1.772
2018-04-23,510880,红利ETF,1.78,13007792.0,4645463.0,1.778,1.793,1.767
2018-04-24,510880,红利ETF,1.835,21503199.0,7532907.0,1.779,1.855,1.779
2018-04-25,510880,红利ETF,1.818,11236387.0,3952000.0,1.827,1.832,1.814
2018-04-26,510880,红利ETF,1.778,18714101.4,6655700.0,1.821,1.825,1.774
2018-04-27,510880,红利ETF,1.783,24189968.076,8672181.0,1.785,1.793,1.75
2018-05-02,510880,红利ETF,1.795,14756792.448,5243686.0,1.789,1.799,1.783
2018-05-03,510880,红利ETF,1.812,15691746.7,5562040.0,1.795,1.818,1.786
2018-05-04,510880,红利ETF,1.811,8979463.399,3166900.0,1.812,1.819,1.807
2018-05-07,510880,红利ETF,1.842,11914467.5,4175500.0,1.811,1.843,1.808
2018-05-08,510880,红利ETF,1.867,16910071.9,5860300.0,1.842,1.871,1.837
2018-05-09,510880,红利ETF,1.861,12043994.684,4171301.0,1.873,1.873,1.856
2018-05-10,510880,红利ETF,1.882,9325661.9,3217100.0,1.864,1.884,1.864
2018-05-11,510880,红利ETF,1.876,8780567.3,3025000.0,1.882,1.89,1.873
2018-05-14,510880,红利ETF,1.882,9903604.0,3404600.0,1.879,1.894,1.877
2018-05-15,510880,红利ETF,1.892,10642102.453,3658412.0,1.888,1.893,1.878
2018-05-16,510880,红利ETF,1.881,9503429.962,3267272.0,1.889,1.893,1.879
2018-05-17,510880,红利ETF,1.875,8284553.104,2855772.0,1.878,1.886,1.871
2018-05-18,510880,红利ETF,1.905,12231137.5,4204300.0,1.875,1.906,1.866
2018-05-21,510880,红利ETF,1.914,17186505.9,5841200.0,1.912,1.926,1.91
2018-05-22,510880,红利ETF,1.9,8589965.7,2938600.0,1.914,1.916,1.893
2018-05-23,510880,红利ETF,1.877,13506475.8,4640900.0,1.897,1.899,1.877
2018-05-24,510880,红利ETF,1.854,15299019.2,5297800.0,1.877,1.878,1.852
2018-05-25,510880,红利ETF,1.858,14021131.4,4878300.0,1.853,1.862,1.842
2018-05-28,510880,红利ETF,1.853,12043732.7,4187400.0,1.855,1.862,1.842
2018-05-29,510880,红利ETF,1.85,11317604.148,3939159.0,1.851,1.859,1.842
2018-05-30,510880,红利ETF,1.811,21719872.2,7643300.0,1.841,1.841,1.805
2018-05-31,510880,红利ETF,1.852,14154932.212,4947732.0,1.819,1.856,1.819
2018-06-01,510880,红利ETF,1.841,10469333.8,3653000.0,1.848,1.86,1.83
2018-06-04,510880,红利ETF,1.858,10045152.8,3491900.0,1.846,1.862,1.846
2018-06-05,510880,红利ETF,1.872,9285848.544,3222102.0,1.861,1.875,1.848
2018-06-06,510880,红利ETF,1.865,7262654.411,2514953.0,1.87,1.87,1.859
2018-06-07,510880,红利ETF,1.855,11452526.7,3965600.0,1.866,1.874,1.855
2018-06-08,510880,红利ETF,1.821,17317193.9,6082000.0,1.854,1.854,1.812
2018-06-11,510880,红利ETF,1.817,14762496.5,5209100.0,1.819,1.82,1.804
2018-06-12,510880,红利ETF,1.837,10316669.266,3616428.0,1.818,1.846,1.81
2018-06-13,510880,红利ETF,1.834,5691611.548,1989368.0,1.836,1.843,1.831
2018-06-14,510880,红利ETF,1.832,5867713.0,2056100.0,1.829,1.842,1.818
2018-06-15,510880,红利ETF,1.83,11810141.0,4138100.0,1.832,1.841,1.822
2018-06-19,510880,红利ETF,1.763,34857505.241,12437206.0,1.826,1.827,1.727
2018-06-20,510880,红利ETF,1.758,19170450.795,6913895.0,1.753,1.762,1.735
2018-06-21,510880,红利ETF,1.738,17065987.3,6141000.0,1.758,1.777,1.735
2018-06-22,510880,红利ETF,1.733,12553855.6,4569300.0,1.735,1.738,1.71
2018-06-25,510880,红利ETF,1.713,15023768.4,5455100.0,1.739,1.753,1.712
2018-06-26,510880,红利ETF,1.68,33206891.26,12324300.0,1.697,1.697,1.65
2018-06-27,510880,红利ETF,1.648,32724794.0,12193700.0,1.68,1.689,1.636
2018-06-28,510880,红利ETF,1.621,23819439.0,8967355.0,1.651,1.652,1.616
2018-06-29,510880,红利ETF,1.667,26412139.0,9904010.0,1.624,1.67,1.623
2018-07-02,510880,红利ETF,1.592,68621628.0,26136161.0,1.668,1.668,1.576
2018-07-03,510880,红利ETF,1.597,26916632.0,10353300.0,1.598,1.601,1.541
2018-07-04,510880,红利ETF,1.59,13956518.0,5321300.0,1.596,1.61,1.587
2018-07-05,510880,红利ETF,1.576,15206532.0,5840100.0,1.591,1.605,1.567
2018-07-06,510880,红利ETF,1.593,21033781.0,8090900.0,1.579,1.607,1.55
2018-07-09,510880,红利ETF,1.648,25675396.0,9678700.0,1.597,1.65,1.596
2018-07-10,510880,红利ETF,1.658,18125288.0,6783500.0,1.648,1.663,1.637
2018-07-11,510880,红利ETF,1.62,22770851.0,8627200.0,1.617,1.629,1.603
2018-07-12,510880,红利ETF,1.665,22939142.0,8567700.0,1.617,1.677,1.617
2018-07-13,510880,红利ETF,1.662,8604768.0,3198626.0,1.671,1.676,1.657
2018-07-16,510880,红利ETF,1.652,13018962.0,4868764.0,1.663,1.671,1.637
2018-07-17,510880,红利ETF,1.639,14748204.0,5556664.0,1.64,1.651,1.623
2018-07-18,510880,红利ETF,1.653,12272529.0,4578400.0,1.639,1.672,1.639
2018-07-19,510880,红利ETF,1.642,12867530.0,4812800.0,1.654,1.667,1.642
2018-07-20,510880,红利ETF,1.709,19973420.0,7376800.0,1.643,1.717,1.635
2018-07-23,510880,红利ETF,1.746,18117456.0,6593000.0,1.703,1.751,1.696
2018-07-24,510880,红利ETF,1.768,19231389.0,6886100.0,1.747,1.779,1.747
2018-07-25,510880,红利ETF,1.767,10918547.0,3917600.0,1.776,1.776,1.758
2018-07-26,510880,红利ETF,1.75,11406249.0,4102900.0,1.767,1.779,1.745
2018-07-27,510880,红利ETF,1.742,8293728.0,2993800.0,1.75,1.757,1.739
2018-07-30,510880,红利ETF,1.747,13873054.0,5002300.0,1.742,1.77,1.733
2018-07-31,510880,红利ETF,1.764,13509763.0,4866700.0,1.746,1.771,1.736
2018-08-01,510880,红利ETF,1.713,19354477.0,6998541.0,1.766,1.775,1.711
2018-08-02,510880,红利ETF,1.656,30211444.0,11246100.0,1.707,1.707,1.63
2018-08-03,510880,红利ETF,1.643,17628971.0,6574000.0,1.659,1.674,1.642
2018-08-06,510880,红利ETF,1.627,17684680.0,6654600.0,1.648,1.666,1.616
2018-08-07,510880,红利ETF,1.683,20378665.0,7626900.0,1.63,1.683,1.619
2018-08-08,510880,红利ETF,1.648,13636647.0,5076500.0,1.681,1.681,1.648
2018-08-09,510880,红利ETF,1.692,13655272.0,5045661.0,1.647,1.7,1.64
2018-08-10,510880,红利ETF,1.682,11230875.0,4151000.0,1.695,1.7,1.665
2018-08-13,510880,红利ETF,1.661,19503520.0,7313148.0,1.667,1.667,1.629
2018-08-14,510880,红利ETF,1.655,10356345.0,3864700.0,1.661,1.666,1.649
2018-08-15,510880,红利ETF,1.609,25112794.0,9480848.0,1.657,1.661,1.608
2018-08-16,510880,红利ETF,1.599,20365028.0,7776800.0,1.6,1.617,1.569
2018-08-17,510880,红利ETF,1.574,17707034.0,6771400.0,1.614,1.619,1.572
2018-08-20,510880,红利ETF,1.6,15220381.9,5841400.0,1.577,1.602,1.572
2018-08-21,510880,红利ETF,1.626,12304015.3,4651300.0,1.602,1.635,1.602
2018-08-22,510880,红利ETF,1.615,7373723.692,2793428.0,1.626,1.631,1.61
2018-08-23,510880,红利ETF,1.624,10087288.228,3817500.0,1.615,1.636,1.602
2018-08-24,510880,红利ETF,1.634,12798902.22,4820853.0,1.623,1.652,1.61
2018-08-27,510880,红利ETF,1.686,16619848.025,6179955.0,1.637,1.688,1.637
2018-08-28,510880,红利ETF,1.684,12430381.02,4588505.0,1.686,1.694,1.68
2018-08-29,510880,红利ETF,1.681,17716777.17,6572533.0,1.682,1.686,1.664
2018-08-30,510880,红利ETF,1.663,20445317.197,7604901.0,1.672,1.686,1.657
2018-08-31,510880,红利ETF,1.653,12410370.105,4637645.0,1.656,1.668,1.639
2018-09-03,510880,红利ETF,1.649,13495328.854,5063274.0,1.655,1.659,1.627
2018-09-04,510880,红利ETF,1.673,13896247.5,5183200.0,1.65,1.679,1.643
2018-09-05,510880,红利ETF,1.637,15736098.8,5887600.0,1.668,1.671,1.63
2018-09-06,510880,红利ETF,1.612,13234260.4,4998300.0,1.625,1.64,1.61
2018-09-07,510880,红利ETF,1.624,14893074.2,5627400.0,1.617,1.644,1.607
2018-09-10,510880,红利ETF,1.612,24989025.0,9481100.0,1.62,1.627,1.607
2018-09-11,510880,红利ETF,1.601,14538105.3,5542000.0,1.611,1.612,1.59
2018-09-12,510880,红利ETF,1.597,14748205.0,5634000.0,1.604,1.611,1.583
2018-09-13,510880,红利ETF,1.626,14379198.0,5455200.0,1.612,1.627,1.6
2018-09-14,510880,红利ETF,1.629,10289656.0,3881600.0,1.627,1.636,1.62
2018-09-17,510880,红利ETF,1.615,17758647.0,6726400.0,1.626,1.626,1.609
2018-09-18,510880,红利ETF,1.653,12683199.0,4775300.0,1.611,1.654,1.607
2018-09-19,510880,红利ETF,1.688,29720471.0,10988606.0,1.653,1.696,1.646
2018-09-20,510880,红利ETF,1.679,11621853.0,4293500.0,1.691,1.694,1.676
2018-09-21,510880,红利ETF,1.755,24688834.0,9006400.0,1.685,1.757,1.679
2018-09-25,510880,红利ETF,1.732,17531733.0,6366018.0,1.732,1.74,1.724
2018-09-26,510880,红利ETF,1.752,22597562.0,8113300.0,1.737,1.786,1.735
2018-09-27,510880,红利ETF,1.756,10759278.0,3875900.0,1.749,1.76,1.745
2018-09-28,510880,红利ETF,1.778,15754211.0,5636900.0,1.756,1.782,1.756
2018-10-08,510880,红利ETF,1.684,36703308.0,13441500.0,1.746,1.746,1.68
2018-10-09,510880,红利ETF,1.676,20543124.0,7593100.0,1.684,1.694,1.673
2018-10-10,510880,红利ETF,1.686,14478829.0,5351600.0,1.68,1.7,1.666
2018-10-11,510880,红利ETF,1.575,92807351.0,35491100.0,1.622,1.652,1.548
2018-10-12,510880,红利ETF,1.591,46367576.0,17905500.0,1.574,1.601,1.538
2018-10-15,510880,红利ETF,1.552,30625931.0,11822900.0,1.6,1.601,1.544
2018-10-16,510880,红利ETF,1.531,27671913.0,10769400.0,1.55,1.567,1.527
2018-10-17,510880,红利ETF,1.551,27450095.0,10681100.0,1.548,1.564,1.519
2018-10-18,510880,红利ETF,1.507,41153358.0,16203200.0,1.542,1.542,1.502
2018-10-19,510880,红利ETF,1.564,33969148.0,13352853.0,1.496,1.566,1.477
2018-10-22,510880,红利ETF,1.652,53741006.0,20200500.0,1.579,1.672,1.579
2018-10-23,510880,红利ETF,1.589,50573059.0,19162000.0,1.653,1.653,1.582
2018-10-24,510880,红利ETF,1.601,29472973.0,11226400.0,1.588,1.633,1.58
2018-10-25,510880,红利ETF,1.598,31694287.0,12246800.0,1.557,1.602,1.531
2018-10-26,510880,红利ETF,1.602,13989059.0,5333628.0,1.607,1.622,1.586
2018-10-29,510880,红利ETF,1.551,35073596.0,13526900.0,1.602,1.608,1.539
2018-10-30,510880,红利ETF,1.565,22241390.0,8594701.0,1.546,1.592,1.538
2018-10-31,510880,红利ETF,1.593,25276624.0,9701300.0,1.575,1.599,1.569
2018-11-01,510880,红利ETF,1.59,23616970.0,8981263.0,1.598,1.617,1.587
2018-11-02,510880,红利ETF,1.652,35590320.0,13401676.0,1.629,1.652,1.61
2018-11-05,510880,红利ETF,1.637,23845740.0,8988300.0,1.638,1.648,1.612
2018-11-06,510880,红利ETF,1.633,11535803.0,4352100.0,1.636,1.637,1.617
2018-11-07,510880,红利ETF,1.618,18505923.0,6971400.0,1.633,1.65,1.615
2018-11-08,510880,红利ETF,1.62,25320289.0,9558400.0,1.628,1.64,1.611
2018-11-09,510880,红利ETF,1.583,22812429.0,8721400.0,1.609,1.61,1.582
2018-11-12,510880,红利ETF,1.613,14465445.0,5522601.0,1.58,1.613,1.577
2018-11-13,510880,红利ETF,1.627,16815936.0,6374402.0,1.596,1.637,1.588
2018-11-14,510880,红利ETF,1.602,16248563.0,6158100.0,1.627,1.633,1.599
2018-11-15,510880,红利ETF,1.621,13255206.0,5025000.0,1.602,1.625,1.602
2018-11-16,510880,红利ETF,1.627,19017068.0,7173676.0,1.627,1.642,1.615
2018-11-19,510880,红利ETF,1.651,18198578.0,6831539.0,1.628,1.652,1.628
2018-11-20,510880,红利ETF,1.606,25499755.0,9643800.0,1.642,1.648,1.602
2018-11-21,510880,红利ETF,1.606,12384648.0,4723600.0,1.595,1.61,1.584
2018-11-22,510880,红利ETF,1.597,10589531.0,4042200.0,1.609,1.613,1.587
2018-11-23,510880,红利ETF,1.552,40076272.0,15488500.0,1.596,1.596,1.547
2018-11-26,510880,红利ETF,1.555,16281537.0,6314500.0,1.552,1.568,1.544
2018-11-27,510880,红利ETF,1.549,14507982.0,5631700.0,1.557,1.564,1.541
2018-11-28,510880,红利ETF,1.565,12103874.0,4698200.0,1.547,1.566,1.535
2018-11-29,510880,红利ETF,1.548,13414805.0,5192238.0,1.575,1.575,1.547
2018-11-30,510880,红利ETF,1.564,13375615.0,5190000.0,1.547,1.565,1.541
2018-12-03,510880,红利ETF,1.62,31969510.0,12109743.0,1.605,1.631,1.599
2018-12-04,510880,红利ETF,1.626,14898726.0,5634244.0,1.621,1.63,1.607
2018-12-05,510880,红利ETF,1.619,12490120.0,4729300.0,1.606,1.629,1.601
2018-12-06,510880,红利ETF,1.588,18765518.0,7176400.0,1.602,1.607,1.582
2018-12-07,510880,红利ETF,1.598,6705768.0,2562100.0,1.588,1.6,1.587
2018-12-10,510880,红利ETF,1.584,13822835.0,5301700.0,1.592,1.597,1.577
2018-12-11,510880,红利ETF,1.586,7699071.0,2951200.0,1.588,1.592,1.581
2018-12-12,510880,红利ETF,1.602,8346053.0,3181200.0,1.592,1.607,1.592
2018-12-13,510880,红利ETF,1.629,29664008.0,11186100.0,1.606,1.64,1.603
2018-12-14,510880,红利ETF,1.613,26410011.0,10001700.0,1.627,1.63,1.611
2018-12-17,510880,红利ETF,1.627,11796448.0,4467700.0,1.61,1.628,1.606
2018-12-18,510880,红利ETF,1.611,17533955.0,6665600.0,1.62,1.627,1.596
2018-12-19,510880,红利ETF,1.596,13502008.0,5137000.0,1.608,1.62,1.594
2018-12-20,510880,红利ETF,1.581,26771934.0,10276300.0,1.593,1.607,1.566
2018-12-21,510880,红利ETF,1.567,27634290.0,10693700.0,1.577,1.579,1.553
2018-12-24,510880,红利ETF,1.582,13932059.0,5376500.0,1.562,1.582,1.556
2018-12-25,510880,红利ETF,1.557,41816763.0,16294200.0,1.571,1.571,1.524
2018-12-26,510880,红利ETF,1.559,10969119.0,4250900.0,1.555,1.566,1.551
2018-12-27,510880,红利ETF,1.556,16062470.0,6200100.0,1.578,1.59,1.546
2018-12-28,510880,红利ETF,1.56,15628483.0,6062700.0,1.555,1.564,1.546
2019-01-02,510880,红利ETF,1.516,43083614.0,16917500.0,1.564,1.567,1.506
2019-01-03,510880,红利ETF,1.509,21395968.0,8427900.0,1.512,1.534,1.506
2019-01-04,510880,红利ETF,1.543,24688398.0,9693101.0,1.497,1.544,1.489
2019-01-07,510880,红利ETF,1.568,19981101.0,7740301.0,1.552,1.571,1.549
2019-01-08,510880,红利ETF,1.573,19077133.0,7366301.0,1.567,1.574,1.556
2019-01-09,510880,红利ETF,1.585,29370683.0,11184900.0,1.573,1.616,1.573
2019-01-10,510880,红利ETF,1.577,21295085.0,8166901.0,1.587,1.594,1.577
2019-01-11,510880,红利ETF,1.588,13532694.0,5189100.0,1.579,1.593,1.576
2019-01-14,510880,红利ETF,1.59,15844453.0,6062000.0,1.589,1.597,1.587
2019-01-15,510880,红利ETF,1.608,24819125.0,9463800.0,1.591,1.612,1.582
2019-01-16,510880,红利ETF,1.61,18262197.0,7205000.0,1.613,1.614,1.606
2019-01-17,510880,红利ETF,1.603,17432913.0,6874701.0,1.611,1.622,1.603
2019-01-18,510880,红利ETF,1.635,18169653.0,7131301.0,1.605,1.637,1.605
2019-01-21,510880,红利ETF,1.646,26989073.0,10495800.0,1.64,1.653,1.637
2019-01-22,510880,红利ETF,1.621,30319993.0,11872700.0,1.645,1.652,1.614
2019-01-23,510880,红利ETF,1.624,9399613.0,3688827.0,1.618,1.63,1.613
2019-01-24,510880,红利ETF,1.633,20602347.0,8090000.0,1.62,1.635,1.613
2019-01-25,510880,红利ETF,1.641,21544536.0,8392100.0,1.633,1.651,1.633
2019-01-28,510880,红利ETF,1.642,26050847.0,10107490.0,1.649,1.67,1.639
2019-01-29,510880,红利ETF,1.653,29667602.0,11570455.0,1.634,1.658,1.617
2019-01-30,510880,红利ETF,1.644,15284542.0,5942684.0,1.649,1.659,1.635
2019-01-31,510880,红利ETF,1.66,18928787.0,7331076.0,1.646,1.669,1.646
2019-02-01,510880,红利ETF,1.682,30414010.0,11730062.0,1.663,1.683,1.655
2019-02-11,510880,红利ETF,1.697,44193557.0,16877560.0,1.682,1.705,1.675
2019-02-12,510880,红利ETF,1.716,36255722.0,13756101.0,1.707,1.725,1.697
2019-02-13,510880,红利ETF,1.747,50291447.0,18872602.0,1.718,1.764,1.715
2019-02-14,510880,红利ETF,1.752,23445887.0,8770497.0,1.748,1.76,1.74
2019-02-15,510880,红利ETF,1.713,32211539.0,12139166.0,1.749,1.749,1.709
2019-02-18,510880,红利ETF,1.773,27728101.0,10353918.0,1.722,1.773,1.722
2019-02-19,510880,红利ETF,1.769,32076613.0,11884218.0,1.775,1.791,1.757
2019-02-20,510880,红利ETF,1.772,23579118.0,8753127.0,1.771,1.777,1.757
2019-02-21,510880,红利ETF,1.754,30726652.0,11398376.0,1.772,1.786,1.75
2019-02-22,510880,红利ETF,1.782,30194175.0,11249053.0,1.755,1.783,1.742
2019-02-25,510880,红利ETF,1.9,88856620.0,32200990.0,1.788,1.902,1.788
2019-02-26,510880,红利ETF,1.883,64268276.0,22776076.0,1.893,1.929,1.875
2019-02-27,510880,红利ETF,1.881,41486327.0,14709501.0,1.875,1.923,1.867
2019-02-28,510880,红利ETF,1.882,28204196.0,10027700.0,1.88,1.902,1.875
2019-03-01,510880,红利ETF,1.91,33227362.0,11799176.0,1.891,1.911,1.874
2019-03-04,510880,红利ETF,1.944,53018963.0,18469337.0,1.915,1.985,1.915
2019-03-05,510880,红利ETF,1.959,36509479.0,12732900.0,1.941,1.96,1.927
2019-03-06,510880,红利ETF,1.994,54919772.0,18930662.0,1.959,2.002,1.942
2019-03-07,510880,红利ETF,1.985,58707876.0,20191302.0,1.991,2.001,1.96
2019-03-08,510880,红利ETF,1.868,75256681.0,26531763.0,1.962,1.962,1.865
2019-03-11,510880,红利ETF,1.905,36526821.0,12995614.0,1.864,1.911,1.86
2019-03-12,510880,红利ETF,1.933,36204004.0,12646164.0,1.925,1.963,1.909
2019-03-13,510880,红利ETF,1.912,31583424.0,11096063.0,1.933,1.939,1.908
2019-03-14,510880,红利ETF,1.88,34899603.0,12391324.0,1.911,1.933,1.866
2019-03-15,510880,红利ETF,1.907,27740597.0,9808619.0,1.879,1.927,1.879
2019-03-18,510880,红利ETF,1.982,45659415.0,15883929.0,1.909,1.985,1.905
2019-03-19,510880,红利ETF,1.979,31970288.0,11000228.0,1.984,2.002,1.966
2019-03-20,510880,红利ETF,1.977,27653319.0,9572310.0,1.968,1.989,1.941
2019-03-21,510880,红利ETF,1.992,37495253.0,12837328.0,1.98,2.007,1.98
2019-03-22,510880,红利ETF,1.994,27760824.0,9566437.0,1.991,2.001,1.955
2019-03-25,510880,红利ETF,1.951,31841229.0,11010600.0,1.946,1.988,1.946
2019-03-26,510880,红利ETF,1.905,43039273.0,15089900.0,1.953,1.967,1.9
2019-03-27,510880,红利ETF,1.95,28033924.0,9794400.0,1.92,1.953,1.916
2019-03-28,510880,红利ETF,1.937,33199949.0,11554663.0,1.95,1.964,1.928
2019-03-29,510880,红利ETF,1.994,53332956.0,18476300.0,1.937,2.001,1.92
2019-04-01,510880,红利ETF,2.071,59497545.0,19981367.0,1.997,2.075,1.997
2019-04-02,510880,红利ETF,2.069,35741667.0,11909066.0,2.082,2.089,2.063
2019-04-03,510880,红利ETF,2.101,32703705.0,10899463.0,2.065,2.105,2.037
2019-04-04,510880,红利ETF,2.136,35141505.0,11513230.0,2.118,2.143,2.105
2019-04-08,510880,红利ETF,2.151,53863859.0,17567869.0,2.145,2.168,2.106
2019-04-09,510880,红利ETF,2.144,21938531.0,7148706.0,2.145,2.155,2.13
2019-04-10,510880,红利ETF,2.137,22860270.0,7483800.0,2.135,2.157,2.112
2019-04-11,510880,红利ETF,2.11,28870634.0,9470800.0,2.137,2.152,2.096
2019-04-12,510880,红利ETF,2.086,30010571.0,9970400.0,2.105,2.106,2.068
2019-04-15,510880,红利ETF,2.08,37174207.0,12220583.0,2.135,2.14,2.076
2019-04-16,510880,红利ETF,2.12,50138597.0,16714339.0,2.074,2.12,2.04
2019-04-17,510880,红利ETF,2.124,37252116.0,12241800.0,2.119,2.134,2.097
2019-04-18,510880,红利ETF,2.1,20861899.0,6874500.0,2.125,2.125,2.097
2019-04-19,510880,红利ETF,2.107,22040679.0,7292400.0,2.1,2.115,2.077
2019-04-22,510880,红利ETF,2.047,45867857.0,15326600.0,2.11,2.113,2.045
2019-04-23,510880,红利ETF,2.02,42322795.0,14316900.0,2.045,2.049,2.016
2019-04-24,510880,红利ETF,2.041,30686316.0,10377706.0,2.02,2.044,2.008
2019-04-25,510880,红利ETF,1.974,50502739.0,17306100.0,2.04,2.04,1.971
2019-04-26,510880,红利ETF,1.94,49438124.0,17183004.0,1.973,1.973,1.936
2019-04-29,510880,红利ETF,1.922,42265402.0,14758370.0,1.94,1.958,1.921
2019-04-30,510880,红利ETF,1.949,28485509.0,9953701.0,1.924,1.952,1.92
2019-05-06,510880,红利ETF,1.816,103606677.0,37469300.0,1.906,1.91,1.785
2019-05-07,510880,红利ETF,1.846,43976252.0,15909220.0,1.821,1.854,1.821
2019-05-08,510880,红利ETF,1.816,41804381.0,15231121.0,1.816,1.848,1.795
2019-05-09,510880,红利ETF,1.775,49248658.0,18154000.0,1.802,1.811,1.773
2019-05-10,510880,红利ETF,1.835,56921456.0,20818606.0,1.79,1.838,1.752
2019-05-13,510880,红利ETF,1.797,32139558.0,11791900.0,1.795,1.814,1.79
2019-05-14,510880,红利ETF,1.781,30751233.0,11340800.0,1.787,1.797,1.774
2019-05-15,510880,红利ETF,1.822,30849940.0,11277200.0,1.794,1.828,1.793
2019-05-16,510880,红利ETF,1.835,22156407.0,8048200.0,1.822,1.838,1.796
2019-05-17,510880,红利ETF,1.779,37483837.0,13760800.0,1.835,1.842,1.776
2019-05-20,510880,红利ETF,1.766,30662879.0,11411600.0,1.779,1.79,1.747
2019-05-21,510880,红利ETF,1.793,24648934.0,9076000.0,1.771,1.808,1.764
2019-05-22,510880,红利ETF,1.79,14267884.0,5255600.0,1.792,1.8,1.778
2019-05-23,510880,红利ETF,1.762,34408987.0,12771400.0,1.784,1.784,1.76
2019-05-24,510880,红利ETF,1.762,25543600.0,9506101.0,1.764,1.775,1.755
2019-05-27,510880,红利ETF,1.789,29347967.0,10899806.0,1.762,1.79,1.746
2019-05-28,510880,红利ETF,1.79,27103626.0,9953606.0,1.789,1.812,1.781
2019-05-29,510880,红利ETF,1.793,17308899.0,6368555.0,1.79,1.802,1.786
2019-05-30,510880,红利ETF,1.793,17737385.0,6555000.0,1.789,1.793,1.774
2019-05-31,510880,红利ETF,1.788,14103418.0,5186200.0,1.792,1.805,1.785
2019-06-03,510880,红利ETF,1.776,22695758.0,8375100.0,1.796,1.804,1.77
2019-06-04,510880,红利ETF,1.766,18585086.0,6903800.0,1.775,1.776,1.763
2019-06-05,510880,红利ETF,1.777,24119471.0,8916800.0,1.786,1.793,1.773
2019-06-06,510880,红利ETF,1.75,30304556.0,11291600.0,1.775,1.775,1.75
2019-06-10,510880,红利ETF,1.774,15662269.0,5803000.0,1.76,1.787,1.756
2019-06-11,510880,红利ETF,1.834,44160779.0,16138607.0,1.778,1.835,1.776
2019-06-12,510880,红利ETF,1.816,17443779.0,6356907.0,1.831,1.831,1.811
2019-06-13,510880,红利ETF,1.807,23567496.0,8634900.0,1.815,1.816,1.79
2019-06-14,510880,红利ETF,1.783,20937719.0,7694200.0,1.801,1.815,1.782
2019-06-17,510880,红利ETF,1.791,13610065.0,5010882.0,1.783,1.801,1.777
2019-06-18,510880,红利ETF,1.794,16757763.0,6167600.0,1.792,1.799,1.787
2019-06-19,510880,红利ETF,1.813,35039584.0,12744082.0,1.832,1.843,1.813
2019-06-20,510880,红利ETF,1.861,54629865.0,19752251.0,1.813,1.871,1.81
2019-06-21,510880,红利ETF,1.867,28488506.0,10202745.0,1.861,1.878,1.856
2019-06-24,510880,红利ETF,1.869,27183325.0,9740500.0,1.867,1.872,1.858
2019-06-25,510880,红利ETF,1.844,26088819.0,9426145.0,1.868,1.87,1.826
2019-06-26,510880,红利ETF,1.85,14591724.0,5262345.0,1.839,1.856,1.835
2019-06-27,510880,红利ETF,1.872,22725421.0,8125745.0,1.852,1.88,1.852
2019-06-28,510880,红利ETF,1.861,37996781.0,13669000.0,1.872,1.874,1.849
2019-07-01,510880,红利ETF,1.901,32176883.0,11400653.0,1.905,1.905,1.888
2019-07-02,510880,红利ETF,1.914,28588185.0,10101501.0,1.9,1.916,1.894
2019-07-03,510880,红利ETF,1.916,22217373.0,7831800.0,1.913,1.92,1.903
2019-07-04,510880,红利ETF,1.913,23820866.0,8374201.0,1.913,1.931,1.905
2019-07-05,510880,红利ETF,1.918,9995864.0,3523300.0,1.914,1.922,1.902
2019-07-08,510880,红利ETF,1.857,35863775.0,12843400.0,1.912,1.918,1.846
2019-07-09,510880,红利ETF,1.854,14558709.0,5234700.0,1.856,1.867,1.85
2019-07-10,510880,红利ETF,1.838,17695529.0,6389000.0,1.854,1.863,1.833
2019-07-11,510880,红利ETF,1.839,19687326.0,7109800.0,1.843,1.859,1.833
2019-07-12,510880,红利ETF,1.852,10414967.0,3754721.0,1.842,1.855,1.835
2019-07-15,510880,红利ETF,1.853,18220808.0,6603121.0,1.851,1.862,1.811
2019-07-16,510880,红利ETF,1.855,11195543.0,4029128.0,1.852,1.86,1.846
2019-07-17,510880,红利ETF,1.852,9140199.0,3290300.0,1.852,1.859,1.843
2019-07-18,510880,红利ETF,1.826,19122846.0,6934300.0,1.846,1.846,1.826
2019-07-19,510880,红利ETF,1.843,11478627.0,4148700.0,1.825,1.854,1.825
2019-07-22,510880,红利ETF,1.822,17267514.0,6271000.0,1.843,1.851,1.817
2019-07-23,510880,红利ETF,1.833,9511079.0,3454200.0,1.825,1.834,1.823
2019-07-24,510880,红利ETF,1.854,15853472.0,5701200.0,1.835,1.863,1.835
2019-07-25,510880,红利ETF,1.869,14649366.0,5254800.0,1.856,1.87,1.855
2019-07-26,510880,红利ETF,1.88,15958721.0,5704900.0,1.868,1.883,1.862
2019-07-29,510880,红利ETF,1.885,16437983.0,5855200.0,1.88,1.887,1.875
2019-07-30,510880,红利ETF,1.901,12957256.0,4585400.0,1.883,1.909,1.883
2019-07-31,510880,红利ETF,1.883,12470634.0,4439200.0,1.897,1.897,1.878
2019-08-01,510880,红利ETF,1.862,16078977.0,5762000.0,1.88,1.88,1.856
2019-08-02,510880,红利ETF,1.826,42477397.0,15467300.0,1.824,1.828,1.816
2019-08-05,510880,红利ETF,1.781,43107292.0,15845700.0,1.822,1.822,1.778
2019-08-06,510880,红利ETF,1.735,53981178.0,20316200.0,1.755,1.757,1.705
2019-08-07,510880,红利ETF,1.727,20166129.0,7581100.0,1.742,1.745,1.727
2019-08-08,510880,红利ETF,1.748,14252062.0,5337200.0,1.736,1.752,1.736
2019-08-09,510880,红利ETF,1.75,22741169.0,8503200.0,1.758,1.76,1.741
2019-08-12,510880,红利ETF,1.779,15395697.0,5731200.0,1.749,1.779,1.745
2019-08-13,510880,红利ETF,1.763,14969555.0,5568300.0,1.769,1.769,1.76
2019-08-14,510880,红利ETF,1.769,17674501.0,6531200.0,1.778,1.794,1.767
2019-08-15,510880,红利ETF,1.783,16908254.0,6292800.0,1.747,1.786,1.732
2019-08-16,510880,红利ETF,1.784,13946322.0,5145800.0,1.787,1.794,1.777
2019-08-19,510880,红利ETF,1.828,28256522.0,10329821.0,1.786,1.829,1.786
2019-08-20,510880,红利ETF,1.834,20702403.0,7522221.0,1.829,1.835,1.819
2019-08-21,510880,红利ETF,1.833,12398310.0,4496500.0,1.832,1.838,1.826
2019-08-22,510880,红利ETF,1.825,16819855.0,6121200.0,1.833,1.835,1.816
2019-08-23,510880,红利ETF,1.832,24481652.0,8899399.0,1.825,1.835,1.816
2019-08-26,510880,红利ETF,1.819,18642233.0,6815923.0,1.805,1.823,1.796
2019-08-27,510880,红利ETF,1.855,33521612.0,12087000.0,1.819,1.864,1.817
2019-08-28,510880,红利ETF,1.842,16229891.0,5860100.0,1.849,1.856,1.836
2019-08-29,510880,红利ETF,1.829,17719684.0,6433200.0,1.845,1.847,1.822
2019-08-30,510880,红利ETF,1.814,25820809.0,9372901.0,1.837,1.848,1.811
2019-09-02,510880,红利ETF,1.845,19779892.0,7149500.0,1.816,1.855,1.816
2019-09-03,510880,红利ETF,1.854,12214883.0,4407500.0,1.846,1.854,1.842
2019-09-04,510880,红利ETF,1.89,24209026.0,8658002.0,1.854,1.893,1.851
2019-09-05,510880,红利ETF,1.913,35393477.0,12417900.0,1.9,1.941,1.899
2019-09-06,510880,红利ETF,1.925,21704300.0,7628900.0,1.915,1.927,1.911
2019-09-09,510880,红利ETF,1.939,17839173.0,6233900.0,1.945,1.952,1.93
2019-09-10,510880,红利ETF,1.93,14181160.0,4972306.0,1.939,1.94,1.922
2019-09-11,510880,红利ETF,1.924,19462514.0,6822006.0,1.934,1.938,1.922
2019-09-12,510880,红利ETF,1.941,16807249.0,5873000.0,1.925,1.947,1.925
2019-09-16,510880,红利ETF,1.95,19121274.0,6651600.0,1.944,1.956,1.942
2019-09-17,510880,红利ETF,1.915,22380682.0,7858640.0,1.948,1.948,1.905
2019-09-18,510880,红利ETF,1.918,10917302.0,3842000.0,1.917,1.923,1.913
2019-09-19,510880,红利ETF,1.921,8337154.0,2934876.0,1.917,1.921,1.909
2019-09-20,510880,红利ETF,1.922,9150487.0,3212776.0,1.922,1.928,1.919
2019-09-23,510880,红利ETF,1.894,20841669.0,7401253.0,1.92,1.921,1.881
2019-09-24,510880,红利ETF,1.897,13370587.0,4732500.0,1.897,1.913,1.891
2019-09-25,510880,红利ETF,1.87,18174404.0,6489500.0,1.897,1.897,1.868
2019-09-26,510880,红利ETF,1.87,17019123.0,6083700.0,1.874,1.884,1.865
2019-09-27,510880,红利ETF,1.856,21180059.0,7613100.0,1.87,1.872,1.851
2019-09-30,510880,红利ETF,1.838,24952577.0,9006600.0,1.854,1.857,1.831
2019-10-08,510880,红利ETF,1.848,16456234.0,5939255.0,1.841,1.855,1.833
2019-10-09,510880,红利ETF,1.87,15394187.0,5526900.0,1.843,1.873,1.836
2019-10-10,510880,红利ETF,1.882,15915777.0,5682655.0,1.871,1.883,1.87
2019-10-11,510880,红利ETF,1.911,27220660.0,9632155.0,1.886,1.917,1.886
2019-10-14,510880,红利ETF,1.937,31933959.0,11154208.0,1.916,1.952,1.916
2019-10-15,510880,红利ETF,1.924,15001217.0,5261453.0,1.936,1.939,1.919
2019-10-16,510880,红利ETF,1.917,15690843.0,5507953.0,1.92,1.943,1.914
2019-10-17,510880,红利ETF,1.902,13275149.0,4690053.0,1.906,1.917,1.896
2019-10-18,510880,红利ETF,1.873,25126581.0,8946211.0,1.905,1.913,1.864
2019-10-21,510880,红利ETF,1.878,16409816.0,5869243.0,1.872,1.883,1.857
2019-10-22,510880,红利ETF,1.882,16957233.0,6054900.0,1.879,1.884,1.867
2019-10-23,510880,红利ETF,1.877,10921840.0,3895200.0,1.882,1.885,1.871
2019-10-24,510880,红利ETF,1.882,10410815.0,3712506.0,1.873,1.888,1.869
2019-10-25,510880,红利ETF,1.885,15035453.0,5371353.0,1.88,1.885,1.862
2019-10-28,510880,红利ETF,1.895,26110860.0,9273401.0,1.884,1.897,1.884
2019-10-29,510880,红利ETF,1.883,15408423.0,5480100.0,1.895,1.895,1.883
2019-10-30,510880,红利ETF,1.852,31241138.0,11233901.0,1.88,1.88,1.847
2019-10-31,510880,红利ETF,1.84,24917226.0,8996455.0,1.852,1.853,1.836
2019-11-01,510880,红利ETF,1.864,21140051.0,7617755.0,1.837,1.866,1.831
2019-11-04,510880,红利ETF,1.872,21466841.0,7668443.0,1.865,1.88,1.86
2019-11-05,510880,红利ETF,1.886,26049067.0,9269481.0,1.876,1.903,1.869
2019-11-06,510880,红利ETF,1.869,18430862.0,6579183.0,1.886,1.886,1.865
2019-11-07,510880,红利ETF,1.876,13803365.0,4931692.0,1.869,1.882,1.868
2019-11-08,510880,红利ETF,1.866,19519797.0,6967800.0,1.895,1.896,1.862
2019-11-11,510880,红利ETF,1.815,60754919.0,22050900.0,1.86,1.86,1.814
2019-11-12,510880,红利ETF,1.82,27453927.0,10019353.0,1.815,1.822,1.805
2019-11-13,510880,红利ETF,1.807,26134995.0,9563200.0,1.817,1.817,1.803
2019-11-14,510880,红利ETF,1.805,16961019.0,6215200.0,1.807,1.809,1.798
2019-11-15,510880,红利ETF,1.79,27705193.0,10174100.0,1.805,1.808,1.79
2019-11-18,510880,红利ETF,1.804,22819153.0,8403398.0,1.792,1.805,1.778
2019-11-19,510880,红利ETF,1.825,19317838.0,7039700.0,1.809,1.826,1.803
2019-11-20,510880,红利ETF,1.813,42057178.0,15329500.0,1.826,1.829,1.811
2019-11-21,510880,红利ETF,1.811,12231808.0,4473300.0,1.81,1.816,1.8
2019-11-22,510880,红利ETF,1.813,19048943.0,6952800.0,1.815,1.831,1.804
2019-11-25,510880,红利ETF,1.844,34674320.0,12577100.0,1.813,1.849,1.812
2019-11-26,510880,红利ETF,1.838,15538104.0,5616800.0,1.853,1.854,1.835
2019-11-27,510880,红利ETF,1.832,12560721.0,4552210.0,1.838,1.842,1.827
2019-11-28,510880,红利ETF,1.825,16718403.0,6077400.0,1.83,1.836,1.822
2019-11-29,510880,红利ETF,1.819,16811716.0,6125630.0,1.822,1.83,1.813
2019-12-02,510880,红利ETF,1.827,20488274.0,7437600.0,1.818,1.838,1.818
2019-12-03,510880,红利ETF,1.83,14296265.0,5204803.0,1.825,1.831,1.814
2019-12-04,510880,红利ETF,1.816,20616694.0,7520901.0,1.82,1.829,1.809
2019-12-05,510880,红利ETF,1.829,39255705.0,14268211.0,1.822,1.832,1.819
2019-12-06,510880,红利ETF,1.824,23331690.0,8493800.0,1.828,1.831,1.816
2019-12-09,510880,红利ETF,1.84,27829928.0,10090000.0,1.823,1.842,1.823
2019-12-10,510880,红利ETF,1.847,23279552.0,8416290.0,1.84,1.847,1.837
2019-12-11,510880,红利ETF,1.862,58434315.0,20977900.0,1.847,1.866,1.847
2019-12-12,510880,红利ETF,1.861,22050409.0,7917750.0,1.862,1.865,1.856
2019-12-13,510880,红利ETF,1.892,34946634.0,12437900.0,1.873,1.896,1.873
2019-12-16,510880,红利ETF,1.916,39520761.0,13949249.0,1.901,1.917,1.9
2019-12-17,510880,红利ETF,1.935,55181057.0,19326500.0,1.916,1.953,1.907
2019-12-18,510880,红利ETF,1.93,36127960.0,12622800.0,1.935,1.946,1.927
2019-12-19,510880,红利ETF,1.938,39725148.0,13892591.0,1.933,1.94,1.929
2019-12-20,510880,红利ETF,1.923,32658865.0,11431000.0,1.94,1.942,1.921
2019-12-23,510880,红利ETF,1.892,41409669.0,14617300.0,1.923,1.926,1.889
2019-12-24,510880,红利ETF,1.9,39826822.0,14149300.0,1.893,1.901,1.881
2019-12-25,510880,红利ETF,1.9,22709711.0,8047400.0,1.9,1.902,1.89
2019-12-26,510880,红利ETF,1.928,22034426.0,7753852.0,1.902,1.929,1.901
2019-12-27,510880,红利ETF,1.93,37016129.0,12930400.0,1.93,1.948,1.93
2019-12-30,510880,红利ETF,1.954,41197181.0,14370501.0,1.928,1.955,1.921
2019-12-31,510880,红利ETF,1.972,38845525.0,13474858.0,1.954,1.975,1.95
2020-01-02,510880,红利ETF,2.009,62973571.0,21465600.0,1.985,2.018,1.985
2020-01-03,510880,红利ETF,2.002,53770238.0,18358800.0,2.009,2.014,1.993
2020-01-06,510880,红利ETF,1.996,45362862.0,15483437.0,1.998,2.02,1.991
2020-01-07,510880,红利ETF,2.016,32464817.0,11067900.0,1.994,2.017,1.994
2020-01-08,510880,红利ETF,1.996,98451932.0,33632500.0,2.014,2.014,1.989
2020-01-09,510880,红利ETF,2.019,90678072.0,30841600.0,2.005,2.021,2.005
2020-01-10,510880,红利ETF,2.01,79515320.0,27117800.0,2.021,2.026,1.998
2020-01-13,510880,红利ETF,2.021,45113383.0,15377228.0,2.011,2.023,1.998
2020-01-14,510880,红利ETF,2.036,99691694.0,33683100.0,2.029,2.041,2.026
2020-01-15,510880,红利ETF,2.026,82198875.0,27896176.0,2.034,2.037,2.01
2020-01-16,510880,红利ETF,2.022,39505598.0,13418300.0,2.026,2.029,2.014
2020-01-17,510880,红利ETF,2.003,139739876.0,50045800.0,2.019,2.035,1.999
2020-01-20,510880,红利ETF,2.003,49786068.0,17899418.0,2.003,2.008,1.989
2020-01-21,510880,红利ETF,1.952,103736489.0,37772200.0,2.003,2.019,1.95
2020-01-22,510880,红利ETF,1.948,76434952.0,28097100.0,1.951,1.961,1.913
2020-01-23,510880,红利ETF,1.886,140102816.0,52207000.0,1.939,1.949,1.868
2020-02-03,510880,红利ETF,1.637,273345272.0,112035245.0,1.675,1.675,1.629
2020-02-04,510880,红利ETF,1.701,118270914.0,48179164.0,1.637,1.702,1.632
2020-02-05,510880,红利ETF,1.733,122103113.0,48715800.0,1.702,1.752,1.695
2020-02-06,510880,红利ETF,1.739,100369276.0,40017228.0,1.735,1.749,1.709
2020-02-07,510880,红利ETF,1.733,71327681.0,28510302.0,1.732,1.734,1.709
2020-02-10,510880,红利ETF,1.776,123865009.0,48961841.0,1.732,1.777,1.715
2020-02-11,510880,红利ETF,1.79,59931699.0,23276100.0,1.782,1.804,1.772
2020-02-12,510880,红利ETF,1.797,40669799.0,15841800.0,1.79,1.797,1.776
2020-02-13,510880,红利ETF,1.781,41735460.0,16242100.0,1.795,1.8,1.779
2020-02-14,510880,红利ETF,1.796,35369095.0,13772501.0,1.778,1.797,1.777
2020-02-17,510880,红利ETF,1.841,53193444.0,20454525.0,1.796,1.842,1.796
2020-02-18,510880,红利ETF,1.843,50549235.0,19276778.0,1.842,1.854,1.831
2020-02-19,510880,红利ETF,1.841,43943939.0,16729928.0,1.842,1.853,1.834
2020-02-20,510880,红利ETF,1.877,72937111.0,27621300.0,1.841,1.878,1.838
2020-02-21,510880,红利ETF,1.893,93242672.0,34861600.0,1.877,1.911,1.874
2020-02-24,510880,红利ETF,1.875,78397388.0,29550843.0,1.891,1.891,1.857
2020-02-25,510880,红利ETF,1.841,86201915.0,32986360.0,1.844,1.845,1.799
2020-02-26,510880,红利ETF,1.848,77769726.0,29497556.0,1.809,1.88,1.809
2020-02-27,510880,红利ETF,1.85,40738834.0,15448549.0,1.853,1.871,1.844
2020-02-28,510880,红利ETF,1.777,117307850.0,45632100.0,1.819,1.82,1.764
2020-03-02,510880,红利ETF,1.856,66931760.0,25554100.0,1.778,1.863,1.778
2020-03-03,510880,红利ETF,1.863,74123983.0,27956618.0,1.879,1.899,1.847
2020-03-04,510880,红利ETF,1.887,51504815.0,19448548.0,1.856,1.888,1.848
2020-03-05,510880,红利ETF,1.909,71445259.0,26597931.0,1.894,1.915,1.891
2020-03-06,510880,红利ETF,1.886,41700405.0,15650597.0,1.894,1.894,1.874
2020-03-09,510880,红利ETF,1.815,78723001.0,30188173.0,1.84,1.849,1.812
2020-03-10,510880,红利ETF,1.852,62780319.0,24092650.0,1.809,1.858,1.797
2020-03-11,510880,红利ETF,1.836,73949018.0,28118900.0,1.852,1.862,1.835
2020-03-12,510880,红利ETF,1.795,123026418.0,47657300.0,1.816,1.817,1.787
2020-03-13,510880,红利ETF,1.751,123932274.0,49634650.0,1.719,1.771,1.69
2020-03-16,510880,红利ETF,1.693,175597107.0,70245868.0,1.754,1.782,1.685
2020-03-17,510880,红利ETF,1.67,167649515.0,68388262.0,1.694,1.719,1.634
2020-03-18,510880,红利ETF,1.644,53621865.0,21863200.0,1.68,1.701,1.637
2020-03-19,510880,红利ETF,1.601,163124920.0,68702263.0,1.639,1.643,1.565
2020-03-20,510880,红利ETF,1.626,107946086.0,45074183.0,1.611,1.627,1.594
2020-03-23,510880,红利ETF,1.551,115581757.0,49328364.0,1.588,1.588,1.545
2020-03-24,510880,红利ETF,1.593,40135107.0,17001240.0,1.587,1.597,1.56
2020-03-25,510880,红利ETF,1.65,47980377.0,19826541.0,1.631,1.657,1.627
2020-03-26,510880,红利ETF,1.632,27863057.0,11516199.0,1.647,1.649,1.63
2020-03-27,510880,红利ETF,1.645,32569254.0,13388400.0,1.652,1.668,1.642
2020-03-30,510880,红利ETF,1.623,27207591.0,11349053.0,1.627,1.634,1.605
2020-03-31,510880,红利ETF,1.618,27981641.0,11625840.0,1.637,1.643,1.616
2020-04-01,510880,红利ETF,1.602,37211015.0,15514879.0,1.618,1.631,1.602
2020-04-02,510880,红利ETF,1.628,23115621.0,9669171.0,1.599,1.63,1.569
2020-04-03,510880,红利ETF,1.621,27870440.0,11607900.0,1.628,1.633,1.612
2020-04-07,510880,红利ETF,1.656,71197076.0,29299431.0,1.643,1.658,1.641
2020-04-08,510880,红利ETF,1.657,42638473.0,17540055.0,1.653,1.658,1.643
2020-04-09,510880,红利ETF,1.656,25092264.0,10279134.0,1.659,1.667,1.655
2020-04-10,510880,红利ETF,1.639,29270705.0,12059576.0,1.656,1.662,1.634
2020-04-13,510880,红利ETF,1.629,34854720.0,14483012.0,1.639,1.64,1.62
2020-04-14,510880,红利ETF,1.653,19635709.0,8102577.0,1.632,1.654,1.632
2020-04-15,510880,红利ETF,1.644,25590180.0,10541901.0,1.655,1.658,1.64
2020-04-16,510880,红利ETF,1.636,18407450.0,7619700.0,1.64,1.643,1.629
2020-04-17,510880,红利ETF,1.643,28853016.0,11883921.0,1.643,1.654,1.64
2020-04-20,510880,红利ETF,1.646,19036158.0,7853968.0,1.643,1.647,1.635
2020-04-21,510880,红利ETF,1.63,37874121.0,15734320.0,1.645,1.645,1.616
2020-04-22,510880,红利ETF,1.631,24349178.0,10132561.0,1.623,1.632,1.613
2020-04-23,510880,红利ETF,1.623,19257913.0,7994500.0,1.632,1.636,1.622
2020-04-24,510880,红利ETF,1.605,90883924.0,37980200.0,1.622,1.623,1.601
2020-04-27,510880,红利ETF,1.616,24798664.0,10356299.0,1.606,1.62,1.605
2020-04-28,510880,红利ETF,1.598,41270508.0,17382100.0,1.614,1.615,1.565
2020-04-29,510880,红利ETF,1.63,117150978.0,48644250.0,1.597,1.635,1.594
2020-04-30,510880,红利ETF,1.671,46484089.0,19040569.0,1.632,1.671,1.632
2020-05-06,510880,红利ETF,1.67,31727833.0,13009169.0,1.661,1.67,1.641
2020-05-07,510880,红利ETF,1.671,24666261.0,10075828.0,1.67,1.674,1.659
2020-05-08,510880,红利ETF,1.688,27419101.0,11128490.0,1.672,1.691,1.672
2020-05-11,510880,红利ETF,1.686,51939193.0,21041200.0,1.688,1.702,1.676
2020-05-12,510880,红利ETF,1.675,26317435.0,10720100.0,1.686,1.688,1.665
2020-05-13,510880,红利ETF,1.677,23617878.0,9637900.0,1.669,1.68,1.66
2020-05-14,510880,红利ETF,1.653,190026189.0,77861700.0,1.677,1.678,1.653
2020-05-15,510880,红利ETF,1.648,62064873.0,25505300.0,1.655,1.663,1.646
2020-05-18,510880,红利ETF,1.648,21022955.0,8652600.0,1.649,1.655,1.641
2020-05-19,510880,红利ETF,1.656,16948798.0,6950400.0,1.654,1.665,1.65
2020-05-20,510880,红利ETF,1.64,32309727.0,13320500.0,1.656,1.657,1.638
2020-05-21,510880,红利ETF,1.632,23388835.0,9665100.0,1.641,1.646,1.629
2020-05-22,510880,红利ETF,1.598,65090336.0,27280200.0,1.633,1.634,1.59
2020-05-25,510880,红利ETF,1.597,23696059.0,9989000.0,1.598,1.599,1.583
2020-05-26,510880,红利ETF,1.609,18940283.0,7941076.0,1.599,1.61,1.598
2020-05-27,510880,红利ETF,1.621,62509329.0,26009376.0,1.61,1.627,1.608
2020-05-28,510880,红利ETF,1.625,63106460.0,26277401.0,1.621,1.633,1.61
2020-05-29,510880,红利ETF,1.611,23868146.0,9977137.0,1.622,1.622,1.605
2020-06-01,510880,红利ETF,1.651,52608255.0,21745950.0,1.611,1.652,1.611
2020-06-02,510880,红利ETF,1.657,34259832.0,14063069.0,1.651,1.662,1.649
2020-06-03,510880,红利ETF,1.667,32075021.0,13050798.0,1.664,1.684,1.664
2020-06-04,510880,红利ETF,1.678,41494345.0,16885371.0,1.686,1.688,1.669
2020-06-05,510880,红利ETF,1.663,24373943.0,9975000.0,1.678,1.678,1.655
2020-06-08,510880,红利ETF,1.673,26947076.0,10981565.0,1.665,1.679,1.665
2020-06-09,510880,红利ETF,1.679,22998635.0,9353999.0,1.673,1.681,1.673
2020-06-10,510880,红利ETF,1.669,19367438.0,7905475.0,1.679,1.68,1.665
2020-06-11,510880,红利ETF,1.652,40868325.0,16735794.0,1.671,1.672,1.649
2020-06-12,510880,红利ETF,1.649,19284839.0,7978310.0,1.639,1.65,1.62
2020-06-15,510880,红利ETF,1.633,26533394.0,10970301.0,1.649,1.65,1.63
2020-06-16,510880,红利ETF,1.661,26556886.0,10908326.0,1.639,1.663,1.639
2020-06-17,510880,红利ETF,1.669,21854047.0,8927254.0,1.661,1.675,1.66
2020-06-18,510880,红利ETF,1.69,42231964.0,17106447.0,1.669,1.696,1.663
2020-06-19,510880,红利ETF,1.687,29317250.0,11886817.0,1.69,1.692,1.681
2020-06-22,510880,红利ETF,1.675,33299644.0,13525131.0,1.687,1.689,1.672
2020-06-23,510880,红利ETF,1.666,25303913.0,10342342.0,1.675,1.675,1.661
2020-06-24,510880,红利ETF,1.669,26594894.0,10856442.0,1.667,1.674,1.665
2020-06-29,510880,红利ETF,1.651,47366741.0,19448400.0,1.669,1.669,1.648
2020-06-30,510880,红利ETF,1.668,38082316.0,15570536.0,1.655,1.67,1.655
2020-07-01,510880,红利ETF,1.708,73582846.0,29737649.0,1.67,1.709,1.67
2020-07-02,510880,红利ETF,1.765,77790752.0,30811623.0,1.709,1.767,1.699
2020-07-03,510880,红利ETF,1.802,84128419.0,32670780.0,1.769,1.81,1.769
2020-07-06,510880,红利ETF,1.985,335636633.0,124745179.0,1.816,1.992,1.816
2020-07-07,510880,红利ETF,1.942,271302252.0,98402743.0,2.002,2.072,1.929
2020-07-08,510880,红利ETF,1.982,128657329.0,47165112.0,1.943,1.985,1.914
2020-07-09,510880,红利ETF,1.994,117747755.0,42765544.0,1.979,2.001,1.945
2020-07-10,510880,红利ETF,1.932,101117270.0,37008709.0,1.994,1.994,1.919
2020-07-13,510880,红利ETF,1.985,106373636.0,38728155.0,1.931,1.993,1.924
2020-07-14,510880,红利ETF,1.969,85222858.0,30940007.0,1.987,2.012,1.931
2020-07-15,510880,红利ETF,1.929,94254557.0,34679511.0,1.979,1.985,1.904
2020-07-16,510880,红利ETF,1.857,157999641.0,58599094.0,1.929,1.951,1.855
2020-07-17,510880,红利ETF,1.859,77658678.0,29394901.0,1.858,1.889,1.839
2020-07-20,510880,红利ETF,1.96,105211891.0,38802901.0,1.863,1.963,1.863
2020-07-21,510880,红利ETF,1.953,64526973.0,23558385.0,1.964,1.975,1.944
2020-07-22,510880,红利ETF,1.954,77405401.0,28182310.0,1.953,1.986,1.95
2020-07-23,510880,红利ETF,1.921,64632557.0,23980259.0,1.951,1.951,1.881
2020-07-24,510880,红利ETF,1.844,80259980.0,30262153.0,1.921,1.922,1.827
2020-07-27,510880,红利ETF,1.831,46116246.0,17652155.0,1.844,1.859,1.816
2020-07-28,510880,红利ETF,1.85,36238028.0,13779755.0,1.833,1.862,1.833
2020-07-29,510880,红利ETF,1.881,49853066.0,18831000.0,1.841,1.886,1.832
2020-07-30,510880,红利ETF,1.883,38197043.0,14300005.0,1.893,1.904,1.882
2020-07-31,510880,红利ETF,1.902,45235326.0,16872600.0,1.884,1.919,1.879
2020-08-03,510880,红利ETF,1.963,106396095.0,38991010.0,1.921,1.965,1.921
2020-08-04,510880,红利ETF,1.964,93639375.0,34065113.0,1.977,1.984,1.949
2020-08-05,510880,红利ETF,1.949,32472526.0,11912412.0,1.964,1.964,1.927
2020-08-06,510880,红利ETF,1.962,60406271.0,22095712.0,1.95,1.966,1.933
2020-08-07,510880,红利ETF,1.957,72247637.0,26491100.0,1.962,1.962,1.929
2020-08-10,510880,红利ETF,1.989,141510518.0,51219000.0,1.959,1.996,1.959
2020-08-11,510880,红利ETF,1.976,107374357.0,38725738.0,1.989,2.017,1.969
2020-08-12,510880,红利ETF,1.956,78540471.0,28792438.0,1.976,1.976,1.922
2020-08-13,510880,红利ETF,1.98,80813546.0,29272279.0,1.961,1.987,1.959
2020-08-14,510880,红利ETF,1.994,53639602.0,19437479.0,1.982,1.996,1.949
2020-08-17,510880,红利ETF,2.056,119849839.0,42424966.0,1.999,2.069,1.999
2020-08-18,510880,红利ETF,2.059,69438217.0,24444800.0,2.057,2.067,2.051
2020-08-19,510880,红利ETF,2.051,73408872.0,25836863.0,2.062,2.079,2.044
2020-08-20,510880,红利ETF,2.036,51066795.0,18092500.0,2.051,2.054,2.029
2020-08-21,510880,红利ETF,2.033,61897373.0,21971653.0,2.037,2.048,2.02
2020-08-24,510880,红利ETF,2.037,52289385.0,18544900.0,2.041,2.047,2.031
2020-08-25,510880,红利ETF,2.024,66759614.0,23720800.0,2.048,2.055,2.017
2020-08-26,510880,红利ETF,1.984,80913934.0,29135700.0,2.024,2.026,1.976
2020-08-27,510880,红利ETF,1.985,40404289.0,14644100.0,1.986,1.992,1.964
2020-08-28,510880,红利ETF,2.018,45376963.0,16309809.0,1.985,2.021,1.981
2020-08-31,510880,红利ETF,2.008,65267813.0,23266700.0,2.026,2.036,2.007
2020-09-01,510880,红利ETF,2.006,41358405.0,14881400.0,2.008,2.01,1.985
2020-09-02,510880,红利ETF,2.006,35072501.0,12580046.0,2.009,2.018,1.994
2020-09-03,510880,红利ETF,2.001,43261289.0,15520500.0,2.006,2.023,1.994
2020-09-04,510880,红利ETF,1.981,64665831.0,23513500.0,2.0,2.0,1.956
2020-09-07,510880,红利ETF,1.968,66094335.0,23904000.0,1.984,2.005,1.964
2020-09-08,510880,红利ETF,1.98,50874352.0,18505900.0,1.971,1.985,1.959
2020-09-09,510880,红利ETF,1.958,61736833.0,22490200.0,1.968,1.976,1.944
2020-09-10,510880,红利ETF,1.94,60782705.0,22214200.0,1.962,1.975,1.937
2020-09-11,510880,红利ETF,1.937,58411098.0,21580310.0,1.941,1.942,1.916
2020-09-14,510880,红利ETF,1.939,49250503.0,18116100.0,1.94,1.946,1.929
2020-09-15,510880,红利ETF,1.947,36514086.0,13407600.0,1.941,1.947,1.935
2020-09-16,510880,红利ETF,1.955,36163205.0,13233200.0,1.947,1.965,1.941
2020-09-17,510880,红利ETF,1.958,41304773.0,15109799.0,1.955,1.968,1.944
2020-09-18,510880,红利ETF,1.992,46349784.0,16807856.0,1.959,1.993,1.953
2020-09-21,510880,红利ETF,1.98,55106746.0,19910400.0,1.994,1.997,1.977
2020-09-22,510880,红利ETF,1.948,62644825.0,22888500.0,1.978,1.978,1.942
2020-09-23,510880,红利ETF,1.947,36709774.0,13461121.0,1.949,1.957,1.94
2020-09-24,510880,红利ETF,1.908,119783094.0,44416800.0,1.947,1.948,1.904
2020-09-25,510880,红利ETF,1.902,77525757.0,28910200.0,1.911,1.919,1.887
2020-09-28,510880,红利ETF,1.904,50310694.0,18749300.0,1.903,1.91,1.896
2020-09-29,510880,红利ETF,1.904,50226038.0,18680200.0,1.906,1.918,1.899
2020-09-30,510880,红利ETF,1.897,110765364.0,41309900.0,1.904,1.914,1.885
2020-10-09,510880,红利ETF,1.934,111125926.0,40924200.0,1.914,1.943,1.914
2020-10-12,510880,红利ETF,1.979,126423400.0,46064600.0,1.936,1.98,1.936
2020-10-13,510880,红利ETF,1.974,95966368.0,34909088.0,1.981,1.985,1.96
2020-10-14,510880,红利ETF,1.962,74019256.0,26976790.0,1.975,1.977,1.959
2020-10-15,510880,红利ETF,1.954,74282779.0,27133500.0,1.962,1.964,1.951
2020-10-16,510880,红利ETF,1.957,64969079.0,23739384.0,1.954,1.964,1.95
2020-10-19,510880,红利ETF,1.946,101239060.0,36930285.0,1.96,1.984,1.943
2020-10-20,510880,红利ETF,1.942,88480760.0,32603500.0,1.946,1.946,1.926
2020-10-21,510880,红利ETF,1.938,64472769.0,23769600.0,1.942,1.945,1.926
2020-10-22,510880,红利ETF,1.926,58869977.0,21742300.0,1.938,1.94,1.922
2020-10-23,510880,红利ETF,1.918,85140349.0,31477200.0,1.927,1.935,1.915
2020-10-26,510880,红利ETF,1.902,122566975.0,45663300.0,1.917,1.918,1.896
2020-10-27,510880,红利ETF,1.894,81001808.0,30302600.0,1.9,1.901,1.886
2020-10-28,510880,红利ETF,1.898,71003267.0,26585300.0,1.894,1.901,1.879
2020-10-29,510880,红利ETF,1.922,68721500.0,25558298.0,1.89,1.928,1.881
2020-10-30,510880,红利ETF,1.906,123949283.0,45852800.0,1.922,1.939,1.903
2020-11-02,510880,红利ETF,1.917,75251306.0,27923400.0,1.907,1.922,1.907
2020-11-03,510880,红利ETF,1.935,65332039.0,24090253.0,1.919,1.937,1.919
2020-11-04,510880,红利ETF,1.96,97888753.0,35806409.0,1.938,1.962,1.938
2020-11-05,510880,红利ETF,2.006,203925070.0,73543686.0,1.975,2.009,1.975
2020-11-06,510880,红利ETF,2.029,128530808.0,45967140.0,2.006,2.03,2.001
2020-11-09,510880,红利ETF,2.08,128957853.0,45194953.0,2.044,2.084,2.044
2020-11-10,510880,红利ETF,2.069,109412684.0,38248200.0,2.089,2.097,2.063
2020-11-11,510880,红利ETF,2.084,84417847.0,29470659.0,2.068,2.097,2.06
2020-11-12,510880,红利ETF,2.097,69508821.0,24220900.0,2.084,2.099,2.074
2020-11-13,510880,红利ETF,2.077,102844184.0,36077100.0,2.097,2.097,2.059
2020-11-16,510880,红利ETF,2.134,111162587.0,38361550.0,2.087,2.136,2.087
2020-11-17,510880,红利ETF,2.145,133807502.0,45682866.0,2.135,2.159,2.135
2020-11-18,510880,红利ETF,2.159,105357250.0,35912700.0,2.145,2.162,2.14
2020-11-19,510880,红利ETF,2.14,125980432.0,43161200.0,2.159,2.161,2.13
2020-11-20,510880,红利ETF,2.155,79757752.0,27296501.0,2.14,2.155,2.127
2020-11-23,510880,红利ETF,2.199,127699260.0,42959258.0,2.158,2.214,2.157
2020-11-24,510880,红利ETF,2.194,131167208.0,44132800.0,2.205,2.209,2.18
2020-11-25,510880,红利ETF,2.162,170650783.0,57585101.0,2.196,2.208,2.159
2020-11-26,510880,红利ETF,2.154,90782480.0,31007500.0,2.162,2.163,2.138
2020-11-27,510880,红利ETF,2.175,96718857.0,32894000.0,2.154,2.179,2.141
2020-11-30,510880,红利ETF,2.148,152637647.0,51682300.0,2.177,2.199,2.143
2020-12-01,510880,红利ETF,2.154,116442245.0,39893801.0,2.148,2.159,2.124
2020-12-02,510880,红利ETF,2.156,64550266.0,21991109.0,2.155,2.164,2.14
2020-12-03,510880,红利ETF,2.131,140638710.0,48251100.0,2.154,2.154,2.125
2020-12-04,510880,红利ETF,2.12,150592675.0,52082569.0,2.131,2.132,2.098
2020-12-07,510880,红利ETF,2.076,216417847.0,75372200.0,2.121,2.126,2.076
2020-12-08,510880,红利ETF,2.069,126420293.0,44291900.0,2.077,2.089,2.064
2020-12-09,510880,红利ETF,2.031,187336248.0,66156400.0,2.07,2.072,2.029
2020-12-10,510880,红利ETF,2.048,119307764.0,42267200.0,2.031,2.051,2.03
2020-12-11,510880,红利ETF,2.041,156835352.0,55688600.0,2.049,2.059,2.019
2020-12-14,510880,红利ETF,2.003,264092476.0,94869800.0,2.042,2.045,1.991
2020-12-15,510880,红利ETF,1.99,290263523.0,105006300.0,2.004,2.006,1.97
2020-12-16,510880,红利ETF,1.988,235116497.0,84800000.0,1.99,2.0,1.982
2020-12-17,510880,红利ETF,2.014,220160391.0,79628901.0,1.988,2.014,1.966
2020-12-18,510880,红利ETF,2.032,196894103.0,69945300.0,2.014,2.048,2.014
2020-12-21,510880,红利ETF,2.036,153022200.0,54380600.0,2.032,2.044,2.015
2020-12-22,510880,红利ETF,1.977,387481612.0,139462000.0,2.034,2.034,1.97
2020-12-23,510880,红利ETF,1.98,183850257.0,66569592.0,1.979,1.99,1.969
2020-12-24,510880,红利ETF,1.97,244001282.0,88711500.0,1.981,1.99,1.96
2020-12-25,510880,红利ETF,1.98,120726443.0,43828682.0,1.969,1.992,1.956
2020-12-28,510880,红利ETF,1.967,199890477.0,72723800.0,1.98,1.984,1.959
2020-12-29,510880,红利ETF,1.942,286844709.0,104982700.0,1.968,1.975,1.94
2020-12-30,510880,红利ETF,1.947,135138473.0,49561000.0,1.943,1.958,1.933
2020-12-31,510880,红利ETF,1.958,209146504.0,76564118.0,1.947,1.961,1.94
2021-01-04,510880,红利ETF,1.965,244058653.0,89204540.0,1.958,1.965,1.94
2021-01-05,510880,红利ETF,1.943,521180251.0,192253570.0,1.965,1.965,1.92
2021-01-06,510880,红利ETF,1.94,221425261.0,81536612.0,1.943,1.949,1.928
2021-01-07,510880,红利ETF,1.93,291741604.0,107618900.0,1.94,1.945,1.919
2021-01-08,510880,红利ETF,1.943,201713302.0,74348680.0,1.931,1.945,1.918
2021-01-11,510880,红利ETF,1.91,628123151.0,232458300.0,1.944,1.947,1.906
2021-01-12,510880,红利ETF,1.931,452203403.0,167610400.0,1.911,1.933,1.91
2021-01-13,510880,红利ETF,1.938,347696897.0,128080182.0,1.932,1.946,1.924
2021-01-14,510880,红利ETF,1.936,371970557.0,136854100.0,1.938,1.947,1.924
2021-01-15,510880,红利ETF,1.954,268201390.0,98152300.0,1.936,1.959,1.936
2021-01-18,510880,红利ETF,1.968,662468899.0,254796253.0,1.99,1.99,1.95
2021-01-19,510880,红利ETF,1.971,273791601.0,105008200.0,1.969,1.986,1.951
2021-01-20,510880,红利ETF,1.969,231582660.0,88787700.0,1.972,1.98,1.961
2021-01-21,510880,红利ETF,1.973,330260802.0,126398663.0,1.97,1.982,1.963
2021-01-22,510880,红利ETF,1.949,483418012.0,186428400.0,1.975,1.976,1.943
2021-01-25,510880,红利ETF,1.914,434816368.0,169997258.0,1.949,1.949,1.912
2021-01-26,510880,红利ETF,1.903,225861634.0,88596998.0,1.914,1.922,1.901
2021-01-27,510880,红利ETF,1.902,175708397.0,68979801.0,1.903,1.918,1.9
2021-01-28,510880,红利ETF,1.87,212364201.0,84392500.0,1.901,1.901,1.868
2021-01-29,510880,红利ETF,1.854,222661855.0,88992600.0,1.871,1.882,1.84
2021-02-01,510880,红利ETF,1.871,175456696.0,70410800.0,1.855,1.874,1.839
2021-02-02,510880,红利ETF,1.877,133239426.0,52999500.0,1.871,1.879,1.87
2021-02-03,510880,红利ETF,1.857,148138871.0,59234753.0,1.877,1.879,1.852
2021-02-04,510880,红利ETF,1.84,239479290.0,96577200.0,1.856,1.857,1.83
2021-02-05,510880,红利ETF,1.859,135912033.0,54482700.0,1.84,1.865,1.831
2021-02-08,510880,红利ETF,1.872,152932794.0,60929500.0,1.859,1.881,1.853
2021-02-09,510880,红利ETF,1.888,134176836.0,53307600.0,1.872,1.888,1.863
2021-02-10,510880,红利ETF,1.907,225287629.0,88683800.0,1.889,1.909,1.889
2021-02-18,510880,红利ETF,1.97,345074493.0,132889512.0,1.93,1.974,1.93
2021-02-19,510880,红利ETF,2.022,678413720.0,256265253.0,1.97,2.024,1.97
2021-02-22,510880,红利ETF,2.066,974001080.0,359092551.0,2.024,2.101,2.024
2021-02-23,510880,红利ETF,2.038,377243394.0,140518500.0,2.067,2.068,2.029
2021-02-24,510880,红利ETF,2.007,290277016.0,109227718.0,2.038,2.043,1.99
2021-02-25,510880,红利ETF,2.049,342697828.0,127616364.0,2.009,2.059,2.009
2021-02-26,510880,红利ETF,1.997,294372947.0,111138522.0,2.043,2.043,1.991
2021-03-01,510880,红利ETF,2.032,178164590.0,67053130.0,1.998,2.033,1.998
2021-03-02,510880,红利ETF,2.017,287602350.0,108083800.0,2.042,2.05,2.0
2021-03-03,510880,红利ETF,2.082,519298299.0,192024826.0,2.018,2.084,2.017
2021-03-04,510880,红利ETF,2.078,521915480.0,191659010.0,2.082,2.107,2.066
2021-03-05,510880,红利ETF,2.05,198911686.0,74136501.0,2.06,2.062,2.028
2021-03-08,510880,红利ETF,2.039,245276984.0,90904501.0,2.058,2.084,2.033
2021-03-09,510880,红利ETF,2.028,462668973.0,173080230.0,2.04,2.068,1.99
2021-03-10,510880,红利ETF,2.013,216657580.0,81362543.0,2.035,2.043,2.01
2021-03-11,510880,红利ETF,2.06,222134441.0,82849742.0,2.013,2.062,2.013
2021-03-12,510880,红利ETF,2.087,320777473.0,118048813.0,2.068,2.095,2.054
2021-03-15,510880,红利ETF,2.112,328923973.0,119698300.0,2.087,2.122,2.086
2021-03-16,510880,红利ETF,2.115,184760888.0,67204512.0,2.113,2.12,2.09
2021-03-17,510880,红利ETF,2.101,157032518.0,57404264.0,2.114,2.114,2.084
2021-03-18,510880,红利ETF,2.101,132942329.0,48444000.0,2.102,2.115,2.095
2021-03-19,510880,红利ETF,2.084,169068636.0,62021300.0,2.095,2.105,2.072
2021-03-22,510880,红利ETF,2.11,204915599.0,74633547.0,2.085,2.115,2.085
2021-03-23,510880,红利ETF,2.089,219659532.0,80547937.0,2.11,2.115,2.076
2021-03-24,510880,红利ETF,2.041,324573370.0,120757515.0,2.074,2.083,2.031
2021-03-25,510880,红利ETF,2.043,161015722.0,59891149.0,2.041,2.062,2.04
2021-03-26,510880,红利ETF,2.075,155937201.0,57568100.0,2.045,2.077,2.045
2021-03-29,510880,红利ETF,2.111,331974442.0,120932801.0,2.088,2.116,2.078
2021-03-30,510880,红利ETF,2.11,162653170.0,59314402.0,2.111,2.115,2.088
2021-03-31,510880,红利ETF,2.103,128365046.0,46845700.0,2.11,2.11,2.092
2021-04-01,510880,红利ETF,2.121,228877523.0,83195736.0,2.104,2.129,2.097
2021-04-02,510880,红利ETF,2.098,279346455.0,101892951.0,2.121,2.126,2.093
2021-04-06,510880,红利ETF,2.105,150624758.0,54854031.0,2.1,2.112,2.1
2021-04-07,510880,红利ETF,2.125,237430449.0,86225406.0,2.105,2.127,2.092
2021-04-08,510880,红利ETF,2.126,197769558.0,71461106.0,2.125,2.139,2.119
2021-04-09,510880,红利ETF,2.13,196649971.0,71050201.0,2.127,2.134,2.114
2021-04-12,510880,红利ETF,2.137,232461120.0,83678812.0,2.131,2.146,2.124
2021-04-13,510880,红利ETF,2.105,333601945.0,121185500.0,2.135,2.136,2.104
2021-04-14,510880,红利ETF,2.111,195551283.0,71205500.0,2.105,2.116,2.098
2021-04-15,510880,红利ETF,2.115,107935626.0,39205901.0,2.112,2.119,2.106
2021-04-16,510880,红利ETF,2.15,398129699.0,142883054.0,2.115,2.159,2.115
2021-04-19,510880,红利ETF,2.162,188719748.0,67400401.0,2.15,2.169,2.141
2021-04-20,510880,红利ETF,2.154,172056437.0,61519900.0,2.159,2.162,2.151
2021-04-21,510880,红利ETF,2.145,163354733.0,58733800.0,2.15,2.152,2.132
2021-04-22,510880,红利ETF,2.153,159684490.0,57038100.0,2.145,2.171,2.145
2021-04-23,510880,红利ETF,2.148,231116294.0,83048600.0,2.149,2.151,2.136
2021-04-26,510880,红利ETF,2.14,264308013.0,94835300.0,2.152,2.164,2.133
2021-04-27,510880,红利ETF,2.127,297974985.0,107965000.0,2.137,2.138,2.11
2021-04-28,510880,红利ETF,2.13,174639837.0,63181951.0,2.123,2.131,2.11
2021-04-29,510880,红利ETF,2.146,182321076.0,65654253.0,2.13,2.15,2.12
2021-04-30,510880,红利ETF,2.117,472699220.0,171453100.0,2.14,2.143,2.106
2021-05-06,510880,红利ETF,2.158,472327939.0,169067156.0,2.118,2.165,2.118
2021-05-07,510880,红利ETF,2.189,347618742.0,122937057.0,2.168,2.208,2.162
2021-05-10,510880,红利ETF,2.23,293451318.0,102924939.0,2.201,2.233,2.195
2021-05-11,510880,红利ETF,2.203,278998930.0,98627400.0,2.227,2.228,2.161
2021-05-12,510880,红利ETF,2.214,180334809.0,63286328.0,2.197,2.219,2.187
2021-05-13,510880,红利ETF,2.171,324950162.0,115171006.0,2.19,2.207,2.167
2021-05-14,510880,红利ETF,2.177,181044420.0,64349664.0,2.171,2.185,2.167
2021-05-17,510880,红利ETF,2.172,222677237.0,79067500.0,2.177,2.191,2.17
2021-05-18,510880,红利ETF,2.184,129183886.0,45792799.0,2.172,2.188,2.168
2021-05-19,510880,红利ETF,2.159,353601427.0,126197300.0,2.183,2.183,2.155
2021-05-20,510880,红利ETF,2.115,734884212.0,267570400.0,2.135,2.135,2.097
2021-05-21,510880,红利ETF,2.12,181761442.0,65796949.0,2.115,2.134,2.114
2021-05-24,510880,红利ETF,2.118,203398892.0,73721500.0,2.12,2.13,2.112
2021-05-25,510880,红利ETF,2.145,308439372.0,111278500.0,2.118,2.152,2.108
2021-05-26,510880,红利ETF,2.164,188437574.0,67256100.0,2.145,2.173,2.142
2021-05-27,510880,红利ETF,2.176,226103855.0,80468303.0,2.164,2.179,2.157
2021-05-28,510880,红利ETF,2.172,170741041.0,60578651.0,2.182,2.194,2.164
2021-05-31,510880,红利ETF,2.175,297320371.0,105748053.0,2.183,2.184,2.156
2021-06-01,510880,红利ETF,2.197,274704340.0,97397900.0,2.175,2.198,2.158
2021-06-02,510880,红利ETF,2.192,197723095.0,69839979.0,2.197,2.198,2.183
2021-06-03,510880,红利ETF,2.206,316906543.0,111056866.0,2.192,2.228,2.192
2021-06-04,510880,红利ETF,2.2,177160283.0,62514900.0,2.207,2.21,2.182
2021-06-07,510880,红利ETF,2.197,145152460.0,51145753.0,2.2,2.21,2.19
2021-06-08,510880,红利ETF,2.186,187672805.0,66384501.0,2.198,2.2,2.18
2021-06-09,510880,红利ETF,2.202,297102283.0,104401939.0,2.186,2.217,2.182
2021-06-10,510880,红利ETF,2.213,233895589.0,81874539.0,2.202,2.23,2.2
2021-06-11,510880,红利ETF,2.217,184155299.0,64379217.0,2.222,2.23,2.212
2021-06-15,510880,红利ETF,2.201,270860926.0,95232000.0,2.227,2.23,2.192
2021-06-16,510880,红利ETF,2.192,210574408.0,74276100.0,2.201,2.217,2.186
2021-06-17,510880,红利ETF,2.184,169073259.0,59775800.0,2.192,2.202,2.178
2021-06-18,510880,红利ETF,2.184,155773135.0,55202700.0,2.184,2.188,2.178
2021-06-21,510880,红利ETF,2.172,176478472.0,62711900.0,2.183,2.183,2.17
2021-06-22,510880,红利ETF,2.197,157109787.0,55515100.0,2.172,2.201,2.172
2021-06-23,510880,红利ETF,2.233,343279359.0,119935100.0,2.198,2.238,2.197
2021-06-24,510880,红利ETF,2.245,296189722.0,102479301.0,2.236,2.263,2.225
2021-06-25,510880,红利ETF,2.255,204518998.0,70678501.0,2.246,2.263,2.238
2021-06-28,510880,红利ETF,2.219,254155154.0,88658073.0,2.255,2.255,2.216
2021-06-29,510880,红利ETF,2.198,192953482.0,67864800.0,2.219,2.219,2.196
2021-06-30,510880,红利ETF,2.212,131384064.0,46118211.0,2.198,2.219,2.194
2021-07-01,510880,红利ETF,2.213,136352251.0,47653802.0,2.215,2.231,2.206
2021-07-02,510880,红利ETF,2.189,281617536.0,99310705.0,2.213,2.216,2.188
2021-07-05,510880,红利ETF,2.196,238757533.0,84361601.0,2.19,2.202,2.18
2021-07-06,510880,红利ETF,2.203,124675263.0,43956206.0,2.196,2.203,2.19
2021-07-07,510880,红利ETF,2.206,167871898.0,59188300.0,2.2,2.21,2.188
2021-07-08,510880,红利ETF,2.163,524705160.0,186436700.0,2.206,2.206,2.16
2021-07-09,510880,红利ETF,2.181,189839625.0,67643900.0,2.163,2.182,2.137
2021-07-12,510880,红利ETF,2.186,149107702.0,52706272.0,2.181,2.202,2.175
2021-07-13,510880,红利ETF,2.208,244483695.0,86056771.0,2.187,2.211,2.182
2021-07-14,510880,红利ETF,2.214,230467321.0,80661050.0,2.208,2.224,2.206
2021-07-15,510880,红利ETF,2.245,368327528.0,128152099.0,2.214,2.247,2.195
2021-07-16,510880,红利ETF,2.257,486934210.0,167622804.0,2.245,2.273,2.238
2021-07-19,510880,红利ETF,2.249,181034519.0,62487542.0,2.26,2.271,2.244
2021-07-20,510880,红利ETF,2.229,119613041.0,41775242.0,2.243,2.243,2.213
2021-07-21,510880,红利ETF,2.225,141551763.0,49400700.0,2.233,2.248,2.218
2021-07-22,510880,红利ETF,2.25,148472882.0,51536142.0,2.225,2.25,2.219
2021-07-23,510880,红利ETF,2.241,250435465.0,86382142.0,2.254,2.273,2.232
2021-07-26,510880,红利ETF,2.192,491898553.0,173397801.0,2.24,2.24,2.168
2021-07-27,510880,红利ETF,2.133,534206855.0,190676442.0,2.192,2.212,2.127
2021-07-28,510880,红利ETF,2.107,440520823.0,160431100.0,2.134,2.151,2.074
2021-07-29,510880,红利ETF,2.129,346934774.0,125746800.0,2.118,2.138,2.105
2021-07-30,510880,红利ETF,2.16,166448020.0,59807997.0,2.129,2.163,2.116
2021-08-02,510880,红利ETF,2.137,366210390.0,133443700.0,2.159,2.159,2.08
2021-08-03,510880,红利ETF,2.098,329226205.0,119959806.0,2.125,2.13,2.093
2021-08-04,510880,红利ETF,2.122,172452781.0,62615101.0,2.099,2.124,2.099
2021-08-05,510880,红利ETF,2.11,162426206.0,58970053.0,2.121,2.136,2.103
2021-08-06,510880,红利ETF,2.121,176490222.0,64120800.0,2.11,2.123,2.095
2021-08-09,510880,红利ETF,2.161,372786385.0,133293999.0,2.121,2.172,2.112
2021-08-10,510880,红利ETF,2.16,122818529.0,43975000.0,2.161,2.163,2.141
2021-08-11,510880,红利ETF,2.218,537017704.0,188364700.0,2.169,2.221,2.168
2021-08-12,510880,红利ETF,2.249,562271912.0,194729398.0,2.217,2.256,2.201
2021-08-13,510880,红利ETF,2.244,275390650.0,95549706.0,2.247,2.251,2.229
2021-08-16,510880,红利ETF,2.252,353359122.0,121967400.0,2.244,2.269,2.241
2021-08-17,510880,红利ETF,2.218,295825653.0,102758101.0,2.25,2.268,2.212
2021-08-18,510880,红利ETF,2.236,185024404.0,64490110.0,2.218,2.24,2.217
2021-08-19,510880,红利ETF,2.226,124168770.0,43372616.0,2.229,2.233,2.209
2021-08-20,510880,红利ETF,2.241,224926439.0,78500411.0,2.224,2.243,2.209
2021-08-23,510880,红利ETF,2.254,268748285.0,92720715.0,2.254,2.27,2.249
2021-08-24,510880,红利ETF,2.278,529770195.0,181725266.0,2.263,2.287,2.26
2021-08-25,510880,红利ETF,2.312,337034160.0,114794141.0,2.278,2.312,2.274
2021-08-26,510880,红利ETF,2.353,539542479.0,180366486.0,2.311,2.368,2.305
2021-08-27,510880,红利ETF,2.382,295215740.0,98158950.0,2.351,2.385,2.31
2021-08-30,510880,红利ETF,2.407,272830536.0,89855033.0,2.386,2.41,2.375
2021-08-31,510880,红利ETF,2.48,285661626.0,92505049.0,2.407,2.482,2.395
2021-09-01,510880,红利ETF,2.475,455905458.0,146045892.0,2.493,2.528,2.444
2021-09-02,510880,红利ETF,2.554,293427061.0,92919359.0,2.474,2.556,2.47
2021-09-03,510880,红利ETF,2.531,309707761.0,97503250.0,2.554,2.556,2.523
2021-09-06,510880,红利ETF,2.559,263612114.0,82565670.0,2.541,2.576,2.534
2021-09-07,510880,红利ETF,2.64,377698273.0,115868404.0,2.565,2.651,2.564
2021-09-08,510880,红利ETF,2.676,342295407.0,103735871.0,2.641,2.693,2.626
2021-09-09,510880,红利ETF,2.777,478579169.0,141801865.0,2.678,2.782,2.66
2021-09-10,510880,红利ETF,2.714,666206550.0,196972117.0,2.778,2.783,2.709
2021-09-13,510880,红利ETF,2.786,515098233.0,151300608.0,2.714,2.808,2.709
2021-09-14,510880,红利ETF,2.716,457733191.0,135428983.0,2.786,2.786,2.71
2021-09-15,510880,红利ETF,2.693,469213438.0,140710358.0,2.715,2.734,2.67
2021-09-16,510880,红利ETF,2.68,359155234.0,106777100.0,2.718,2.761,2.675
2021-09-17,510880,红利ETF,2.591,557034837.0,171614282.0,2.675,2.707,2.535
2021-09-22,510880,红利ETF,2.649,430435672.0,133237058.0,2.575,2.649,2.535
2021-09-23,510880,红利ETF,2.64,252965615.0,76679801.0,2.691,2.715,2.617
2021-09-24,510880,红利ETF,2.526,485141079.0,151700311.0,2.625,2.627,2.52
2021-09-27,510880,红利ETF,2.441,616851894.0,198623765.0,2.526,2.544,2.429
2021-09-28,510880,红利ETF,2.519,299674452.0,95742665.0,2.441,2.524,2.44
2021-09-29,510880,红利ETF,2.435,302838464.0,98007070.0,2.518,2.519,2.417
2021-09-30,510880,红利ETF,2.45,268920995.0,87597800.0,2.434,2.453,2.401
2021-10-08,510880,红利ETF,2.44,239836659.0,77981458.0,2.477,2.493,2.415
2021-10-11,510880,红利ETF,2.483,273105483.0,87986858.0,2.442,2.485,2.431
2021-10-12,510880,红利ETF,2.443,328443943.0,106565700.0,2.483,2.523,2.404
2021-10-13,510880,红利ETF,2.403,316476018.0,104397700.0,2.443,2.445,2.363
2021-10-14,510880,红利ETF,2.386,162938722.0,53846226.0,2.389,2.407,2.361
2021-10-15,510880,红利ETF,2.408,182839100.0,60308100.0,2.386,2.416,2.366
2021-10-18,510880,红利ETF,2.457,208984179.0,67931000.0,2.408,2.46,2.394
2021-10-19,510880,红利ETF,2.469,174311863.0,56094400.0,2.457,2.484,2.43
2021-10-20,510880,红利ETF,2.395,311805593.0,102562200.0,2.448,2.448,2.388
2021-10-21,510880,红利ETF,2.433,271973356.0,88445951.0,2.391,2.461,2.39
2021-10-22,510880,红利ETF,2.371,514080264.0,169814600.0,2.427,2.454,2.366
2021-10-25,510880,红利ETF,2.37,241653957.0,80403253.0,2.373,2.38,2.34
2021-10-26,510880,红利ETF,2.344,342754379.0,114637700.0,2.37,2.373,2.336
2021-10-27,510880,红利ETF,2.273,382216351.0,130591400.0,2.34,2.34,2.269
2021-10-28,510880,红利ETF,2.196,487826810.0,171629200.0,2.26,2.261,2.188
2021-10-29,510880,红利ETF,2.2,328268926.0,115858000.0,2.196,2.207,2.18
2021-11-01,510880,红利ETF,2.209,223832581.0,78802964.0,2.198,2.217,2.178
2021-11-02,510880,红利ETF,2.158,604623050.0,215914101.0,2.21,2.217,2.128
2021-11-03,510880,红利ETF,2.199,239818596.0,84907300.0,2.158,2.205,2.156
2021-11-04,510880,红利ETF,2.192,202065461.0,71639204.0,2.197,2.198,2.171
2021-11-05,510880,红利ETF,2.153,294914811.0,105238402.0,2.184,2.184,2.151
2021-11-08,510880,红利ETF,2.15,222808928.0,79703700.0,2.153,2.167,2.145
2021-11-09,510880,红利ETF,2.136,278235844.0,100244693.0,2.15,2.153,2.126
2021-11-10,510880,红利ETF,2.129,340086989.0,124031700.0,2.13,2.131,2.086
2021-11-11,510880,红利ETF,2.176,304356156.0,108539401.0,2.13,2.18,2.13
2021-11-12,510880,红利ETF,2.16,211897829.0,75690453.0,2.177,2.179,2.149
2021-11-15,510880,红利ETF,2.164,136936718.0,48963202.0,2.16,2.165,2.146
2021-11-16,510880,红利ETF,2.147,230849502.0,82531900.0,2.164,2.176,2.145
2021-11-17,510880,红利ETF,2.15,131001754.0,47032174.0,2.147,2.152,2.137
2021-11-18,510880,红利ETF,2.15,131336721.0,46983374.0,2.151,2.167,2.146
2021-11-19,510880,红利ETF,2.186,268921613.0,95727753.0,2.147,2.195,2.136
2021-11-22,510880,红利ETF,2.185,263721796.0,93285400.0,2.188,2.2,2.179
2021-11-23,510880,红利ETF,2.198,200044011.0,70461464.0,2.185,2.21,2.18
2021-11-24,510880,红利ETF,2.23,197919903.0,69275300.0,2.202,2.231,2.202
2021-11-25,510880,红利ETF,2.219,165362116.0,57873000.0,2.23,2.24,2.203
2021-11-26,510880,红利ETF,2.187,157140533.0,55498501.0,2.21,2.21,2.182
2021-11-29,510880,红利ETF,2.152,254651748.0,91388950.0,2.168,2.168,2.138
2021-11-30,510880,红利ETF,2.154,157409313.0,56266400.0,2.152,2.178,2.143
2021-12-01,510880,红利ETF,2.179,156005758.0,55568900.0,2.153,2.181,2.143
2021-12-02,510880,红利ETF,2.194,171058364.0,60460700.0,2.178,2.201,2.171
2021-12-03,510880,红利ETF,2.225,266551655.0,93361906.0,2.194,2.24,2.177
2021-12-06,510880,红利ETF,2.217,390765863.0,135949606.0,2.225,2.257,2.21
2021-12-07,510880,红利ETF,2.247,193500025.0,67277500.0,2.237,2.248,2.215
2021-12-08,510880,红利ETF,2.247,167325359.0,58121381.0,2.247,2.248,2.227
2021-12-09,510880,红利ETF,2.258,207876355.0,71783700.0,2.247,2.266,2.237
2021-12-10,510880,红利ETF,2.238,247052280.0,85855200.0,2.25,2.25,2.23
2021-12-13,510880,红利ETF,2.229,169731982.0,59091400.0,2.238,2.244,2.225
2021-12-14,510880,红利ETF,2.191,263518251.0,92762000.0,2.225,2.225,2.191
2021-12-15,510880,红利ETF,2.203,141394745.0,49801300.0,2.188,2.212,2.181
2021-12-16,510880,红利ETF,2.245,269980615.0,93899223.0,2.206,2.246,2.205
2021-12-17,510880,红利ETF,2.229,200057127.0,69537081.0,2.249,2.258,2.224
2021-12-20,510880,红利ETF,2.203,193779494.0,67948181.0,2.228,2.242,2.199
2021-12-21,510880,红利ETF,2.242,223883408.0,77878842.0,2.202,2.245,2.2
2021-12-22,510880,红利ETF,2.237,117104222.0,40729700.0,2.242,2.245,2.227
2021-12-23,510880,红利ETF,2.246,157482683.0,54708458.0,2.236,2.25,2.229
2021-12-24,510880,红利ETF,2.235,128333116.0,44667800.0,2.246,2.247,2.226
2021-12-27,510880,红利ETF,2.242,145875503.0,50562300.0,2.234,2.258,2.23
2021-12-28,510880,红利ETF,2.225,192874123.0,67395100.0,2.242,2.245,2.214
2021-12-29,510880,红利ETF,2.215,133611469.0,46748300.0,2.224,2.227,2.212
2021-12-30,510880,红利ETF,2.212,112535835.0,39446500.0,2.215,2.218,2.208
2021-12-31,510880,红利ETF,2.236,160338192.0,55859121.0,2.212,2.239,2.211
2022-01-04,510880,红利ETF,2.278,361385077.0,124269654.0,2.252,2.282,2.251
2022-01-05,510880,红利ETF,2.269,203801195.0,70152460.0,2.277,2.277,2.251
2022-01-06,510880,红利ETF,2.273,261710121.0,89772719.0,2.265,2.281,2.255
2022-01-07,510880,红利ETF,2.289,213333837.0,72756024.0,2.272,2.305,2.268
2022-01-10,510880,红利ETF,2.308,237005126.0,80730390.0,2.289,2.309,2.281
2022-01-11,510880,红利ETF,2.329,201931038.0,68046352.0,2.307,2.34,2.3
2022-01-12,510880,红利ETF,2.317,228812927.0,77454600.0,2.329,2.332,2.298
2022-01-13,510880,红利ETF,2.316,231662358.0,78052400.0,2.317,2.34,2.315
2022-01-14,510880,红利ETF,2.271,319212063.0,109453358.0,2.315,2.315,2.268
2022-01-17,510880,红利ETF,2.274,232787467.0,82274600.0,2.271,2.295,2.264
2022-01-18,510880,红利ETF,2.304,149910001.0,52728246.0,2.274,2.312,2.268
2022-01-19,510880,红利ETF,2.321,307467199.0,106750600.0,2.304,2.339,2.304
2022-01-20,510880,红利ETF,2.307,339574560.0,118363200.0,2.318,2.336,2.297
2022-01-21,510880,红利ETF,2.304,197990946.0,69443800.0,2.307,2.312,2.287
2022-01-24,510880,红利ETF,2.29,168394805.0,59217500.0,2.302,2.303,2.271
2022-01-25,510880,红利ETF,2.211,446286086.0,159771900.0,2.287,2.287,2.21
2022-01-26,510880,红利ETF,2.219,343083039.0,124044500.0,2.211,2.228,2.195
2022-01-27,510880,红利ETF,2.201,254737683.0,91999900.0,2.219,2.232,2.2
2022-01-28,510880,红利ETF,2.193,399632344.0,145588849.0,2.202,2.213,2.171
2022-02-07,510880,红利ETF,2.252,266826407.0,95512157.0,2.199,2.258,2.199
2022-02-08,510880,红利ETF,2.319,349111992.0,122562910.0,2.263,2.323,2.261
2022-02-09,510880,红利ETF,2.325,292975226.0,101588210.0,2.319,2.344,2.318
2022-02-10,510880,红利ETF,2.366,416937103.0,143787401.0,2.324,2.368,2.297
2022-02-11,510880,红利ETF,2.369,474829587.0,161532790.0,2.365,2.401,2.355
2022-02-14,510880,红利ETF,2.323,334343401.0,115670111.0,2.368,2.368,2.316
2022-02-15,510880,红利ETF,2.304,246354430.0,86118800.0,2.322,2.323,2.294
2022-02-16,510880,红利ETF,2.333,218883048.0,75991901.0,2.304,2.338,2.304
2022-02-17,510880,红利ETF,2.319,279415983.0,97102104.0,2.332,2.332,2.307
2022-02-18,510880,红利ETF,2.372,357450588.0,122724000.0,2.315,2.374,2.307
2022-02-21,510880,红利ETF,2.398,338433756.0,115546255.0,2.368,2.399,2.354
2022-02-22,510880,红利ETF,2.387,273648182.0,93539600.0,2.381,2.39,2.356
2022-02-23,510880,红利ETF,2.356,241717129.0,83103306.0,2.384,2.384,2.337
2022-02-24,510880,红利ETF,2.331,333982152.0,115864200.0,2.352,2.356,2.302
2022-02-25,510880,红利ETF,2.311,276612482.0,96204911.0,2.33,2.356,2.292
2022-02-28,510880,红利ETF,2.32,187353801.0,65495900.0,2.311,2.323,2.285
2022-03-01,510880,红利ETF,2.35,191864488.0,66320179.0,2.324,2.357,2.32
2022-03-02,510880,红利ETF,2.383,409975845.0,140083823.0,2.352,2.387,2.351
2022-03-03,510880,红利ETF,2.418,499386302.0,168163468.0,2.385,2.425,2.385
2022-03-04,510880,红利ETF,2.408,330429079.0,111586106.0,2.414,2.433,2.38
2022-03-07,510880,红利ETF,2.388,370867959.0,125566975.0,2.421,2.434,2.375
2022-03-08,510880,红利ETF,2.305,386860865.0,134150986.0,2.382,2.382,2.297
2022-03-09,510880,红利ETF,2.248,740788366.0,262687124.0,2.306,2.331,2.191
2022-03-10,510880,红利ETF,2.294,590208056.0,207405162.0,2.265,2.319,2.249
2022-03-11,510880,红利ETF,2.314,238318929.0,83921800.0,2.288,2.318,2.237
2022-03-14,510880,红利ETF,2.275,356651095.0,124683393.0,2.308,2.343,2.272
2022-03-15,510880,红利ETF,2.117,933454133.0,342079109.0,2.267,2.267,2.112
2022-03-16,510880,红利ETF,2.176,733318777.0,273819744.0,2.12,2.184,2.046
2022-03-17,510880,红利ETF,2.206,378095614.0,137051320.0,2.198,2.238,2.185
2022-03-18,510880,红利ETF,2.276,355787498.0,126843677.0,2.206,2.282,2.198
2022-03-21,510880,红利ETF,2.295,259608329.0,91309377.0,2.275,2.306,2.267
2022-03-22,510880,红利ETF,2.343,388568960.0,134671624.0,2.293,2.355,2.281
2022-03-23,510880,红利ETF,2.339,303894053.0,105196371.0,2.341,2.353,2.308
2022-03-24,510880,红利ETF,2.346,297424648.0,102576158.0,2.333,2.356,2.324
2022-03-25,510880,红利ETF,2.347,375960119.0,129277750.0,2.345,2.375,2.335
2022-03-28,510880,红利ETF,2.393,676216232.0,230514487.0,2.346,2.397,2.316
2022-03-29,510880,红利ETF,2.411,397132437.0,134578398.0,2.39,2.413,2.372
2022-03-30,510880,红利ETF,2.419,319005873.0,107646861.0,2.398,2.426,2.386
2022-03-31,510880,红利ETF,2.458,653350577.0,216670064.0,2.418,2.484,2.418
2022-04-01,510880,红利ETF,2.491,365883001.0,120941289.0,2.452,2.495,2.438
2022-04-06,510880,红利ETF,2.536,442130261.0,144312820.0,2.489,2.542,2.477
2022-04-07,510880,红利ETF,2.49,638769619.0,208741545.0,2.521,2.536,2.481
2022-04-08,510880,红利ETF,2.525,563347897.0,184847544.0,2.486,2.526,2.456
2022-04-11,510880,红利ETF,2.466,771250766.0,253375600.0,2.522,2.522,2.458
2022-04-12,510880,红利ETF,2.456,421213103.0,139757900.0,2.463,2.49,2.431
2022-04-13,510880,红利ETF,2.479,255283569.0,84099767.0,2.447,2.515,2.443
2022-04-14,510880,红利ETF,2.535,283970892.0,92435767.0,2.484,2.544,2.477
2022-04-15,510880,红利ETF,2.502,346550240.0,112417701.0,2.526,2.566,2.491
2022-04-18,510880,红利ETF,2.438,343546824.0,114262200.0,2.486,2.49,2.427
2022-04-19,510880,红利ETF,2.482,316634859.0,105053200.0,2.432,2.485,2.414
2022-04-20,510880,红利ETF,2.395,431732533.0,145260600.0,2.466,2.472,2.378
2022-04-21,510880,红利ETF,2.341,481824473.0,165488000.0,2.385,2.406,2.326
2022-04-22,510880,红利ETF,2.371,408026586.0,140201453.0,2.332,2.377,2.304
2022-04-25,510880,红利ETF,2.247,635732956.0,223759553.0,2.345,2.345,2.246
2022-04-26,510880,红利ETF,2.208,633145239.0,227688093.0,2.247,2.274,2.199
2022-04-27,510880,红利ETF,2.244,609292803.0,220067649.0,2.211,2.245,2.181
2022-04-28,510880,红利ETF,2.29,404972299.0,143509400.0,2.242,2.295,2.234
2022-04-29,510880,红利ETF,2.324,423207900.0,148325600.0,2.29,2.332,2.258
2022-05-05,510880,红利ETF,2.313,265651154.0,92666600.0,2.323,2.332,2.293
2022-05-06,510880,红利ETF,2.238,365960912.0,130603500.0,2.275,2.281,2.229
2022-05-09,510880,红利ETF,2.23,333820255.0,120205776.0,2.234,2.234,2.207
2022-05-10,510880,红利ETF,2.233,426023741.0,154643200.0,2.23,2.234,2.172
2022-05-11,510880,红利ETF,2.231,292617341.0,104750970.0,2.232,2.254,2.224
2022-05-12,510880,红利ETF,2.219,298486460.0,107704403.0,2.231,2.241,2.196
2022-05-13,510880,红利ETF,2.274,364637155.0,129872357.0,2.219,2.275,2.219
2022-05-16,510880,红利ETF,2.318,375899888.0,131531278.0,2.302,2.325,2.275
2022-05-17,510880,红利ETF,2.308,183657461.0,64263670.0,2.317,2.325,2.282
2022-05-18,510880,红利ETF,2.28,204993412.0,72257604.0,2.307,2.307,2.273
2022-05-19,510880,红利ETF,2.283,191397309.0,67904600.0,2.256,2.283,2.245
2022-05-20,510880,红利ETF,2.322,298324700.0,104024150.0,2.283,2.326,2.282
2022-05-23,510880,红利ETF,2.326,190068279.0,65938245.0,2.329,2.344,2.318
2022-05-24,510880,红利ETF,2.282,221018002.0,77251185.0,2.326,2.333,2.28
2022-05-25,510880,红利ETF,2.311,212126326.0,74356400.0,2.279,2.313,2.268
2022-05-26,510880,红利ETF,2.351,355368972.0,122836400.0,2.313,2.356,2.305
2022-05-27,510880,红利ETF,2.35,322004062.0,110906300.0,2.352,2.361,2.341
2022-05-30,510880,红利ETF,2.336,204191834.0,70676500.0,2.35,2.361,2.324
2022-05-31,510880,红利ETF,2.34,185680252.0,64349000.0,2.334,2.343,2.321
2022-06-01,510880,红利ETF,2.349,202341214.0,69998251.0,2.336,2.351,2.323
2022-06-02,510880,红利ETF,2.331,198647349.0,68971907.0,2.348,2.348,2.315
2022-06-06,510880,红利ETF,2.33,439627707.0,152923800.0,2.329,2.332,2.305
2022-06-07,510880,红利ETF,2.345,306825196.0,106024260.0,2.33,2.358,2.318
2022-06-08,510880,红利ETF,2.383,341857243.0,117181760.0,2.35,2.384,2.334
2022-06-09,510880,红利ETF,2.39,257068255.0,87280586.0,2.381,2.415,2.372
2022-06-10,510880,红利ETF,2.41,254638465.0,86191186.0,2.385,2.418,2.365
2022-06-13,510880,红利ETF,2.366,210962351.0,72199286.0,2.4,2.4,2.347
2022-06-14,510880,红利ETF,2.404,459615657.0,157149900.0,2.351,2.406,2.343
2022-06-15,510880,红利ETF,2.407,393702110.0,132136053.0,2.401,2.447,2.389
2022-06-16,510880,红利ETF,2.36,312929275.0,106941700.0,2.406,2.421,2.35
2022-06-17,510880,红利ETF,2.353,311393231.0,107441950.0,2.346,2.36,2.331
2022-06-20,510880,红利ETF,2.331,267177374.0,92679000.0,2.348,2.348,2.321
2022-06-21,510880,红利ETF,2.337,214252619.0,73990800.0,2.331,2.351,2.324
2022-06-22,510880,红利ETF,2.301,256144762.0,89269300.0,2.336,2.34,2.296
2022-06-23,510880,红利ETF,2.325,256530803.0,89602800.0,2.299,2.329,2.286
2022-06-24,510880,红利ETF,2.329,187892210.0,65272200.0,2.326,2.338,2.316
2022-06-27,510880,红利ETF,2.356,267258326.0,92013601.0,2.329,2.361,2.326
2022-06-28,510880,红利ETF,2.381,213481306.0,73016401.0,2.356,2.381,2.352
2022-06-29,510880,红利ETF,2.393,336337179.0,113871351.0,2.38,2.416,2.376
2022-06-30,510880,红利ETF,2.41,239596096.0,80930051.0,2.393,2.418,2.384
2022-07-01,510880,红利ETF,2.415,298337923.0,100854600.0,2.408,2.422,2.382
2022-07-04,510880,红利ETF,2.421,181800280.0,61256659.0,2.412,2.427,2.403
2022-07-05,510880,红利ETF,2.435,366071726.0,122446734.0,2.426,2.45,2.418
2022-07-06,510880,红利ETF,2.369,316190698.0,108013034.0,2.42,2.421,2.351
2022-07-07,510880,红利ETF,2.382,142204590.0,48513558.0,2.368,2.39,2.357
2022-07-08,510880,红利ETF,2.38,163097998.0,55512401.0,2.394,2.401,2.376
2022-07-11,510880,红利ETF,2.353,205670178.0,70814800.0,2.377,2.377,2.342
2022-07-12,510880,红利ETF,2.376,201131104.0,68649845.0,2.353,2.39,2.353
2022-07-13,510880,红利ETF,2.374,118288747.0,40452300.0,2.376,2.382,2.36
2022-07-14,510880,红利ETF,2.344,259196175.0,89442600.0,2.374,2.374,2.336
2022-07-15,510880,红利ETF,2.304,291245066.0,101146732.0,2.344,2.356,2.303
2022-07-18,510880,红利ETF,2.363,339116684.0,116797200.0,2.305,2.363,2.305
2022-07-19,510880,红利ETF,2.367,143799156.0,49310165.0,2.363,2.373,2.351
2022-07-20,510880,红利ETF,2.372,116957199.0,39950700.0,2.366,2.381,2.366
2022-07-21,510880,红利ETF,2.328,254806513.0,88132800.0,2.371,2.371,2.326
2022-07-22,510880,红利ETF,2.311,356166693.0,124326300.0,2.326,2.332,2.296
2022-07-25,510880,红利ETF,2.32,154249151.0,53707100.0,2.313,2.331,2.311
2022-07-26,510880,红利ETF,2.358,329550853.0,113616723.0,2.32,2.367,2.308
2022-07-27,510880,红利ETF,2.358,195244569.0,67072200.0,2.353,2.368,2.339
2022-07-28,510880,红利ETF,2.369,245193656.0,83951740.0,2.364,2.375,2.356
2022-07-29,510880,红利ETF,2.347,172407870.0,59259230.0,2.371,2.377,2.342
2022-08-01,510880,红利ETF,2.354,233412233.0,80569700.0,2.347,2.36,2.32
2022-08-02,510880,红利ETF,2.291,506095433.0,177488300.0,2.346,2.347,2.273
2022-08-03,510880,红利ETF,2.263,357210142.0,125822604.0,2.289,2.321,2.258
2022-08-04,510880,红利ETF,2.267,367557703.0,130782800.0,2.266,2.275,2.242
2022-08-05,510880,红利ETF,2.271,310308328.0,110346900.0,2.267,2.275,2.246
2022-08-08,510880,红利ETF,2.302,248224904.0,87118100.0,2.272,2.307,2.267
2022-08-09,510880,红利ETF,2.323,194631564.0,67784300.0,2.302,2.326,2.293
2022-08-10,510880,红利ETF,2.307,144108965.0,50348100.0,2.322,2.326,2.298
2022-08-11,510880,红利ETF,2.334,210635118.0,73109102.0,2.313,2.335,2.309
2022-08-12,510880,红利ETF,2.361,322211704.0,110716379.0,2.334,2.364,2.334
2022-08-15,510880,红利ETF,2.375,283963414.0,96842301.0,2.359,2.39,2.356
2022-08-16,510880,红利ETF,2.385,303620120.0,103386188.0,2.375,2.392,2.368
2022-08-17,510880,红利ETF,2.389,232402956.0,78988518.0,2.383,2.396,2.371
2022-08-18,510880,红利ETF,2.365,196591374.0,67169719.0,2.387,2.4,2.362
2022-08-19,510880,红利ETF,2.39,389189740.0,131903241.0,2.368,2.41,2.368
2022-08-22,510880,红利ETF,2.416,252134030.0,85062041.0,2.391,2.42,2.388
2022-08-23,510880,红利ETF,2.426,267437970.0,89838791.0,2.415,2.439,2.394
2022-08-24,510880,红利ETF,2.382,241347361.0,81575735.0,2.427,2.434,2.38
2022-08-25,510880,红利ETF,2.447,563178935.0,188511786.0,2.389,2.449,2.389
2022-08-26,510880,红利ETF,2.426,255627411.0,85533451.0,2.446,2.453,2.421
2022-08-29,510880,红利ETF,2.448,288554415.0,96707300.0,2.425,2.453,2.384
2022-08-30,510880,红利ETF,2.421,162812945.0,54685700.0,2.446,2.454,2.405
2022-08-31,510880,红利ETF,2.403,183514643.0,61983417.0,2.42,2.426,2.392
2022-09-01,510880,红利ETF,2.431,450895201.0,150443519.0,2.401,2.465,2.396
2022-09-02,510880,红利ETF,2.425,145499574.0,48870900.0,2.431,2.437,2.415
2022-09-05,510880,红利ETF,2.479,495637940.0,164081814.0,2.436,2.481,2.425
2022-09-06,510880,红利ETF,2.528,372872185.0,121584220.0,2.484,2.532,2.478
2022-09-07,510880,红利ETF,2.52,221861140.0,72178800.0,2.527,2.532,2.503
2022-09-08,510880,红利ETF,2.511,175933465.0,57358359.0,2.518,2.53,2.489
2022-09-09,510880,红利ETF,2.554,286265047.0,92363170.0,2.513,2.558,2.513
2022-09-13,510880,红利ETF,2.531,182567215.0,58992706.0,2.553,2.558,2.523
2022-09-14,510880,红利ETF,2.505,179516068.0,58471499.0,2.515,2.538,2.501
2022-09-15,510880,红利ETF,2.517,356165435.0,115922899.0,2.519,2.552,2.481
2022-09-16,510880,红利ETF,2.427,297417656.0,98692735.0,2.511,2.514,2.42
2022-09-19,510880,红利ETF,2.427,250782013.0,84104219.0,2.42,2.444,2.4
2022-09-20,510880,红利ETF,2.424,141484064.0,47397500.0,2.437,2.448,2.419
2022-09-21,510880,红利ETF,2.451,185551315.0,62024053.0,2.419,2.46,2.406
2022-09-22,510880,红利ETF,2.463,169303488.0,56268700.0,2.442,2.469,2.436
2022-09-23,510880,红利ETF,2.439,224904412.0,74847900.0,2.46,2.482,2.431
2022-09-26,510880,红利ETF,2.391,264845105.0,89114800.0,2.43,2.443,2.384
2022-09-27,510880,红利ETF,2.407,166582598.0,56800900.0,2.391,2.409,2.352
2022-09-28,510880,红利ETF,2.386,173862188.0,59047000.0,2.407,2.411,2.379
2022-09-29,510880,红利ETF,2.381,172937702.0,58634200.0,2.395,2.419,2.367
2022-09-30,510880,红利ETF,2.406,148680974.0,50343100.0,2.381,2.422,2.378
2022-10-10,510880,红利ETF,2.411,226563525.0,75905100.0,2.407,2.46,2.406
2022-10-11,510880,红利ETF,2.401,193896407.0,65768500.0,2.411,2.417,2.376
2022-10-12,510880,红利ETF,2.436,159773464.0,54109800.0,2.4,2.437,2.372
2022-10-13,510880,红利ETF,2.39,259010066.0,88015600.0,2.432,2.432,2.371
2022-10-14,510880,红利ETF,2.422,179562588.0,60377047.0,2.394,2.433,2.394
2022-10-17,510880,红利ETF,2.413,154784435.0,52517601.0,2.422,2.422,2.371
2022-10-18,510880,红利ETF,2.408,100393704.0,33860200.0,2.411,2.425,2.396
2022-10-19,510880,红利ETF,2.405,125469677.0,42267200.0,2.407,2.426,2.396
2022-10-20,510880,红利ETF,2.379,191859245.0,65409732.0,2.401,2.401,2.371
2022-10-21,510880,红利ETF,2.392,118821049.0,40298301.0,2.379,2.408,2.379
2022-10-24,510880,红利ETF,2.34,270974434.0,93107776.0,2.391,2.399,2.325
2022-10-25,510880,红利ETF,2.312,234449644.0,81789476.0,2.341,2.346,2.292
2022-10-26,510880,红利ETF,2.295,230598026.0,80650200.0,2.311,2.326,2.286
2022-10-27,510880,红利ETF,2.309,179621077.0,62659200.0,2.296,2.323,2.295
2022-10-28,510880,红利ETF,2.26,299876415.0,106127400.0,2.306,2.306,2.249
2022-10-31,510880,红利ETF,2.193,520446726.0,188546700.0,2.26,2.261,2.184
2022-11-01,510880,红利ETF,2.213,442238474.0,161348800.0,2.194,2.213,2.171
2022-11-02,510880,红利ETF,2.246,231424407.0,83173200.0,2.213,2.252,2.197
2022-11-03,510880,红利ETF,2.227,157847968.0,56708297.0,2.235,2.241,2.217
2022-11-04,510880,红利ETF,2.275,203877597.0,72255300.0,2.227,2.29,2.227
2022-11-07,510880,红利ETF,2.3,173023737.0,60753769.0,2.275,2.311,2.269
2022-11-08,510880,红利ETF,2.3,131609691.0,46140929.0,2.3,2.308,2.29
2022-11-09,510880,红利ETF,2.298,197164153.0,68850301.0,2.3,2.326,2.297
2022-11-10,510880,红利ETF,2.305,204058304.0,71630500.0,2.293,2.316,2.262
2022-11-11,510880,红利ETF,2.367,347741401.0,119456001.0,2.344,2.384,2.333
2022-11-14,510880,红利ETF,2.356,230653245.0,78623800.0,2.396,2.418,2.346
2022-11-15,510880,红利ETF,2.366,143360828.0,49216950.0,2.356,2.369,2.334
2022-11-16,510880,红利ETF,2.357,105405225.0,36166330.0,2.366,2.369,2.353
2022-11-17,510880,红利ETF,2.336,184171854.0,63827668.0,2.356,2.356,2.318
2022-11-18,510880,红利ETF,2.323,154123180.0,53541700.0,2.336,2.337,2.317
2022-11-21,510880,红利ETF,2.312,131386213.0,46031568.0,2.314,2.317,2.285
2022-11-22,510880,红利ETF,2.331,159345661.0,55243002.0,2.312,2.351,2.311
2022-11-23,510880,红利ETF,2.347,274258846.0,94430000.0,2.33,2.362,2.326
2022-11-24,510880,红利ETF,2.363,143185060.0,49144981.0,2.359,2.366,2.343
2022-11-25,510880,红利ETF,2.412,392629164.0,132863784.0,2.362,2.416,2.359
2022-11-28,510880,红利ETF,2.394,183818533.0,62533665.0,2.392,2.402,2.364
2022-11-29,510880,红利ETF,2.48,607437968.0,201603967.0,2.431,2.482,2.416
2022-11-30,510880,红利ETF,2.46,267525107.0,88283935.0,2.474,2.509,2.45
2022-12-01,510880,红利ETF,2.439,207140895.0,68816606.0,2.484,2.49,2.436
2022-12-02,510880,红利ETF,2.418,307550700.0,103666700.0,2.439,2.439,2.401
2022-12-05,510880,红利ETF,2.471,262062372.0,86901500.0,2.429,2.48,2.429
2022-12-06,510880,红利ETF,2.459,203853657.0,67770800.0,2.468,2.469,2.445
2022-12-07,510880,红利ETF,2.444,139918417.0,46625100.0,2.452,2.464,2.431
2022-12-08,510880,红利ETF,2.459,149492388.0,49694000.0,2.443,2.468,2.435
2022-12-09,510880,红利ETF,2.466,163344675.0,54218300.0,2.457,2.471,2.446
2022-12-12,510880,红利ETF,2.404,244570794.0,82176300.0,2.454,2.457,2.403
2022-12-13,510880,红利ETF,2.418,103509561.0,34846438.0,2.404,2.428,2.399
2022-12-14,510880,红利ETF,2.412,102197956.0,34461200.0,2.418,2.42,2.406
2022-12-15,510880,红利ETF,2.377,216964764.0,73936000.0,2.41,2.411,2.369
2022-12-16,510880,红利ETF,2.399,173326482.0,58714200.0,2.372,2.414,2.366
2022-12-19,510880,红利ETF,2.36,212598731.0,72754600.0,2.399,2.41,2.344
2022-12-20,510880,红利ETF,2.326,231240543.0,80203700.0,2.36,2.361,2.311
2022-12-21,510880,红利ETF,2.329,215714424.0,74895000.0,2.328,2.345,2.316
2022-12-22,510880,红利ETF,2.307,222861041.0,77455600.0,2.336,2.352,2.298
2022-12-23,510880,红利ETF,2.297,191529018.0,67151900.0,2.306,2.315,2.289
2022-12-26,510880,红利ETF,2.29,186517983.0,65526100.0,2.297,2.302,2.288
2022-12-27,510880,红利ETF,2.318,191115142.0,66616400.0,2.292,2.323,2.292
2022-12-28,510880,红利ETF,2.324,127890499.0,44516900.0,2.318,2.329,2.3
2022-12-29,510880,红利ETF,2.295,212229124.0,74464500.0,2.322,2.322,2.287
2022-12-30,510880,红利ETF,2.309,158246823.0,55376500.0,2.296,2.311,2.292
2023-01-03,510880,红利ETF,2.322,139524146.0,48583200.0,2.31,2.329,2.3
2023-01-04,510880,红利ETF,2.343,155397648.0,53686317.0,2.322,2.351,2.315
2023-01-05,510880,红利ETF,2.348,145528108.0,50186053.0,2.346,2.354,2.338
2023-01-06,510880,红利ETF,2.343,148478958.0,51267700.0,2.348,2.35,2.338
2023-01-09,510880,红利ETF,2.345,150340272.0,51867400.0,2.347,2.353,2.336
2023-01-10,510880,红利ETF,2.329,245937423.0,85262100.0,2.346,2.35,2.324
2023-01-11,510880,红利ETF,2.351,188233342.0,64943100.0,2.329,2.357,2.327
2023-01-12,510880,红利ETF,2.338,261787768.0,90597300.0,2.351,2.352,2.328
2023-01-13,510880,红利ETF,2.353,193887486.0,66760753.0,2.339,2.356,2.339
2023-01-16,510880,红利ETF,2.372,519675045.0,186379353.0,2.404,2.404,2.354
2023-01-17,510880,红利ETF,2.364,295838452.0,106421800.0,2.372,2.376,2.36
2023-01-18,510880,红利ETF,2.367,209632690.0,75283900.0,2.364,2.375,2.364
2023-01-19,510880,红利ETF,2.373,252977954.0,90972000.0,2.368,2.374,2.359
2023-01-20,510880,红利ETF,2.401,249116778.0,88700498.0,2.374,2.402,2.374
2023-01-30,510880,红利ETF,2.385,358000624.0,127149100.0,2.417,2.433,2.384
2023-01-31,510880,红利ETF,2.393,169838230.0,60527300.0,2.385,2.394,2.38
2023-02-01,510880,红利ETF,2.397,219003348.0,78093727.0,2.393,2.399,2.38
2023-02-02,510880,红利ETF,2.401,193023853.0,68580008.0,2.397,2.407,2.386
2023-02-03,510880,红利ETF,2.383,390425628.0,139694000.0,2.399,2.4,2.37
2023-02-06,510880,红利ETF,2.368,240113329.0,86270600.0,2.376,2.376,2.361
2023-02-07,510880,红利ETF,2.379,164218406.0,58756917.0,2.368,2.386,2.368
2023-02-08,510880,红利ETF,2.372,166306998.0,59525900.0,2.381,2.386,2.37
2023-02-09,510880,红利ETF,2.381,158441046.0,56688600.0,2.37,2.384,2.365
2023-02-10,510880,红利ETF,2.384,193255409.0,69044200.0,2.382,2.389,2.376
2023-02-13,510880,红利ETF,2.389,194855539.0,69617900.0,2.384,2.39,2.371
2023-02-14,510880,红利ETF,2.406,271916690.0,96506800.0,2.388,2.407,2.388
2023-02-15,510880,红利ETF,2.393,165941895.0,59031800.0,2.406,2.407,2.389
2023-02-16,510880,红利ETF,2.378,362060765.0,128882900.0,2.393,2.411,2.364
2023-02-17,510880,红利ETF,2.383,322096574.0,114880900.0,2.383,2.398,2.375
2023-02-20,510880,红利ETF,2.427,495237396.0,175180900.0,2.383,2.428,2.383
2023-02-21,510880,红利ETF,2.463,373481898.0,130005541.0,2.432,2.47,2.432
2023-02-22,510880,红利ETF,2.467,230813153.0,80162400.0,2.463,2.473,2.444
2023-02-23,510880,红利ETF,2.478,278872064.0,96237928.0,2.478,2.494,2.466
2023-02-24,510880,红利ETF,2.47,213207989.0,73935565.0,2.477,2.48,2.453
2023-02-27,510880,红利ETF,2.475,211572943.0,73067550.0,2.464,2.491,2.464
2023-02-28,510880,红利ETF,2.482,150034861.0,51958359.0,2.475,2.482,2.461
2023-03-01,510880,红利ETF,2.499,328135308.0,112762711.0,2.483,2.5,2.482
2023-03-02,510880,红利ETF,2.513,252651667.0,86228774.0,2.499,2.526,2.494
2023-03-03,510880,红利ETF,2.528,256196216.0,87213463.0,2.514,2.532,2.505
2023-03-06,510880,红利ETF,2.514,268088307.0,91306800.0,2.529,2.534,2.511
2023-03-07,510880,红利ETF,2.507,329211304.0,111609900.0,2.513,2.554,2.504
2023-03-08,510880,红利ETF,2.505,224811490.0,77218638.0,2.504,2.506,2.485
2023-03-09,510880,红利ETF,2.501,167495220.0,57295400.0,2.506,2.523,2.499
2023-03-10,510880,红利ETF,2.461,281052253.0,97365800.0,2.498,2.498,2.454
2023-03-13,510880,红利ETF,2.494,209998465.0,72623800.0,2.457,2.494,2.454
2023-03-14,510880,红利ETF,2.479,207670627.0,71521600.0,2.494,2.507,2.467
2023-03-15,510880,红利ETF,2.503,256196945.0,88122000.0,2.483,2.509,2.47
2023-03-16,510880,红利ETF,2.482,209392783.0,72016400.0,2.494,2.508,2.478
2023-03-17,510880,红利ETF,2.501,226786099.0,77682000.0,2.485,2.514,2.485
2023-03-20,510880,红利ETF,2.488,278501185.0,95327000.0,2.501,2.525,2.486
2023-03-21,510880,红利ETF,2.48,184341646.0,63657800.0,2.49,2.498,2.471
2023-03-22,510880,红利ETF,2.494,158789472.0,54584066.0,2.484,2.505,2.477
2023-03-23,510880,红利ETF,2.496,122322128.0,42059400.0,2.493,2.499,2.48
2023-03-24,510880,红利ETF,2.478,179647395.0,62030900.0,2.499,2.501,2.474
2023-03-27,510880,红利ETF,2.457,278881016.0,97238353.0,2.478,2.478,2.444
2023-03-28,510880,红利ETF,2.462,130962553.0,45533700.0,2.459,2.47,2.45
2023-03-29,510880,红利ETF,2.46,98502953.0,34230274.0,2.464,2.474,2.455
2023-03-30,510880,红利ETF,2.471,194987414.0,67884200.0,2.459,2.472,2.442
2023-03-31,510880,红利ETF,2.478,159721785.0,55129200.0,2.473,2.489,2.468
2023-04-03,510880,红利ETF,2.499,220176079.0,75613500.0,2.478,2.502,2.478
2023-04-04,510880,红利ETF,2.512,322909367.0,110291700.0,2.497,2.519,2.491
2023-04-06,510880,红利ETF,2.495,91008860.0,31225906.0,2.512,2.512,2.493
2023-04-07,510880,红利ETF,2.496,107890557.0,37052900.0,2.494,2.506,2.489
2023-04-10,510880,红利ETF,2.493,133549938.0,45922792.0,2.496,2.497,2.485
2023-04-11,510880,红利ETF,2.516,231070532.0,79054500.0,2.493,2.516,2.487
2023-04-12,510880,红利ETF,2.55,381179772.0,128781253.0,2.518,2.551,2.518
2023-04-13,510880,红利ETF,2.557,319787901.0,107516040.0,2.548,2.57,2.545
2023-04-14,510880,红利ETF,2.549,184942348.0,62391435.0,2.557,2.563,2.538
2023-04-17,510880,红利ETF,2.583,296290766.0,99264253.0,2.546,2.584,2.536
2023-04-18,510880,红利ETF,2.602,358379733.0,119134496.0,2.581,2.603,2.574
2023-04-19,510880,红利ETF,2.597,372704726.0,123493956.0,2.6,2.609,2.59
2023-04-20,510880,红利ETF,2.593,213582218.0,71219301.0,2.594,2.605,2.568
2023-04-21,510880,红利ETF,2.576,203993526.0,67684800.0,2.593,2.622,2.575
2023-04-24,510880,红利ETF,2.571,523034033.0,175007101.0,2.577,2.588,2.564
2023-04-25,510880,红利ETF,2.593,338306937.0,112814600.0,2.572,2.597,2.554
2023-04-26,510880,红利ETF,2.599,367421983.0,122174900.0,2.583,2.616,2.554
2023-04-27,510880,红利ETF,2.607,365975685.0,121086700.0,2.598,2.621,2.583
2023-04-28,510880,红利ETF,2.643,487420768.0,160162400.0,2.6,2.645,2.597
2023-05-04,510880,红利ETF,2.714,342886224.0,110225394.0,2.636,2.719,2.626
2023-05-05,510880,红利ETF,2.742,326728367.0,103719097.0,2.722,2.763,2.703
2023-05-08,510880,红利ETF,2.833,626117647.0,194076954.0,2.739,2.847,2.732
2023-05-09,510880,红利ETF,2.795,669668909.0,206046131.0,2.833,2.869,2.792
2023-05-10,510880,红利ETF,2.727,544893190.0,172259637.0,2.784,2.796,2.716
2023-05-11,510880,红利ETF,2.72,246173841.0,78337498.0,2.729,2.748,2.709
2023-05-12,510880,红利ETF,2.707,290498742.0,92668900.0,2.72,2.747,2.694
2023-05-15,510880,红利ETF,2.7,376965463.0,122320000.0,2.706,2.707,2.63
2023-05-16,510880,红利ETF,2.68,247617056.0,79416149.0,2.697,2.722,2.675
2023-05-17,510880,红利ETF,2.667,223115089.0,72269820.0,2.68,2.689,2.655
2023-05-18,510880,红利ETF,2.695,203631845.0,65427820.0,2.669,2.713,2.668
2023-05-19,510880,红利ETF,2.652,644546232.0,209455600.0,2.682,2.682,2.648
2023-05-22,510880,红利ETF,2.642,213381011.0,69759400.0,2.649,2.66,2.629
2023-05-23,510880,红利ETF,2.604,204377434.0,67180700.0,2.64,2.65,2.604
2023-05-24,510880,红利ETF,2.562,287369302.0,96195399.0,2.602,2.602,2.558
2023-05-25,510880,红利ETF,2.547,268765483.0,91052700.0,2.558,2.562,2.516
2023-05-26,510880,红利ETF,2.575,314225158.0,105758900.0,2.544,2.583,2.53
2023-05-29,510880,红利ETF,2.606,463052316.0,153613900.0,2.583,2.628,2.565
2023-05-30,510880,红利ETF,2.605,242262389.0,80546630.0,2.6,2.613,2.564
2023-05-31,510880,红利ETF,2.572,235788344.0,78721000.0,2.596,2.602,2.566
2023-06-01,510880,红利ETF,2.569,192860693.0,64527800.0,2.574,2.595,2.555
2023-06-02,510880,红利ETF,2.568,255216880.0,85495900.0,2.571,2.584,2.561
2023-06-05,510880,红利ETF,2.586,183532760.0,61297600.0,2.569,2.589,2.557
2023-06-06,510880,红利ETF,2.576,244827859.0,81204535.0,2.586,2.622,2.566
2023-06-07,510880,红利ETF,2.607,292681837.0,97089500.0,2.575,2.612,2.56
2023-06-08,510880,红利ETF,2.644,305208527.0,100371600.0,2.605,2.652,2.59
2023-06-09,510880,红利ETF,2.625,183079655.0,60166000.0,2.642,2.643,2.616
2023-06-12,510880,红利ETF,2.594,230181326.0,76298500.0,2.625,2.625,2.59
2023-06-13,510880,红利ETF,2.587,148532062.0,49448020.0,2.588,2.601,2.582
2023-06-14,510880,红利ETF,2.569,234506339.0,78180600.0,2.587,2.609,2.568
2023-06-15,510880,红利ETF,2.578,175553046.0,58757000.0,2.572,2.581,2.564
2023-06-16,510880,红利ETF,2.573,263149365.0,87889300.0,2.578,2.585,2.572
2023-06-19,510880,红利ETF,2.536,305355734.0,103081422.0,2.573,2.574,2.534
2023-06-20,510880,红利ETF,2.509,245848047.0,83787500.0,2.534,2.535,2.506
2023-06-21,510880,红利ETF,2.492,280357291.0,95955209.0,2.508,2.522,2.489
2023-06-26,510880,红利ETF,2.446,533908538.0,185650900.0,2.484,2.484,2.445
2023-06-27,510880,红利ETF,2.499,331625619.0,114655500.0,2.446,2.504,2.446
2023-06-28,510880,红利ETF,2.519,231038912.0,79024700.0,2.495,2.522,2.489
2023-06-29,510880,红利ETF,2.517,223326056.0,76133400.0,2.518,2.527,2.502
2023-06-30,510880,红利ETF,2.522,210589391.0,71608401.0,2.515,2.532,2.513
2023-07-03,510880,红利ETF,2.557,287933595.0,97236200.0,2.524,2.559,2.524
2023-07-04,510880,红利ETF,2.534,189330282.0,64226300.0,2.554,2.554,2.52
2023-07-05,510880,红利ETF,2.532,322285370.0,109278300.0,2.528,2.541,2.517
2023-07-06,510880,红利ETF,2.525,163866682.0,55686809.0,2.532,2.541,2.518
2023-07-07,510880,红利ETF,2.543,175070563.0,59335022.0,2.52,2.545,2.516
2023-07-10,510880,红利ETF,2.55,142027990.0,47931012.0,2.544,2.556,2.538
2023-07-11,510880,红利ETF,2.548,119043555.0,40194180.0,2.552,2.557,2.534
2023-07-12,510880,红利ETF,2.53,151754232.0,51387480.0,2.55,2.553,2.524
2023-07-13,510880,红利ETF,2.561,198755934.0,66926200.0,2.534,2.565,2.532
2023-07-14,510880,红利ETF,2.576,219133170.0,73284063.0,2.563,2.586,2.562
2023-07-17,510880,红利ETF,2.559,136395587.0,46000300.0,2.567,2.567,2.544
2023-07-18,510880,红利ETF,2.552,111046331.0,37397400.0,2.558,2.565,2.544
2023-07-19,510880,红利ETF,2.571,140887349.0,47309100.0,2.549,2.572,2.549
2023-07-20,510880,红利ETF,2.562,124019111.0,41569153.0,2.571,2.58,2.556
2023-07-21,510880,红利ETF,2.562,112343994.0,37754200.0,2.558,2.568,2.551
2023-07-24,510880,红利ETF,2.56,170934718.0,57460100.0,2.554,2.572,2.545
2023-07-25,510880,红利ETF,2.602,324197418.0,107629214.0,2.577,2.603,2.577
2023-07-26,510880,红利ETF,2.609,266949260.0,88312200.0,2.603,2.615,2.599
2023-07-27,510880,红利ETF,2.618,310293894.0,102028283.0,2.608,2.642,2.603
2023-07-28,510880,红利ETF,2.67,414367885.0,134814800.0,2.612,2.677,2.611
2023-07-31,510880,红利ETF,2.69,357919395.0,115187491.0,2.685,2.718,2.677
2023-08-01,510880,红利ETF,2.694,327903473.0,105422589.0,2.689,2.709,2.68
2023-08-02,510880,红利ETF,2.655,285621180.0,92751100.0,2.692,2.692,2.649
2023-08-03,510880,红利ETF,2.671,215303794.0,70156394.0,2.647,2.672,2.635
2023-08-04,510880,红利ETF,2.66,279491037.0,90478000.0,2.681,2.696,2.657
2023-08-07,510880,红利ETF,2.632,168500139.0,55295600.0,2.656,2.656,2.623
2023-08-08,510880,红利ETF,2.627,169965281.0,55814500.0,2.626,2.643,2.617
2023-08-09,510880,红利ETF,2.617,112315761.0,37008564.0,2.627,2.627,2.614
2023-08-10,510880,红利ETF,2.638,124854924.0,40919500.0,2.617,2.649,2.613
2023-08-11,510880,红利ETF,2.596,151592860.0,50088900.0,2.638,2.645,2.595
2023-08-14,510880,红利ETF,2.59,243440080.0,81355151.0,2.581,2.596,2.556
2023-08-15,510880,红利ETF,2.614,300584131.0,99455122.0,2.59,2.62,2.581
2023-08-16,510880,红利ETF,2.613,226597756.0,74871978.0,2.609,2.627,2.59
2023-08-17,510880,红利ETF,2.612,208002829.0,69016074.0,2.597,2.613,2.584
2023-08-18,510880,红利ETF,2.613,239931265.0,78958046.0,2.608,2.642,2.607
2023-08-21,510880,红利ETF,2.588,261038783.0,86661872.0,2.613,2.618,2.584
2023-08-22,510880,红利ETF,2.606,248446640.0,82506000.0,2.589,2.615,2.577
2023-08-23,510880,红利ETF,2.612,241209476.794,79397401.0,2.603,2.642,2.6
2023-08-24,510880,红利ETF,2.596,218735083.0,72440000.0,2.612,2.623,2.591
2023-08-25,510880,红利ETF,2.599,322352398.0,106847963.0,2.594,2.617,2.585
2023-08-28,510880,红利ETF,2.641,531886076.0,172673199.0,2.734,2.752,2.631
2023-08-29,510880,红利ETF,2.641,262486451.0,86003564.0,2.633,2.648,2.619
2023-08-30,510880,红利ETF,2.611,280901441.0,92629001.0,2.641,2.641,2.6
2023-08-31,510880,红利ETF,2.578,307111445.0,102337554.0,2.608,2.618,2.572
2023-09-01,510880,红利ETF,2.606,201150060.0,66712669.0,2.579,2.612,2.579
2023-09-04,510880,红利ETF,2.652,324183861.0,105903360.0,2.616,2.659,2.616
2023-09-05,510880,红利ETF,2.628,188196574.0,61836014.0,2.652,2.652,2.618
2023-09-06,510880,红利ETF,2.625,138699883.0,45688400.0,2.62,2.633,2.609
2023-09-07,510880,红利ETF,2.617,220821934.0,72547621.0,2.624,2.641,2.615
2023-09-08,510880,红利ETF,2.598,209658836.0,69540000.0,2.609,2.613,2.591
2023-09-11,510880,红利ETF,2.619,140555589.0,46378225.0,2.599,2.623,2.598
2023-09-12,510880,红利ETF,2.614,94657868.0,31238825.0,2.617,2.622,2.61
2023-09-13,510880,红利ETF,2.629,218130039.0,71652376.0,2.617,2.641,2.617
2023-09-14,510880,红利ETF,2.667,366654561.0,119430806.0,2.628,2.67,2.621
2023-09-15,510880,红利ETF,2.669,323953456.0,104789693.0,2.669,2.694,2.656
2023-09-18,510880,红利ETF,2.671,189560174.0,61768300.0,2.668,2.671,2.638
2023-09-19,510880,红利ETF,2.692,228239533.0,73535350.0,2.669,2.697,2.666
2023-09-20,510880,红利ETF,2.7,204077919.0,65517532.0,2.69,2.705,2.679
2023-09-21,510880,红利ETF,2.681,324973555.0,104729399.0,2.691,2.707,2.679
2023-09-22,510880,红利ETF,2.695,312511526.0,100762067.0,2.667,2.696,2.666
2023-09-25,510880,红利ETF,2.689,268039907.0,86118600.0,2.691,2.709,2.679
2023-09-26,510880,红利ETF,2.676,137978930.0,44600700.0,2.685,2.694,2.672
2023-09-27,510880,红利ETF,2.665,219143618.0,71082300.0,2.675,2.681,2.659
2023-09-28,510880,红利ETF,2.661,160507715.0,52079000.0,2.668,2.674,2.66
2023-10-09,510880,红利ETF,2.656,202879871.0,66265900.0,2.661,2.662,2.626
2023-10-10,510880,红利ETF,2.627,194512034.0,63708100.0,2.656,2.662,2.625
2023-10-11,510880,红利ETF,2.618,230940816.0,76037100.0,2.631,2.635,2.61
2023-10-12,510880,红利ETF,2.644,189335370.0,62037103.0,2.627,2.65,2.625
2023-10-13,510880,红利ETF,2.64,163522910.0,53520215.0,2.63,2.649,2.621
2023-10-16,510880,红利ETF,2.659,216776420.0,70751010.0,2.642,2.66,2.634
2023-10-17,510880,红利ETF,2.655,120585680.0,39328200.0,2.657,2.66,2.643
2023-10-18,510880,红利ETF,2.632,161883635.0,52982500.0,2.652,2.655,2.631
2023-10-19,510880,红利ETF,2.587,274436031.0,91039100.0,2.623,2.627,2.584
2023-10-20,510880,红利ETF,2.564,319540227.0,107055000.0,2.583,2.583,2.554
2023-10-23,510880,红利ETF,2.534,238086559.0,80500862.0,2.563,2.567,2.519
2023-10-24,510880,红利ETF,2.555,205279078.0,69351300.0,2.552,2.556,2.534
2023-10-25,510880,红利ETF,2.578,249738015.0,83523800.0,2.571,2.587,2.565
2023-10-26,510880,红利ETF,2.588,156824086.0,52428800.0,2.571,2.591,2.559
2023-10-27,510880,红利ETF,2.599,243815269.0,80812200.0,2.588,2.611,2.582
2023-10-30,510880,红利ETF,2.558,351932913.0,118171838.0,2.593,2.594,2.554
2023-10-31,510880,红利ETF,2.566,158216602.0,53211888.0,2.556,2.567,2.545
2023-11-01,510880,红利ETF,2.563,164238770.0,55255150.0,2.567,2.569,2.548
2023-11-02,510880,红利ETF,2.572,161037369.0,53830712.0,2.563,2.582,2.561
2023-11-03,510880,红利ETF,2.558,208714193.0,70046700.0,2.572,2.58,2.554
2023-11-06,510880,红利ETF,2.539,509516531.0,172542660.0,2.558,2.562,2.532
2023-11-07,510880,红利ETF,2.541,173182766.0,58693200.0,2.536,2.544,2.524
2023-11-08,510880,红利ETF,2.54,149216320.0,50499789.0,2.537,2.547,2.529
2023-11-09,510880,红利ETF,2.565,268600330.0,90250558.0,2.54,2.567,2.537
2023-11-10,510880,红利ETF,2.557,150542193.0,50737294.0,2.555,2.563,2.541
2023-11-13,510880,红利ETF,2.562,131909519.0,44482028.0,2.561,2.567,2.539
2023-11-14,510880,红利ETF,2.552,133462722.0,44989800.0,2.562,2.565,2.544
2023-11-15,510880,红利ETF,2.561,129854731.0,43642050.0,2.564,2.568,2.554
2023-11-16,510880,红利ETF,2.563,163561653.0,54895312.0,2.561,2.569,2.552
2023-11-17,510880,红利ETF,2.553,126158077.0,42546443.0,2.558,2.561,2.543
2023-11-20,510880,红利ETF,2.557,139661371.0,46994700.0,2.554,2.562,2.546
2023-11-21,510880,红利ETF,2.573,222860684.0,74451569.0,2.56,2.591,2.559
2023-11-22,510880,红利ETF,2.565,186678900.0,62422629.0,2.567,2.584,2.565
2023-11-23,510880,红利ETF,2.585,236404539.0,78975166.0,2.565,2.589,2.562
2023-11-24,510880,红利ETF,2.593,162595960.0,54047416.0,2.582,2.599,2.582
2023-11-27,510880,红利ETF,2.584,181918979.0,60792100.0,2.586,2.59,2.571
2023-11-28,510880,红利ETF,2.578,143007650.0,47899900.0,2.58,2.58,2.562
2023-11-29,510880,红利ETF,2.565,159578384.0,53477001.0,2.578,2.583,2.56
2023-11-30,510880,红利ETF,2.574,135116873.0,45284200.0,2.561,2.575,2.559
2023-12-01,510880,红利ETF,2.586,182432761.0,60824500.0,2.574,2.589,2.571
2023-12-04,510880,红利ETF,2.592,200666266.0,66769900.0,2.586,2.598,2.58
2023-12-05,510880,红利ETF,2.556,238037773.0,79642395.0,2.588,2.588,2.554
2023-12-06,510880,红利ETF,2.553,201514304.0,68120100.0,2.557,2.558,2.525
2023-12-07,510880,红利ETF,2.554,132906112.0,44796400.0,2.55,2.562,2.537
2023-12-08,510880,红利ETF,2.555,134990555.0,45438800.0,2.554,2.566,2.539
2023-12-11,510880,红利ETF,2.581,306446892.0,103498712.0,2.547,2.584,2.505
2023-12-12,510880,红利ETF,2.593,238997947.0,79682300.0,2.575,2.594,2.564
2023-12-13,510880,红利ETF,2.571,144041471.0,48040200.0,2.587,2.594,2.57
2023-12-14,510880,红利ETF,2.579,176857125.0,59005900.0,2.581,2.59,2.564
2023-12-15,510880,红利ETF,2.562,195802391.0,65631700.0,2.582,2.586,2.556
2023-12-18,510880,红利ETF,2.559,148067048.0,49728912.0,2.556,2.574,2.546
2023-12-19,510880,红利ETF,2.551,209782264.0,70795600.0,2.555,2.558,2.539
2023-12-20,510880,红利ETF,2.549,197627032.0,66441112.0,2.554,2.571,2.545
2023-12-21,510880,红利ETF,2.529,325507067.0,110704800.0,2.543,2.543,2.513
2023-12-22,510880,红利ETF,2.525,231843127.0,78736042.0,2.53,2.543,2.517
2023-12-25,510880,红利ETF,2.523,200047872.0,68357200.0,2.521,2.524,2.502
2023-12-26,510880,红利ETF,2.506,239747051.0,81675800.0,2.522,2.541,2.503
2023-12-27,510880,红利ETF,2.518,242209513.0,82812327.0,2.504,2.519,2.491
2023-12-28,510880,红利ETF,2.5,459288706.0,157440300.0,2.518,2.522,2.492
2023-12-29,510880,红利ETF,2.515,316097312.0,108213960.0,2.5,2.519,2.491
2024-01-02,510880,红利ETF,2.554,432515576.0,145816989.0,2.515,2.567,2.514
2024-01-03,510880,红利ETF,2.594,733444176.0,244179313.0,2.552,2.598,2.549
2024-01-04,510880,红利ETF,2.618,747167919.0,246967953.0,2.592,2.624,2.587
2024-01-05,510880,红利ETF,2.628,984456676.0,321240200.0,2.614,2.671,2.61
2024-01-08,510880,红利ETF,2.599,362024466.0,119728400.0,2.624,2.626,2.597
2024-01-09,510880,红利ETF,2.622,324000371.0,107309100.0,2.598,2.626,2.575
2024-01-10,510880,红利ETF,2.607,258955427.0,85594400.0,2.61,2.629,2.603
2024-01-11,510880,红利ETF,2.579,331815755.0,110549200.0,2.604,2.604,2.575
2024-01-12,510880,红利ETF,2.594,339434882.0,112794000.0,2.579,2.601,2.574
2024-01-15,510880,红利ETF,2.608,161052976.0,53472700.0,2.584,2.609,2.574
2024-01-16,510880,红利ETF,2.618,322106829.0,106610355.0,2.606,2.62,2.593
2024-01-17,510880,红利ETF,2.581,310917036.0,102852200.0,2.616,2.626,2.577
2024-01-18,510880,红利ETF,2.556,857370693.0,291413900.0,2.577,2.577,2.484
2024-01-19,510880,红利ETF,2.534,393130633.0,133033264.0,2.551,2.559,2.525
2024-01-22,510880,红利ETF,2.465,885868183.0,306073753.0,2.534,2.536,2.426
2024-01-23,510880,红利ETF,2.483,829643281.0,302400943.0,2.494,2.494,2.425
2024-01-24,510880,红利ETF,2.551,452951071.0,162034243.0,2.488,2.56,2.481
2024-01-25,510880,红利ETF,2.623,526075343.0,182523900.0,2.551,2.625,2.551
2024-01-26,510880,红利ETF,2.664,590150297.0,201314024.0,2.62,2.67,2.616
2024-01-29,510880,红利ETF,2.679,537473140.0,181188403.0,2.668,2.702,2.665
2024-01-30,510880,红利ETF,2.645,655604462.0,222367359.0,2.665,2.693,2.64
2024-01-31,510880,红利ETF,2.649,408451765.0,139043363.0,2.639,2.675,2.628
2024-02-01,510880,红利ETF,2.619,299953702.0,103071600.0,2.638,2.641,2.609
2024-02-02,510880,红利ETF,2.627,907374977.0,310794398.0,2.617,2.668,2.566
2024-02-05,510880,红利ETF,2.633,561841598.0,193436841.0,2.611,2.655,2.576
2024-02-06,510880,红利ETF,2.675,649425457.0,220979100.0,2.625,2.692,2.603
2024-02-07,510880,红利ETF,2.719,629229074.0,211241868.0,2.674,2.721,2.646
2024-02-08,510880,红利ETF,2.72,473782142.0,157435563.0,2.718,2.743,2.703
2024-02-19,510880,红利ETF,2.79,638557517.0,209851897.0,2.722,2.794,2.698
2024-02-20,510880,红利ETF,2.834,645505995.0,207746746.0,2.778,2.842,2.771
2024-02-21,510880,红利ETF,2.827,681530656.0,217641302.0,2.826,2.869,2.817
2024-02-22,510880,红利ETF,2.885,551476051.0,175098700.0,2.822,2.887,2.82
2024-02-23,510880,红利ETF,2.867,558730587.0,176915000.0,2.883,2.902,2.856
2024-02-26,510880,红利ETF,2.798,606051288.0,195111634.0,2.866,2.866,2.785
2024-02-27,510880,红利ETF,2.815,302095035.0,97814640.0,2.786,2.824,2.776
2024-02-28,510880,红利ETF,2.809,379135091.0,122426679.0,2.815,2.84,2.791
2024-02-29,510880,红利ETF,2.827,303902063.0,98182151.0,2.791,2.829,2.787
2024-03-01,510880,红利ETF,2.822,427297985.0,137353950.0,2.821,2.84,2.813
2024-03-04,510880,红利ETF,2.849,342053833.0,109761600.0,2.823,2.851,2.808
2024-03-05,510880,红利ETF,2.87,315548619.0,100365293.0,2.843,2.872,2.834
2024-03-06,510880,红利ETF,2.868,269154706.0,85032795.0,2.866,2.896,2.863
2024-03-07,510880,红利ETF,2.887,397966453.0,125412142.0,2.868,2.908,2.866
2024-03-08,510880,红利ETF,2.904,427438924.0,134488700.0,2.888,2.91,2.869
2024-03-11,510880,红利ETF,2.872,446909608.0,141793751.0,2.902,2.905,2.848
2024-03-12,510880,红利ETF,2.801,627475471.0,202924309.0,2.866,2.866,2.787
2024-03-13,510880,红利ETF,2.783,486439842.0,158809227.0,2.792,2.793,2.756
2024-03-14,510880,红利ETF,2.792,310930649.0,101209032.0,2.774,2.798,2.766
2024-03-15,510880,红利ETF,2.786,329546901.0,107864900.0,2.785,2.791,2.759
2024-03-18,510880,红利ETF,2.769,481928019.0,158092500.0,2.783,2.783,2.755
2024-03-19,510880,红利ETF,2.767,248644447.0,81260800.0,2.769,2.791,2.762
2024-03-20,510880,红利ETF,2.773,321309390.0,105249153.0,2.766,2.782,2.746
2024-03-21,510880,红利ETF,2.777,164432373.0,53729800.0,2.772,2.785,2.759
2024-03-22,510880,红利ETF,2.783,371517272.0,121480900.0,2.775,2.785,2.756
2024-03-25,510880,红利ETF,2.793,433327000.0,140359426.0,2.778,2.824,2.762
2024-03-26,510880,红利ETF,2.776,318330435.0,104191700.0,2.787,2.795,2.758
2024-03-27,510880,红利ETF,2.775,374451098.0,121895574.0,2.772,2.799,2.767
2024-03-28,510880,红利ETF,2.767,387817807.0,127257400.0,2.773,2.777,2.745
2024-03-29,510880,红利ETF,2.787,348914884.0,113915205.0,2.764,2.79,2.755
2024-04-01,510880,红利ETF,2.782,220555190.0,72014321.0,2.785,2.787,2.772
2024-04-02,510880,红利ETF,2.803,303191431.0,98249497.0,2.782,2.81,2.781
2024-04-03,510880,红利ETF,2.84,412547985.0,132608200.0,2.803,2.842,2.799
2024-04-08,510880,红利ETF,2.85,361079788.0,114964901.0,2.836,2.876,2.818
2024-04-09,510880,红利ETF,2.835,289327266.0,92734700.0,2.847,2.863,2.819
2024-04-10,510880,红利ETF,2.846,415578633.0,132532576.0,2.835,2.866,2.83
2024-04-11,510880,红利ETF,2.886,404816747.0,128032500.0,2.838,2.901,2.833
2024-04-12,510880,红利ETF,2.879,273314685.0,86256612.0,2.879,2.897,2.867
2024-04-15,510880,红利ETF,2.945,457726472.0,142635870.0,2.88,2.947,2.871
2024-04-16,510880,红利ETF,2.959,618443141.0,190940500.0,2.944,2.985,2.918
2024-04-17,510880,红利ETF,2.992,558835097.0,172064263.0,2.941,2.997,2.918
2024-04-18,510880,红利ETF,3.001,565504225.0,171600500.0,2.991,3.035,2.985
2024-04-19,510880,红利ETF,3.023,707693956.0,214235900.0,2.989,3.04,2.982
2024-04-22,510880,红利ETF,2.936,735673390.0,226259562.0,3.021,3.033,2.935
2024-04-23,510880,红利ETF,2.888,541887570.0,170174600.0,2.922,2.931,2.877
2024-04-24,510880,红利ETF,2.889,475262342.0,150520100.0,2.888,2.894,2.855
2024-04-25,510880,红利ETF,2.908,319003727.0,100409299.0,2.881,2.909,2.876
2024-04-26,510880,红利ETF,2.879,469800614.0,148548600.0,2.902,2.919,2.858
2024-04-29,510880,红利ETF,2.845,591166881.0,189352927.0,2.865,2.868,2.815
2024-04-30,510880,红利ETF,2.858,354444371.0,112682098.0,2.839,2.876,2.837
2024-05-06,510880,红利ETF,2.875,417117574.0,132451471.0,2.863,2.876,2.843
2024-05-07,510880,红利ETF,2.875,264589415.0,83915500.0,2.871,2.88,2.858
2024-05-08,510880,红利ETF,2.897,428965922.0,134912900.0,2.873,2.907,2.869
2024-05-09,510880,红利ETF,2.908,312695364.0,98165800.0,2.895,2.913,2.887
2024-05-10,510880,红利ETF,2.927,341996408.0,106906190.0,2.905,2.927,2.897
2024-05-13,510880,红利ETF,2.931,347573335.0,108676600.0,2.922,2.935,2.888
2024-05-14,510880,红利ETF,2.918,366107123.0,114448501.0,2.926,2.929,2.899
2024-05-15,510880,红利ETF,2.917,294878769.0,91991301.0,2.914,2.936,2.901
2024-05-16,510880,红利ETF,2.924,371308246.0,115589511.0,2.916,2.938,2.914
2024-05-17,510880,红利ETF,2.945,343177582.0,106958000.0,2.924,2.948,2.911
2024-05-20,510880,红利ETF,2.984,352499537.0,108426500.0,2.943,2.992,2.943
2024-05-21,510880,红利ETF,3.0,290865366.0,88676206.0,2.976,3.007,2.974
2024-05-22,510880,红利ETF,3.0,429529429.0,130201490.0,3.001,3.032,2.999
2024-05-23,510880,红利ETF,2.958,448857690.0,137971800.0,2.99,2.995,2.951
2024-05-24,510880,红利ETF,2.953,379070814.0,116394730.0,2.954,2.992,2.946
2024-05-27,510880,红利ETF,3.01,339238701.0,103511600.0,2.955,3.01,2.955
2024-05-28,510880,红利ETF,3.001,393670913.0,119592706.0,3.005,3.018,2.988
2024-05-29,510880,红利ETF,3.004,441131422.0,133830250.0,2.995,3.031,2.989
2024-05-30,510880,红利ETF,2.981,392687175.0,119783400.0,2.994,3.022,2.972
2024-05-31,510880,红利ETF,2.988,207572224.0,63365200.0,2.98,3.003,2.98
2024-06-03,510880,红利ETF,2.957,332403966.0,102457700.0,2.983,2.984,2.941
2024-06-04,510880,红利ETF,2.97,274771920.0,84725163.0,2.953,2.973,2.938
2024-06-05,510880,红利ETF,2.932,286385124.0,88543175.0,2.968,2.974,2.928
2024-06-06,510880,红利ETF,2.949,248989697.0,77010590.0,2.932,2.965,2.931
2024-06-07,510880,红利ETF,2.976,251902045.0,77525000.0,2.947,2.977,2.947
2024-06-11,510880,红利ETF,2.92,380005617.0,118279470.0,2.974,2.975,2.904
2024-06-12,510880,红利ETF,2.961,322266154.0,100102600.0,2.914,2.965,2.899
2024-06-13,510880,红利ETF,2.933,226662702.0,70373900.0,2.955,2.961,2.922
2024-06-14,510880,红利ETF,2.938,267653356.0,83118700.0,2.932,2.947,2.921
2024-06-17,510880,红利ETF,2.896,379494049.0,118964900.0,2.93,2.94,2.888
2024-06-18,510880,红利ETF,2.903,242461141.0,76288055.0,2.896,2.908,2.873
2024-06-19,510880,红利ETF,2.903,206053855.0,64572000.0,2.902,2.916,2.895
2024-06-20,510880,红利ETF,2.909,203378892.0,63729083.0,2.901,2.917,2.896
2024-06-21,510880,红利ETF,2.914,236594818.0,74075300.0,2.907,2.919,2.897
2024-06-24,510880,红利ETF,2.872,295363246.0,93449500.0,2.906,2.906,2.858
2024-06-25,510880,红利ETF,2.885,229236035.0,72398700.0,2.871,2.897,2.87
2024-06-26,510880,红利ETF,2.893,214021107.0,67598900.0,2.884,2.896,2.867
2024-06-27,510880,红利ETF,2.893,266049053.0,83666100.0,2.893,2.906,2.88
2024-06-28,510880,红利ETF,2.916,254985981.0,79768726.0,2.891,2.924,2.884
2024-07-01,510880,红利ETF,2.984,499009361.0,153585806.0,2.91,2.987,2.907
2024-07-02,510880,红利ETF,2.986,266958356.0,81739180.0,2.982,2.995,2.96
2024-07-03,510880,红利ETF,2.964,264655992.0,81225300.0,2.986,2.993,2.958
2024-07-04,510880,红利ETF,2.95,215325824.0,66402000.0,2.964,2.978,2.944
2024-07-05,510880,红利ETF,2.933,371881325.0,115719800.0,2.95,2.959,2.915
2024-07-08,510880,红利ETF,2.922,264212320.0,82272100.0,2.932,2.942,2.915
2024-07-09,510880,红利ETF,2.948,311501408.0,96999700.0,2.921,2.95,2.898
2024-07-10,510880,红利ETF,2.882,481635213.0,151426000.0,2.942,2.943,2.878
2024-07-11,510880,红利ETF,2.877,443982393.0,140520499.0,2.885,2.894,2.866
2024-07-12,510880,红利ETF,2.873,274879380.0,86935464.0,2.877,2.895,2.866
2024-07-15,510880,红利ETF,2.91,321323695.0,101107233.0,2.867,2.913,2.853
2024-07-16,510880,红利ETF,2.897,251130425.0,79006789.0,2.906,2.913,2.883
2024-07-17,510880,红利ETF,2.884,201954786.0,63820379.0,2.895,2.901,2.872
2024-07-18,510880,红利ETF,2.888,283359890.0,89881800.0,2.881,2.889,2.852
2024-07-19,510880,红利ETF,2.865,357154250.0,113611200.0,2.879,2.881,2.847
2024-07-22,510880,红利ETF,2.833,543203072.0,174559436.0,2.858,2.858,2.806
2024-07-23,510880,红利ETF,2.812,229830204.0,73947100.0,2.828,2.834,2.808
2024-07-24,510880,红利ETF,2.814,240726775.0,77790100.0,2.809,2.822,2.796
2024-07-25,510880,红利ETF,2.8,302561240.0,98300900.0,2.805,2.808,2.775
2024-07-26,510880,红利ETF,2.782,247013868.0,80586431.0,2.796,2.803,2.766
2024-07-29,510880,红利ETF,2.794,172570612.0,56212900.0,2.775,2.795,2.768
2024-07-30,510880,红利ETF,2.779,167497865.0,54735300.0,2.79,2.791,2.767
2024-07-31,510880,红利ETF,2.808,307491908.0,99866400.0,2.778,2.81,2.774
2024-08-01,510880,红利ETF,2.811,183314308.0,59219600.0,2.808,2.821,2.799
2024-08-02,510880,红利ETF,2.803,266371163.0,86214600.0,2.797,2.815,2.783
2024-08-05,510880,红利ETF,2.762,345893056.0,112849100.0,2.797,2.803,2.758
2024-08-06,510880,红利ETF,2.751,327458332.0,107981562.0,2.763,2.781,2.728
2024-08-07,510880,红利ETF,2.763,230656971.0,75656800.0,2.74,2.778,2.738
2024-08-08,510880,红利ETF,2.774,200808544.0,65790400.0,2.763,2.778,2.753
2024-08-09,510880,红利ETF,2.763,249206238.0,81646700.0,2.774,2.78,2.759
2024-08-12,510880,红利ETF,2.783,221021131.0,72191773.0,2.758,2.79,2.75
2024-08-13,510880,红利ETF,2.784,294386057.0,96106607.0,2.779,2.791,2.765
2024-08-14,510880,红利ETF,2.777,144050369.0,46971472.0,2.783,2.79,2.772
2024-08-15,510880,红利ETF,2.806,268150604.0,86941756.0,2.775,2.813,2.768
2024-08-16,510880,红利ETF,2.811,180875895.0,58437100.0,2.806,2.818,2.798
2024-08-19,510880,红利ETF,2.841,275316304.0,88244900.0,2.81,2.843,2.807
2024-08-20,510880,红利ETF,2.806,268071028.0,86662300.0,2.843,2.845,2.791
2024-08-21,510880,红利ETF,2.773,288945858.0,94565686.0,2.8,2.801,2.755
2024-08-22,510880,红利ETF,2.776,227956652.0,74396800.0,2.771,2.789,2.765
2024-08-23,510880,红利ETF,2.774,202301178.0,66242775.0,2.775,2.785,2.76
2024-08-26,510880,红利ETF,2.758,223879047.0,73755728.0,2.771,2.774,2.741
2024-08-27,510880,红利ETF,2.765,154827183.0,50812698.0,2.753,2.769,2.75
2024-08-28,510880,红利ETF,2.752,152913498.0,50305100.0,2.76,2.773,2.743
2024-08-29,510880,红利ETF,2.696,367673933.0,122878200.0,2.75,2.75,2.691
2024-08-30,510880,红利ETF,2.705,343487081.0,115116000.0,2.694,2.727,2.671
2024-09-02,510880,红利ETF,2.72,292124401.0,97341900.0,2.699,2.737,2.669
2024-09-03,510880,红利ETF,2.693,334918991.0,112622400.0,2.718,2.728,2.674
2024-09-04,510880,红利ETF,2.692,190762708.0,64247500.0,2.685,2.699,2.667
2024-09-05,510880,红利ETF,2.694,154374591.0,51889455.0,2.689,2.703,2.681
2024-09-06,510880,红利ETF,2.67,195875597.0,65942853.0,2.695,2.706,2.668
2024-09-09,510880,红利ETF,2.615,343230502.0,117983600.0,2.661,2.663,2.606
2024-09-10,510880,红利ETF,2.622,283409499.0,97889100.0,2.614,2.627,2.598
2024-09-11,510880,红利ETF,2.558,422393854.0,148072830.0,2.617,2.617,2.545
2024-09-12,510880,红利ETF,2.568,500124280.0,175512200.0,2.555,2.579,2.545
2024-09-13,510880,红利ETF,2.56,380204794.0,132952450.0,2.566,2.591,2.557
2024-09-18,510880,红利ETF,2.593,282934205.0,98923500.0,2.559,2.597,2.557
2024-09-19,510880,红利ETF,2.588,282940216.0,98601100.0,2.594,2.601,2.564
2024-09-20,510880,红利ETF,2.589,176994157.0,61729600.0,2.587,2.594,2.571
2024-09-23,510880,红利ETF,2.62,261275260.0,90240600.0,2.585,2.627,2.58
2024-09-24,510880,红利ETF,2.754,746372074.0,249189600.0,2.647,2.755,2.635
2024-09-25,510880,红利ETF,2.8,1082686965.0,347754517.0,2.801,2.864,2.794
2024-09-26,510880,红利ETF,2.904,932807748.0,297067851.0,2.794,2.909,2.789
2024-09-27,510880,红利ETF,2.893,768259732.0,241338400.0,2.939,2.968,2.853
2024-09-30,510880,红利ETF,3.114,1951601206.0,587413977.0,2.97,3.148,2.947
2024-10-08,510880,红利ETF,3.119,1766260048.0,507637798.0,3.446,3.446,3.031
2024-10-09,510880,红利ETF,2.863,869561173.0,269941474.0,3.085,3.085,2.861
2024-10-10,510880,红利ETF,2.985,1319200654.0,403220818.0,2.863,3.06,2.863
2024-10-11,510880,红利ETF,2.941,862469389.0,265261600.0,2.987,3.015,2.91
2024-10-14,510880,红利ETF,3.027,762403772.0,231364800.0,2.953,3.049,2.953
2024-10-15,510880,红利ETF,2.946,621221100.0,190007400.0,3.015,3.023,2.944
2024-10-16,510880,红利ETF,2.994,558279644.0,170885400.0,2.928,3.015,2.924
2024-10-17,510880,红利ETF,2.946,450750236.0,138273900.0,2.993,3.017,2.943
2024-10-18,510880,红利ETF,2.967,770905583.0,238583443.0,2.94,3.002,2.896
2024-10-21,510880,红利ETF,2.947,668863440.0,207138769.0,2.97,2.975,2.926
2024-10-22,510880,红利ETF,2.959,372895639.0,115096213.0,2.947,2.973,2.933
2024-10-23,510880,红利ETF,2.96,478138345.0,147476000.0,2.959,2.97,2.947
2024-10-24,510880,红利ETF,2.941,495789574.0,153592613.0,2.954,2.956,2.931
2024-10-25,510880,红利ETF,2.939,371592637.0,115292800.0,2.941,2.949,2.929
2024-10-28,510880,红利ETF,2.96,529689427.0,163889200.0,2.936,2.961,2.929
2024-10-29,510880,红利ETF,2.915,460595983.0,143261100.0,2.958,2.965,2.907
2024-10-30,510880,红利ETF,2.88,462622652.0,146092600.0,2.915,2.92,2.861
2024-10-31,510880,红利ETF,2.861,423354446.0,134801800.0,2.879,2.879,2.832
2024-11-01,510880,红利ETF,2.89,620888484.0,195546600.0,2.855,2.908,2.851
2024-11-04,510880,红利ETF,2.904,288044828.0,90916706.0,2.895,2.907,2.858
2024-11-05,510880,红利ETF,2.933,440700142.0,137628278.0,2.903,2.933,2.894
2024-11-06,510880,红利ETF,2.905,645621491.0,202193074.0,2.933,2.933,2.893
2024-11-07,510880,红利ETF,2.974,590799638.0,183247500.0,2.896,2.975,2.892
2024-11-08,510880,红利ETF,2.941,553405289.0,171141067.0,2.981,2.993,2.922
2024-11-11,510880,红利ETF,2.908,571324327.0,179443532.0,2.935,2.935,2.887
2024-11-12,510880,红利ETF,2.888,594122359.0,186292600.0,2.905,2.93,2.875
2024-11-13,510880,红利ETF,2.908,441594912.0,138758400.0,2.885,2.911,2.877
2024-11-14,510880,红利ETF,2.882,425095871.0,133618400.0,2.903,2.914,2.878
2024-11-15,510880,红利ETF,2.885,719396361.0,226436200.0,2.875,2.91,2.87
2024-11-18,510880,红利ETF,2.933,879480495.0,272079820.0,2.902,2.975,2.9
2024-11-19,510880,红利ETF,2.924,745195537.0,232906567.0,2.933,2.944,2.895
2024-11-20,510880,红利ETF,2.93,355272026.0,110815723.0,2.92,2.931,2.91
2024-11-21,510880,红利ETF,2.933,293282711.0,91284152.0,2.925,2.937,2.92
2024-11-22,510880,红利ETF,2.857,628523274.0,197781147.0,2.933,2.946,2.852
2024-11-25,510880,红利ETF,2.863,636641287.0,202268832.0,2.857,2.888,2.848
2024-11-26,510880,红利ETF,2.874,280983607.0,88939542.0,2.857,2.885,2.85
2024-11-27,510880,红利ETF,2.904,711555586.0,224876200.0,2.874,2.906,2.84
2024-11-28,510880,红利ETF,2.901,295960702.0,92765311.0,2.9,2.915,2.894
2024-11-29,510880,红利ETF,2.916,396986685.0,123905600.0,2.9,2.929,2.9
2024-12-02,510880,红利ETF,2.924,388125396.0,121409100.0,2.924,2.928,2.898
2024-12-03,510880,红利ETF,2.956,785749045.0,243412596.0,2.917,2.96,2.908
2024-12-04,510880,红利ETF,2.981,856472737.0,262912500.0,2.953,2.995,2.935
2024-12-05,510880,红利ETF,2.974,814408173.0,249777833.0,2.979,2.985,2.967
2024-12-06,510880,红利ETF,3.017,1083884518.0,328714635.0,2.974,3.028,2.974
2024-12-09,510880,红利ETF,3.025,831408475.0,250858000.0,3.017,3.045,3.003
2024-12-10,510880,红利ETF,3.021,1346996877.0,404395135.0,3.065,3.086,3.015
2024-12-11,510880,红利ETF,3.034,429677946.0,129654653.0,3.017,3.04,3.015
2024-12-12,510880,红利ETF,3.04,427887083.0,128889953.0,3.036,3.043,3.024
2024-12-13,510880,红利ETF,3.003,631300359.0,191578400.0,3.037,3.037,2.995
2024-12-16,510880,红利ETF,3.032,632894247.0,190872500.0,3.0,3.053,2.996
2024-12-17,510880,红利ETF,3.027,584300688.0,176041100.0,3.023,3.051,3.017
2024-12-18,510880,红利ETF,3.047,656843420.0,196912001.0,3.034,3.065,3.032
2024-12-19,510880,红利ETF,3.007,597160320.0,181173800.0,3.035,3.036,2.993
2024-12-20,510880,红利ETF,2.979,466696688.0,142620200.0,2.999,3.013,2.977
2024-12-23,510880,红利ETF,2.993,531636042.0,161772811.0,2.975,3.017,2.975
2024-12-24,510880,红利ETF,3.026,541523489.0,163945800.0,2.993,3.031,2.988
2024-12-25,510880,红利ETF,3.041,563198679.0,169528800.0,3.026,3.049,3.02
2024-12-26,510880,红利ETF,3.031,535843856.0,161861100.0,3.042,3.044,3.019
2024-12-27,510880,红利ETF,3.03,498771822.0,151024500.0,3.023,3.032,2.997
2024-12-30,510880,红利ETF,3.077,835007238.0,249438901.0,3.029,3.08,3.025
2024-12-31,510880,红利ETF,3.066,816818217.0,242627000.0,3.078,3.103,3.06
2025-01-02,510880,红利ETF,2.994,963523375.0,291280800.0,3.066,3.083,2.97
2025-01-03,510880,红利ETF,2.963,1017359129.0,312030900.0,2.997,3.005,2.953
2025-01-06,510880,红利ETF,2.963,515785771.0,159646100.0,2.958,2.964,2.925
2025-01-07,510880,红利ETF,2.949,528765167.0,164322500.0,2.962,2.962,2.915
2025-01-08,510880,红利ETF,2.943,414840256.0,128830000.0,2.94,2.958,2.909
2025-01-09,510880,红利ETF,2.899,610367009.0,191348601.0,2.937,2.937,2.895
2025-01-10,510880,红利ETF,2.866,669076458.0,211617600.0,2.9,2.908,2.865
2025-01-13,510880,红利ETF,2.839,427664333.0,136759300.0,2.855,2.867,2.825
2025-01-14,510880,红利ETF,2.889,637514555.0,201953700.0,2.84,2.894,2.838
2025-01-15,510880,红利ETF,2.898,457884994.0,143646700.0,2.889,2.926,2.884
2025-01-16,510880,红利ETF,2.928,430139438.0,134217000.0,2.903,2.934,2.903
2025-01-17,510880,红利ETF,2.911,425256965.0,133009600.0,2.925,2.927,2.896
2025-01-20,510880,红利ETF,2.9,514639382.0,161191701.0,2.911,2.921,2.895
2025-01-21,510880,红利ETF,2.884,659378954.0,217611460.0,2.91,2.912,2.874
2025-01-22,510880,红利ETF,2.86,390232798.0,129926501.0,2.884,2.884,2.853
2025-01-23,510880,红利ETF,2.909,633230475.0,207932337.0,2.876,2.92,2.876
2025-01-24,510880,红利ETF,2.924,540343135.0,176820420.0,2.902,2.934,2.888
2025-01-27,510880,红利ETF,2.962,435627010.0,140551700.0,2.924,2.971,2.924
2025-02-05,510880,红利ETF,2.9,715366927.0,234095900.0,2.963,2.968,2.893
2025-02-06,510880,红利ETF,2.898,764346957.0,252298000.0,2.898,2.906,2.877
2025-02-07,510880,红利ETF,2.911,845621577.0,277715501.0,2.898,2.918,2.88
2025-02-10,510880,红利ETF,2.904,665773849.0,218705949.0,2.907,2.909,2.894
2025-02-11,510880,红利ETF,2.917,549307825.0,179773401.0,2.904,2.918,2.902
2025-02-12,510880,红利ETF,2.919,553650356.0,181305700.0,2.918,2.921,2.902
2025-02-13,510880,红利ETF,2.922,640334377.0,208861300.0,2.917,2.931,2.914
2025-02-14,510880,红利ETF,2.925,689851319.0,225514046.0,2.921,2.927,2.908
2025-02-17,510880,红利ETF,2.912,591055793.0,193882163.0,2.925,2.928,2.899
2025-02-18,510880,红利ETF,2.91,761812600.0,249105369.0,2.91,2.928,2.9
2025-02-19,510880,红利ETF,2.892,678959018.0,223587300.0,2.905,2.907,2.887
2025-02-20,510880,红利ETF,2.879,594853971.0,196738500.0,2.887,2.89,2.877
2025-02-21,510880,红利ETF,2.857,1058072446.0,352205600.0,2.88,2.884,2.852
2025-02-24,510880,红利ETF,2.853,704388238.0,235457477.0,2.856,2.859,2.838
2025-02-25,510880,红利ETF,2.832,623072744.0,208777400.0,2.848,2.857,2.829
2025-02-26,510880,红利ETF,2.858,622448532.0,207659401.0,2.832,2.865,2.832
2025-02-27,510880,红利ETF,2.885,565650501.0,187680756.0,2.859,2.885,2.853
2025-02-28,510880,红利ETF,2.867,495345853.0,163965650.0,2.884,2.896,2.864
2025-03-03,510880,红利ETF,2.854,615784707.0,205102343.0,2.867,2.876,2.853
2025-03-04,510880,红利ETF,2.853,291657495.0,97408000.0,2.854,2.859,2.84
2025-03-05,510880,红利ETF,2.861,339089688.0,113282400.0,2.853,2.861,2.841
2025-03-06,510880,红利ETF,2.855,515598502.0,172287800.0,2.861,2.864,2.842
2025-03-07,510880,红利ETF,2.854,673568017.0,224683269.0,2.853,2.864,2.849
2025-03-10,510880,红利ETF,2.858,409759286.0,136822900.0,2.852,2.859,2.842
2025-03-11,510880,红利ETF,2.879,566783383.0,188485969.0,2.85,2.88,2.843
2025-03-12,510880,红利ETF,2.875,307969053.0,102018427.0,2.879,2.883,2.868
2025-03-13,510880,红利ETF,2.903,625036125.0,205799156.0,2.871,2.904,2.87
2025-03-14,510880,红利ETF,2.925,740449971.0,241624061.0,2.9,2.934,2.898
2025-03-17,510880,红利ETF,2.934,419182885.0,136369884.0,2.926,2.938,2.92
2025-03-18,510880,红利ETF,2.922,413544469.0,134980698.0,2.934,2.936,2.911
2025-03-19,510880,红利ETF,2.923,308412086.0,100744501.0,2.918,2.927,2.908
2025-03-20,510880,红利ETF,2.918,585948012.0,191114200.0,2.923,2.934,2.915
2025-03-21,510880,红利ETF,2.912,534916071.0,174555717.0,2.915,2.937,2.9
2025-03-24,510880,红利ETF,2.935,448782776.0,146219701.0,2.911,2.937,2.911
2025-03-25,510880,红利ETF,2.957,522325495.0,169054626.0,2.93,2.957,2.929
2025-03-26,510880,红利ETF,2.958,530788815.0,171399001.0,2.953,2.96,2.941
2025-03-27,510880,红利ETF,2.956,291081985.0,93902700.0,2.957,2.962,2.948
2025-03-28,510880,红利ETF,2.939,484495058.0,157192901.0,2.952,2.956,2.931
2025-03-31,510880,红利ETF,2.93,464119231.0,150717500.0,2.936,2.952,2.924
2025-04-01,510880,红利ETF,2.954,350848542.0,113641700.0,2.928,2.955,2.927
2025-04-02,510880,红利ETF,2.969,413946188.0,133127236.0,2.954,2.973,2.949
2025-04-03,510880,红利ETF,2.974,451452176.0,145169479.0,2.955,2.977,2.946
2025-04-07,510880,红利ETF,2.795,1400235161.0,471864511.0,2.907,2.91,2.732
2025-04-08,510880,红利ETF,2.86,888849289.0,298132600.0,2.796,2.86,2.795
2025-04-09,510880,红利ETF,2.864,801625258.0,268858300.0,2.84,2.869,2.802
2025-04-10,510880,红利ETF,2.895,885372931.0,291703000.0,2.877,2.905,2.867
2025-04-11,510880,红利ETF,2.88,365078983.0,120779888.0,2.887,2.888,2.87
2025-04-14,510880,红利ETF,2.908,374237437.0,123122425.0,2.88,2.912,2.877
2025-04-15,510880,红利ETF,2.923,363495779.0,118990570.0,2.908,2.924,2.901
2025-04-16,510880,红利ETF,2.939,452387325.0,147468500.0,2.92,2.941,2.913
2025-04-17,510880,红利ETF,2.932,248877279.0,81058528.0,2.935,2.935,2.918
2025-04-18,510880,红利ETF,2.934,255559322.0,83169155.0,2.924,2.937,2.923
2025-04-21,510880,红利ETF,2.924,301075505.0,97844810.0,2.932,2.951,2.922
2025-04-22,510880,红利ETF,2.934,387436756.0,125932900.0,2.921,2.939,2.92
2025-04-23,510880,红利ETF,2.918,324950805.0,106024706.0,2.934,2.937,2.915
2025-04-24,510880,红利ETF,2.931,294733956.0,95897590.0,2.917,2.938,2.912
2025-04-25,510880,红利ETF,2.928,215152749.0,70100003.0,2.929,2.936,2.921
2025-04-28,510880,红利ETF,2.931,363368046.0,118311494.0,2.927,2.934,2.917
2025-04-29,510880,红利ETF,2.919,245018119.0,79978494.0,2.928,2.933,2.914
2025-04-30,510880,红利ETF,2.895,356508256.0,117201200.0,2.919,2.919,2.891
2025-05-06,510880,红利ETF,2.887,352428894.0,116445701.0,2.897,2.9,2.877
2025-05-07,510880,红利ETF,2.906,513728435.0,168755169.0,2.9,2.912,2.893
2025-05-08,510880,红利ETF,2.91,274413601.0,89909801.0,2.906,2.916,2.897
2025-05-09,510880,红利ETF,2.927,396206112.0,129185300.0,2.908,2.931,2.907
2025-05-12,510880,红利ETF,2.94,280634398.0,91184195.0,2.93,2.941,2.924
2025-05-13,510880,红利ETF,2.962,614150598.0,198210201.0,2.947,2.964,2.94
2025-05-14,510880,红利ETF,2.99,614422151.0,197015500.0,2.958,2.991,2.952
2025-05-15,510880,红利ETF,2.981,442995927.0,141456107.0,2.989,3.002,2.98
2025-05-16,510880,红利ETF,2.963,268988030.0,86700630.0,2.975,2.98,2.947
2025-05-19,510880,红利ETF,2.974,270282355.0,86716277.0,2.963,2.978,2.961
2025-05-20,510880,红利ETF,2.978,285541297.0,91527828.0,2.975,2.984,2.969
2025-05-21,510880,红利ETF,3.007,364002124.0,115707933.0,2.978,3.015,2.977
2025-05-22,510880,红利ETF,3.008,228471311.0,72560286.0,3.004,3.014,2.994
2025-05-23,510880,红利ETF,2.98,282705233.0,89887004.0,3.009,3.025,2.979
2025-05-26,510880,红利ETF,2.964,298445311.0,95942718.0,2.976,2.985,2.959
2025-05-27,510880,红利ETF,2.952,235010069.0,75818830.0,2.962,2.971,2.944
2025-05-28,510880,红利ETF,2.957,172392932.0,55699568.0,2.952,2.96,2.943
2025-05-29,510880,红利ETF,2.965,221997032.0,71506852.0,2.957,2.967,2.954
2025-05-30,510880,红利ETF,2.979,250818749.0,80482384.0,2.961,2.98,2.961
2025-06-03,510880,红利ETF,2.991,234014853.0,74922500.0,2.975,2.996,2.96
2025-06-04,510880,红利ETF,2.999,217069614.0,69241081.0,2.992,2.999,2.981
2025-06-05,510880,红利ETF,2.981,246694544.0,78906418.0,2.997,3.006,2.973
2025-06-06,510880,红利ETF,2.981,347082120.0,111079251.0,2.981,2.995,2.977
2025-06-09,510880,红利ETF,2.985,235332325.0,75424100.0,2.981,2.986,2.967
2025-06-10,510880,红利ETF,2.99,334252841.0,106585668.0,2.982,3.005,2.975
2025-06-11,510880,红利ETF,2.999,199338142.0,63494630.0,2.988,3.001,2.986
2025-06-12,510880,红利ETF,2.997,160803595.0,51247128.0,2.999,3.0,2.99
2025-06-13,510880,红利ETF,2.982,391104908.0,125091346.0,2.996,3.0,2.976
2025-06-16,510880,红利ETF,2.988,187725550.0,60081687.0,2.978,2.989,2.974
2025-06-17,510880,红利ETF,2.991,189105442.0,60362136.0,2.988,2.995,2.983
2025-06-18,510880,红利ETF,2.995,219000791.0,69871022.0,2.989,2.997,2.979
2025-06-19,510880,红利ETF,2.981,229796892.0,73519113.0,2.994,2.994,2.975
2025-06-20,510880,红利ETF,2.997,287317349.0,91566508.0,2.981,3.002,2.981
2025-06-23,510880,红利ETF,3.01,350443162.0,111588538.0,2.993,3.016,2.975
2025-06-24,510880,红利ETF,3.014,321835872.0,102083849.0,3.002,3.017,2.996
2025-06-25,510880,红利ETF,3.03,421989600.0,133355588.0,3.015,3.035,3.004
2025-06-26,510880,红利ETF,3.037,312154800.0,98276704.0,3.027,3.042,3.022
2025-06-27,510880,红利ETF,3.011,404722320.0,127815823.0,3.036,3.05,3.004
2025-06-30,510880,红利ETF,3.009,429836144.0,136603834.0,3.005,3.012,2.997
2025-07-01,510880,红利ETF,3.032,315150085.0,99495111.0,3.009,3.033,3.008
2025-07-02,510880,红利ETF,3.056,376313306.0,117885402.0,3.034,3.057,3.032
2025-07-03,510880,红利ETF,3.055,348047433.0,108784637.0,3.054,3.064,3.045
2025-07-04,510880,红利ETF,3.079,539974042.0,167707650.0,3.054,3.09,3.053
2025-07-07,510880,红利ETF,3.092,308935440.0,95827567.0,3.076,3.092,3.064
2025-07-08,510880,红利ETF,3.086,231601535.0,71753460.0,3.089,3.099,3.075
2025-07-09,510880,红利ETF,3.102,253102861.0,78020949.0,3.085,3.109,3.083
2025-07-10,510880,红利ETF,3.128,246576780.0,75563978.0,3.101,3.134,3.1
2025-07-11,510880,红利ETF,3.107,447220525.0,136776468.0,3.127,3.144,3.107
2025-07-14,510880,红利ETF,3.129,355275711.0,108586124.0,3.104,3.141,3.103
2025-07-15,510880,红利ETF,3.09,403984389.0,124622482.0,3.125,3.129,3.083
2025-07-16,510880,红利ETF,3.078,533075010.0,165737333.0,3.089,3.091,3.062
2025-07-17,510880,红利ETF,3.069,349830234.0,108941068.0,3.076,3.082,3.061
2025-07-18,510880,红利ETF,3.083,259717719.0,80614306.0,3.069,3.085,3.068
2025-07-21,510880,红利ETF,3.104,325907446.0,100531310.0,3.083,3.105,3.082
2025-07-22,510880,红利ETF,3.157,640154670.0,195337026.0,3.104,3.162,3.081
2025-07-23,510880,红利ETF,3.154,511370562.0,154403420.0,3.171,3.186,3.151
2025-07-24,510880,红利ETF,3.164,436800288.0,132457271.0,3.151,3.165,3.132
2025-07-25,510880,红利ETF,3.15,386062855.0,116835480.0,3.161,3.182,3.145
2025-07-28,510880,红利ETF,3.117,464594889.0,142440656.0,3.139,3.139,3.107
2025-07-29,510880,红利ETF,3.108,382663718.0,117932676.0,3.108,3.116,3.091
2025-07-30,510880,红利ETF,3.119,442289421.0,135363979.0,3.107,3.139,3.106
2025-07-31,510880,红利ETF,3.068,638954821.0,199017169.0,3.108,3.112,3.053
2025-08-01,510880,红利ETF,3.065,282201386.0,88037917.0,3.067,3.079,3.053
2025-08-04,510880,红利ETF,3.079,284009313.0,88429429.0,3.052,3.081,3.051
2025-08-05,510880,红利ETF,3.111,282106022.0,87068700.0,3.08,3.113,3.075
2025-08-06,510880,红利ETF,3.124,374422005.0,114725800.0,3.112,3.127,3.109
2025-08-07,510880,红利ETF,3.136,481477943.0,147066654.0,3.124,3.141,3.112
2025-08-08,510880,红利ETF,3.135,324005803.0,98807450.0,3.132,3.145,3.127
2025-08-11,510880,红利ETF,3.117,526366177.0,161379799.0,3.134,3.14,3.114
2025-08-12,510880,红利ETF,3.135,344012480.0,104948160.0,3.117,3.149,3.117
2025-08-13,510880,红利ETF,3.115,351994155.0,107908288.0,3.135,3.139,3.112
2025-08-14,510880,红利ETF,3.094,354894970.0,109252707.0,3.115,3.122,3.091
2025-08-15,510880,红利ETF,3.088,418361746.0,129936100.0,3.09,3.09,3.066
2025-08-18,510880,红利ETF,3.08,434845368.0,134969065.0,3.087,3.093,3.071
2025-08-19,510880,红利ETF,3.074,332002502.0,103232286.0,3.078,3.08,3.069
2025-08-20,510880,红利ETF,3.097,364871739.0,112975538.0,3.071,3.098,3.063
2025-08-21,510880,红利ETF,3.113,415674551.0,127908198.0,3.097,3.115,3.088
2025-08-22,510880,红利ETF,3.11,547820885.0,169201858.0,3.115,3.115,3.083
2025-08-25,510880,红利ETF,3.13,574875219.0,176378554.0,3.111,3.131,3.1
2025-08-26,510880,红利ETF,3.118,349638135.0,107061647.0,3.127,3.13,3.117
2025-08-27,510880,红利ETF,3.065,616117897.0,190896900.0,3.115,3.116,3.062
2025-08-28,510880,红利ETF,3.062,716433418.0,224181088.0,3.062,3.071,3.033
2025-08-29,510880,红利ETF,3.046,579134004.0,180980728.0,3.058,3.084,3.043
2025-09-01,510880,红利ETF,3.028,676408329.0,212962041.0,3.045,3.055,3.021
2025-09-02,510880,红利ETF,3.043,440228971.0,138606235.0,3.028,3.044,3.022
2025-09-03,510880,红利ETF,3.01,553425776.0,175130628.0,3.042,3.045,3.005
2025-09-04,510880,红利ETF,3.029,643178290.0,204558395.0,3.006,3.032,2.979
2025-09-05,510880,红利ETF,3.019,426184701.0,135163612.0,3.023,3.024,3.001
2025-09-08,510880,红利ETF,3.025,353563515.0,111711496.0,3.017,3.028,3.009
2025-09-09,510880,红利ETF,3.027,325048395.0,102677291.0,3.025,3.031,3.012
2025-09-10,510880,红利ETF,3.026,274032957.0,86565900.0,3.024,3.029,3.013
2025-09-11,510880,红利ETF,3.031,554593269.0,175492519.0,3.024,3.031,3.007
2025-09-12,510880,红利ETF,3.016,430411442.0,136000431.0,3.028,3.035,3.011
2025-09-15,510880,红利ETF,2.999,513234756.0,163360700.0,3.013,3.013,2.992
2025-09-16,510880,红利ETF,2.992,361916019.0,115256577.0,3.002,3.016,2.988
2025-09-17,510880,红利ETF,3.006,489338053.0,155671600.0,2.991,3.01,2.982
2025-09-18,510880,红利ETF,2.953,1068605314.0,343379949.0,3.007,3.007,2.939
2025-09-19,510880,红利ETF,2.97,789274234.0,254907648.0,2.953,2.971,2.934
2025-09-22,510880,红利ETF,2.944,434515263.0,140548279.0,2.969,2.97,2.937
2025-09-23,510880,红利ETF,2.962,701061686.0,226650330.0,2.944,2.964,2.927
2025-09-24,510880,红利ETF,2.968,457454869.0,147229828.0,2.957,2.979,2.95
2025-09-25,510880,红利ETF,2.954,410443852.0,132771900.0,2.963,2.965,2.94
2025-09-26,510880,红利ETF,2.955,425490676.0,137495261.0,2.952,2.961,2.937
2025-09-29,510880,红利ETF,2.95,662483851.0,214805423.0,2.948,2.962,2.929
2025-09-30,510880,红利ETF,2.939,355382758.0,115426700.0,2.948,2.949,2.93
2025-10-09,510880,红利ETF,2.96,594695149.0,192947361.0,2.939,2.96,2.925
2025-10-10,510880,红利ETF,2.993,832048253.0,265947347.0,2.957,2.998,2.948
2025-10-13,510880,红利ETF,2.997,743812669.0,238490581.0,2.982,3.002,2.951
2025-10-14,510880,红利ETF,3.061,1507596097.0,474243200.0,2.996,3.062,2.983
2025-10-15,510880,红利ETF,3.064,763943699.0,238431243.0,3.06,3.072,3.044
2025-10-16,510880,红利ETF,3.096,781310136.0,242080231.0,3.058,3.101,3.054
2025-10-17,510880,红利ETF,3.086,792139562.0,243919045.0,3.096,3.125,3.081
2025-10-20,510880,红利ETF,3.113,816254793.0,252638582.0,3.086,3.115,3.057
2025-10-21,510880,红利ETF,3.105,519618096.0,160358423.0,3.1,3.11,3.085
2025-10-22,510880,红利ETF,3.11,382621933.0,117732243.0,3.098,3.113,3.095
2025-10-23,510880,红利ETF,3.135,739691906.0,225949709.0,3.105,3.14,3.105
2025-10-24,510880,红利ETF,3.116,637760802.0,195565725.0,3.122,3.13,3.111
2025-10-27,510880,红利ETF,3.129,592349598.0,181602250.0,3.11,3.143,3.092
2025-10-28,510880,红利ETF,3.124,401591094.0,122988372.0,3.125,3.136,3.11
2025-10-29,510880,红利ETF,3.106,555620855.0,171294655.0,3.122,3.122,3.087
2025-10-30,510880,红利ETF,3.105,373835004.0,114843191.0,3.102,3.128,3.099
2025-10-31,510880,红利ETF,3.097,370000179.0,114408542.0,3.104,3.105,3.082
2025-11-03,510880,红利ETF,3.14,626811594.0,191633780.0,3.097,3.142,3.096
2025-11-04,510880,红利ETF,3.17,737846054.0,223001855.0,3.14,3.184,3.137
2025-11-05,510880,红利ETF,3.179,427582154.0,128942958.0,3.163,3.189,3.149
2025-11-06,510880,红利ETF,3.183,313556933.0,94328311.0,3.172,3.192,3.159
2025-11-07,510880,红利ETF,3.188,252940407.0,75841424.0,3.183,3.207,3.182
2025-11-10,510880,红利ETF,3.213,318181716.0,95077894.0,3.185,3.215,3.174
2025-11-11,510880,红利ETF,3.204,307055315.0,91917953.0,3.211,3.211,3.184
2025-11-12,510880,红利ETF,3.217,367505154.0,109340171.0,3.202,3.232,3.202
2025-11-13,510880,红利ETF,3.218,345429308.0,103080047.0,3.209,3.225,3.193
2025-11-14,510880,红利ETF,3.205,333939431.0,99226760.0,3.213,3.238,3.203
2025-11-17,510880,红利ETF,3.186,447738536.0,134521516.0,3.205,3.205,3.168
2025-11-18,510880,红利ETF,3.141,588238947.0,178681585.0,3.181,3.184,3.13
2025-11-19,510880,红利ETF,3.157,348660939.0,105795193.0,3.14,3.165,3.139
2025-11-20,510880,红利ETF,3.157,339974086.0,102651083.0,3.156,3.19,3.152
2025-11-21,510880,红利ETF,3.112,666227783.0,203958688.0,3.147,3.157,3.107
2025-11-24,510880,红利ETF,3.084,553967594.0,171180394.0,3.11,3.122,3.084
2025-11-25,510880,红利ETF,3.1,420361711.0,129958849.0,3.083,3.103,3.077
2025-11-26,510880,红利ETF,3.083,475840020.0,147222900.0,3.097,3.109,3.08
2025-11-27,510880,红利ETF,3.087,401048374.0,124318854.0,3.083,3.096,3.065
2025-11-28,510880,红利ETF,3.087,290065589.0,89971333.0,3.087,3.089,3.072
2025-12-01,510880,红利ETF,3.102,370453373.0,114560230.0,3.087,3.102,3.079
2025-12-02,510880,红利ETF,3.106,319016055.0,98340779.0,3.101,3.107,3.093
2025-12-03,510880,红利ETF,3.098,307606155.0,94656824.0,3.103,3.121,3.093
2025-12-04,510880,红利ETF,3.085,274815447.0,85025900.0,3.095,3.105,3.081
2025-12-05,510880,红利ETF,3.083,345204617.0,107288900.0,3.084,3.087,3.063
2025-12-08,510880,红利ETF,3.067,628441255.0,195997498.0,3.082,3.084,3.05
2025-12-09,510880,红利ETF,3.041,458517490.0,143744500.0,3.06,3.061,3.038
2025-12-10,510880,红利ETF,3.028,478269249.0,150870312.0,3.043,3.048,3.017
2025-12-11,510880,红利ETF,3.012,579234276.0,183537188.0,3.028,3.031,3.002
2025-12-12,510880,红利ETF,2.999,565760514.0,180122193.0,3.012,3.016,2.992
2025-12-15,510880,红利ETF,3.025,467091226.0,147648857.0,3.0,3.032,2.99
2025-12-16,510880,红利ETF,2.997,686949710.0,218581300.0,3.024,3.024,2.992
2025-12-17,510880,红利ETF,3.0,495539898.0,157998518.0,2.993,3.011,2.981
2025-12-18,510880,红利ETF,3.032,513315654.0,162248076.0,3.0,3.037,2.997
2025-12-19,510880,红利ETF,3.031,404755029.0,127672494.0,3.032,3.04,3.016
2025-12-22,510880,红利ETF,3.016,475517527.0,150432000.0,3.031,3.031,3.012
2025-12-23,510880,红利ETF,3.017,385373319.0,121823000.0,3.015,3.03,3.012
2025-12-24,510880,红利ETF,3.022,401114744.0,127133408.0,3.017,3.023,3.003
2025-12-25,510880,红利ETF,3.031,357444737.0,112772764.0,3.022,3.034,3.02
2025-12-26,510880,红利ETF,3.044,386249074.0,121476500.0,3.027,3.044,3.024
2025-12-29,510880,红利ETF,3.042,494659817.0,155206513.0,3.044,3.057,3.029
2025-12-30,510880,红利ETF,3.045,437951361.0,137469558.0,3.036,3.051,3.028
2025-12-31,510880,红利ETF,3.04,337059439.0,105880010.0,3.045,3.051,3.032
2026-01-05,510880,红利ETF,3.037,510847599.0,160709824.0,3.04,3.05,3.027
2026-01-06,510880,红利ETF,3.075,677876074.0,212208423.0,3.037,3.076,3.029
2026-01-07,510880,红利ETF,3.089,467902780.0,145318753.0,3.075,3.089,3.059
2026-01-08,510880,红利ETF,3.078,351116569.0,109021090.0,3.087,3.088,3.07
2026-01-09,510880,红利ETF,3.091,392760656.0,121750149.0,3.078,3.092,3.073
2026-01-12,510880,红利ETF,3.088,459145758.0,142405448.0,3.09,3.094,3.071
2026-01-13,510880,红利ETF,3.086,456857959.0,141142025.0,3.085,3.102,3.081
2026-01-14,510880,红利ETF,3.056,625541707.0,194456918.0,3.085,3.093,3.054
2026-01-15,510880,红利ETF,3.045,490206980.0,153320022.0,3.056,3.066,3.04
2026-01-16,510880,红利ETF,3.02,808039637.0,254663722.0,3.046,3.057,3.012
2026-01-19,510880,红利ETF,3.036,536333533.0,169245729.0,3.02,3.037,3.011
2026-01-20,510880,红利ETF,3.074,621283721.0,194369138.0,3.037,3.075,3.032
2026-01-21,510880,红利ETF,3.057,923943262.0,301877800.0,3.078,3.079,3.052
2026-01-22,510880,红利ETF,3.077,478674278.0,155801800.0,3.059,3.08,3.055
2026-01-23,510880,红利ETF,3.069,494701122.0,161176568.0,3.081,3.082,3.059
2026-01-26,510880,红利ETF,3.106,654976910.0,211831264.0,3.069,3.109,3.064
2026-01-27,510880,红利ETF,3.081,804341780.0,260210876.0,3.106,3.113,3.075
2026-01-28,510880,红利ETF,3.132,1028739544.0,329895023.0,3.082,3.148,3.072
2026-01-29,510880,红利ETF,3.166,709880740.0,225603099.0,3.134,3.168,3.12
2026-01-30,510880,红利ETF,3.144,834801090.0,264593377.0,3.165,3.196,3.124
2026-02-02,510880,红利ETF,3.046,1235729327.0,401047605.0,3.137,3.138,3.042
2026-02-03,510880,红利ETF,3.051,724610538.0,237958217.0,3.049,3.064,3.028
2026-02-04,510880,红利ETF,3.15,1363521066.0,437466557.0,3.056,3.153,3.056
2026-02-05,510880,红利ETF,3.136,466573398.0,149211527.0,3.132,3.143,3.112
2026-02-06,510880,红利ETF,3.126,472796203.0,151344403.0,3.11,3.141,3.1
2026-02-09,510880,红利ETF,3.144,292349656.0,93180979.0,3.126,3.146,3.125
2026-02-10,510880,红利ETF,3.156,374162405.0,118853689.0,3.144,3.16,3.132
2026-02-11,510880,红利ETF,3.183,713970108.0,224707518.0,3.153,3.192,3.143
2026-02-12,510880,红利ETF,3.18,452049042.0,142012267.0,3.185,3.198,3.169
2026-02-13,510880,红利ETF,3.137,469202890.0,148983293.0,3.17,3.175,3.134
2026-02-24,510880,红利ETF,3.19,691885851.0,217299547.0,3.152,3.196,3.152
2026-02-25,510880,红利ETF,3.194,1167864053.0,363803227.0,3.19,3.237,3.187
2026-02-26,510880,红利ETF,3.195,385766967.0,120777051.0,3.197,3.211,3.178
2026-02-27,510880,红利ETF,3.232,665145099.0,206367498.0,3.193,3.237,3.19
2026-03-02,510880,红利ETF,3.303,1065672481.0,325190372.0,3.275,3.306,3.235
2026-03-03,510880,红利ETF,3.367,1253251550.0,374115273.0,3.306,3.404,3.296
2026-03-04,510880,红利ETF,3.304,553439482.0,168292053.0,3.341,3.341,3.251
2026-03-05,510880,红利ETF,3.291,454326194.0,138530487.0,3.283,3.312,3.255
2026-03-06,510880,红利ETF,3.285,401360823.0,122717861.0,3.282,3.29,3.253
2026-03-09,510880,红利ETF,3.309,675842638.0,202199892.0,3.347,3.373,3.308
2026-03-10,510880,红利ETF,3.27,423148675.0,129612243.0,3.256,3.283,3.24
2026-03-11,510880,红利ETF,3.313,439613998.0,134046487.0,3.263,3.317,3.24
2026-03-12,510880,红利ETF,3.381,698295169.0,207427219.0,3.325,3.392,3.313
2026-03-13,510880,红利ETF,3.364,690999168.0,204236448.0,3.38,3.408,3.358
2026-03-16,510880,红利ETF,3.335,379859829.0,113578600.0,3.365,3.381,3.33
2026-03-17,510880,红利ETF,3.309,372500010.0,112049787.0,3.325,3.349,3.308
2026-03-18,510880,红利ETF,3.296,389647686.0,118516785.0,3.308,3.319,3.261
2026-03-19,510880,红利ETF,3.305,445624309.0,134593615.0,3.306,3.329,3.296
2026-03-20,510880,红利ETF,3.296,355018429.0,107415600.0,3.275,3.329,3.273
2026-03-23,510880,红利ETF,3.234,660155165.0,202280443.0,3.305,3.306,3.226
2026-03-24,510880,红利ETF,3.269,455037626.0,139870305.0,3.23,3.27,3.227
2026-03-25,510880,红利ETF,3.256,509345306.0,157561500.0,3.25,3.257,3.21
2026-03-26,510880,红利ETF,3.268,375558985.0,114829500.0,3.251,3.288,3.248
2026-03-27,510880,红利ETF,3.267,289198915.0,88778799.0,3.267,3.283,3.243
2026-03-30,510880,红利ETF,3.299,355809927.0,108153999.0,3.262,3.304,3.262
2026-03-31,510880,红利ETF,3.251,519957179.0,159039900.0,3.293,3.314,3.248
2026-04-01,510880,红利ETF,3.241,429458774.0,132234201.0,3.248,3.269,3.236
2026-04-02,510880,红利ETF,3.258,326342217.0,100208745.0,3.24,3.27,3.238
2026-04-03,510880,红利ETF,3.216,490888645.0,152336599.0,3.256,3.259,3.204
2026-04-07,510880,红利ETF,3.228,328441978.0,102118372.0,3.217,3.232,3.196
2026-04-08,510880,红利ETF,3.227,549273612.0,171453300.0,3.21,3.228,3.186
2026-04-09,510880,红利ETF,3.212,254702266.0,79258200.0,3.222,3.232,3.202
2026-04-10,510880,红利ETF,3.218,270381505.0,83960572.0,3.211,3.231,3.205
2026-04-13,510880,红利ETF,3.223,365930898.0,113707200.0,3.225,3.233,3.202
2026-04-14,510880,红利ETF,3.223,318664154.0,99129016.0,3.216,3.224,3.205
2026-04-15,510880,红利ETF,3.24,372895343.0,115504450.0,3.221,3.242,3.206
2026-04-16,510880,红利ETF,3.244,305409124.0,94220260.0,3.23,3.251,3.23
2026-04-17,510880,红利ETF,3.218,344442966.0,106833300.0,3.24,3.244,3.216
2026-04-20,510880,红利ETF,3.225,288666367.0,89628031.0,3.219,3.235,3.212
2026-04-21,510880,红利ETF,3.265,712181256.0,218600872.0,3.224,3.273,3.222
2026-04-22,510880,红利ETF,3.269,368498363.0,112700900.0,3.268,3.281,3.259
2026-04-23,510880,红利ETF,3.293,397569032.0,121308325.0,3.269,3.294,3.253
2026-04-24,510880,红利ETF,3.28,478523898.0,146004600.0,3.277,3.292,3.266
2026-04-27,510880,红利ETF,3.275,330541990.0,100852200.0,3.27,3.293,3.264
2026-04-28,510880,红利ETF,3.325,545846331.0,165336452.0,3.27,3.326,3.265
2026-04-29,510880,红利ETF,3.347,466652880.0,139571871.0,3.315,3.36,3.313
2026-04-30,510880,红利ETF,3.341,478767666.0,143435124.0,3.34,3.357,3.324
2026-05-06,510880,红利ETF,3.341,481710572.0,145180000.0,3.335,3.342,3.3
2026-05-07,510880,红利ETF,3.272,964538060.0,293781100.0,3.327,3.327,3.268
2026-05-08,510880,红利ETF,3.261,519812739.0,159384137.0,3.273,3.292,3.25
2026-05-11,510880,红利ETF,3.263,477609074.0,146354012.0,3.261,3.276,3.253
2026-05-12,510880,红利ETF,3.257,382461892.0,117147994.0,3.26,3.284,3.255
2026-05-13,510880,红利ETF,3.244,396171454.0,122094995.0,3.258,3.271,3.23
2026-05-14,510880,红利ETF,3.223,330506928.0,102244144.0,3.244,3.246,3.222
2026-05-15,510880,红利ETF,3.223,517776590.0,160566378.0,3.224,3.244,3.21
2026-05-18,510880,红利ETF,3.217,605137252.0,188532470.0,3.22,3.234,3.2
2026-05-19,510880,红利ETF,3.222,309449822.0,96124900.0,3.217,3.228,3.208
2026-05-20,510880,红利ETF,3.215,436881640.0,135717273.0,3.222,3.23,3.208
2026-05-21,510880,红利ETF,3.172,734993648.0,230279100.0,3.205,3.215,3.167
2026-05-22,510880,红利ETF,3.156,530077819.0,168086350.0,3.173,3.175,3.138
2026-05-25,510880,红利ETF,3.185,630135948.0,197291430.0,3.178,3.219,3.178
2026-05-26,510880,红利ETF,3.186,394360503.0,124157400.0,3.178,3.192,3.163
2026-05-27,510880,红利ETF,3.17,563920657.0,178428700.0,3.18,3.183,3.143
2026-05-28,510880,红利ETF,3.17,459099902.0,144437000.0,3.163,3.193,3.157
2026-05-29,510880,红利ETF,3.206,681631366.0,213209600.0,3.165,3.212,3.162
2026-06-01,510880,红利ETF,3.307,1309404277.0,399834249.0,3.212,3.315,3.206
2026-06-02,510880,红利ETF,3.308,1082836907.0,325440124.0,3.307,3.365,3.294
2026-06-03,510880,红利ETF,3.324,718390296.0,218034938.0,3.29,3.339,3.264
2026-06-04,510880,红利ETF,3.327,562193731.0,169110500.0,3.318,3.354,3.292
2026-06-05,510880,红利ETF,3.321,745405168.0,223490701.0,3.314,3.355,3.311
2026-06-08,510880,红利ETF,3.304,576629250.0,174442677.0,3.309,3.338,3.278
2026-06-09,510880,红利ETF,3.291,388507413.0,118373095.0,3.28,3.3,3.266
2026-06-10,510880,红利ETF,3.261,400792866.0,122751960.0,3.274,3.286,3.251
2026-06-11,510880,红利ETF,3.26,296504768.0,90954372.0,3.268,3.283,3.248
2026-06-12,510880,红利ETF,3.303,445662306.0,135811601.0,3.246,3.309,3.238
