date,code,name,close,amount,volume,open,high,low
2018-01-02,511010,国债ETF,106.8443,27171778.0,248100.0,106.9303,106.9303,106.7733
2018-01-03,511010,国债ETF,106.8883,18992881.0,173300.0,106.8443,106.9853,106.7803
2018-01-04,511010,国债ETF,106.9083,52250984.0,476900.0,106.8543,106.9113,106.8453
2018-01-05,511010,国债ETF,106.9173,9950634.0,90800.0,106.9103,106.9253,106.8743
2018-01-08,511010,国债ETF,106.9803,9099840.0,83000.0,106.9173,107.0033,106.9143
2018-01-09,511010,国债ETF,107.0013,17167393.0,156530.0,106.9813,107.0073,106.9803
2018-01-10,511010,国债ETF,106.9933,73607476.0,671010.0,107.0623,107.0643,106.9673
2018-01-11,511010,国债ETF,106.8953,5106842.0,46600.0,106.9933,106.9933,106.8653
2018-01-12,511010,国债ETF,106.9913,19222844.0,175400.0,106.9543,107.0253,106.8743
2018-01-15,511010,国债ETF,106.8663,12668549.0,115620.0,106.9303,106.9443,106.8643
2018-01-16,511010,国债ETF,106.8693,18386635.0,167717.0,106.8833,107.0053,106.8563
2018-01-17,511010,国债ETF,106.8553,9002152.0,82200.0,106.8693,106.9213,106.7243
2018-01-18,511010,国债ETF,106.7383,8454803.0,77200.0,106.9033,106.9033,106.7353
2018-01-19,511010,国债ETF,106.8813,14864358.0,135800.0,106.7783,106.8943,106.7353
2018-01-22,511010,国债ETF,106.9693,18482306.0,168477.0,106.7803,107.6903,106.7803
2018-01-23,511010,国债ETF,107.0103,24209755.0,220700.0,106.8943,107.0443,106.8693
2018-01-24,511010,国债ETF,107.1393,18722319.0,170477.0,107.0113,107.4813,106.9333
2018-01-25,511010,国债ETF,107.2323,22275931.0,202765.0,107.1153,107.3103,107.0553
2018-01-26,511010,国债ETF,107.2613,19125931.0,173900.0,107.2213,107.3843,107.2213
2018-01-29,511010,国债ETF,107.3163,13752694.0,125035.0,107.2593,107.3873,107.2593
2018-01-30,511010,国债ETF,107.3103,8116942.0,73800.0,107.3163,107.3523,107.2573
2018-01-31,511010,国债ETF,107.1693,22845401.0,208000.0,107.3103,107.3103,107.0233
2018-02-01,511010,国债ETF,107.1923,3097595.0,28200.0,107.0613,107.2093,107.0613
2018-02-02,511010,国债ETF,107.2443,54308134.0,494200.0,107.0873,107.2443,107.0873
2018-02-05,511010,国债ETF,107.3203,40509383.0,368300.0,107.3103,107.3273,107.2553
2018-02-06,511010,国债ETF,107.3063,50213389.0,456500.0,107.3863,107.5383,107.3003
2018-02-07,511010,国债ETF,107.3713,74809131.0,680069.0,107.2453,107.3863,107.2433
2018-02-08,511010,国债ETF,107.3633,96597212.0,877700.0,107.3713,107.4173,107.3193
2018-02-09,511010,国债ETF,107.7133,30007125.0,272100.0,107.3673,107.9183,107.3653
2018-02-12,511010,国债ETF,107.8383,27591246.0,249772.0,107.6983,107.8393,107.6143
2018-02-13,511010,国债ETF,107.8363,52723581.0,477100.0,107.7053,107.8443,107.6963
2018-02-14,511010,国债ETF,107.8443,38865041.0,351700.0,107.8373,107.8453,107.6943
2018-02-22,511010,国债ETF,107.6933,45210486.0,409300.0,107.7683,107.9113,107.6843
2018-02-23,511010,国债ETF,107.6523,58512117.0,530100.0,107.6143,107.7523,107.6143
2018-02-26,511010,国债ETF,107.6973,151770692.0,1375000.0,107.6153,107.7443,107.6153
2018-02-27,511010,国债ETF,107.8183,138731833.0,1256275.0,107.7133,107.9163,107.7133
2018-02-28,511010,国债ETF,107.9703,140091204.0,1266900.0,107.8193,107.9983,107.8123
2018-03-01,511010,国债ETF,108.2243,162620778.0,1466600.0,108.0403,108.3213,107.9743
2018-03-02,511010,国债ETF,108.3003,191237095.0,1723100.0,108.2243,108.3303,108.2223
2018-03-05,511010,国债ETF,108.3193,212778024.0,1917000.0,108.3193,108.4993,108.2633
2018-03-06,511010,国债ETF,108.3233,132344052.0,1192200.0,108.3143,108.3713,108.2253
2018-03-07,511010,国债ETF,108.2613,70815064.0,638200.0,108.2223,108.3213,108.1483
2018-03-08,511010,国债ETF,108.2943,203227544.0,1830684.0,108.3813,108.3813,108.2283
2018-03-09,511010,国债ETF,108.1853,118109135.0,1064100.0,108.3053,108.3743,108.1793
2018-03-12,511010,国债ETF,108.1673,198165313.0,1786700.0,108.1973,108.3933,108.1673
2018-03-13,511010,国债ETF,108.1373,320389833.0,2890700.0,108.1783,108.1943,108.1303
2018-03-14,511010,国债ETF,108.0883,311880374.0,2813600.0,108.1473,108.2213,108.0873
2018-03-15,511010,国债ETF,108.1033,82814849.0,747500.0,108.1193,108.1403,108.0413
2018-03-16,511010,国债ETF,108.1393,173712029.0,1567700.0,108.1323,108.1733,108.0873
2018-03-19,511010,国债ETF,108.1763,102885600.0,928100.0,108.1843,108.4043,108.1423
2018-03-20,511010,国债ETF,108.1533,431635252.0,3894400.0,108.1473,108.2173,108.1443
2018-03-21,511010,国债ETF,108.1553,529566661.0,4777800.0,108.1543,108.1733,108.1533
2018-03-22,511010,国债ETF,108.1563,600850855.0,5421200.0,108.1573,108.1673,108.1523
2018-03-23,511010,国债ETF,108.3743,138473003.0,1248472.0,108.1593,108.4193,108.1553
2018-03-26,511010,国债ETF,108.8213,105688609.0,950200.0,108.3673,109.1023,108.3673
2018-03-27,511010,国债ETF,108.6633,80686693.0,724400.0,108.5203,108.9403,108.4953
2018-03-28,511010,国债ETF,108.6123,179846857.0,1614600.0,108.6413,108.8543,108.5743
2018-03-29,511010,国债ETF,108.3333,50494659.0,453800.0,108.6593,108.6823,108.1293
2018-03-30,511010,国债ETF,108.5373,147624709.0,1326900.0,108.4843,108.6273,108.4453
2018-04-02,511010,国债ETF,108.5183,402765316.0,3620500.0,108.5263,108.5903,108.5043
2018-04-03,511010,国债ETF,108.6303,71643471.0,643500.0,108.5273,108.7083,108.5273
2018-04-04,511010,国债ETF,108.6583,218147550.0,1959300.0,108.6393,108.7113,108.6303
2018-04-09,511010,国债ETF,108.8163,14991993.0,134500.0,108.6613,108.8573,108.6613
2018-04-10,511010,国债ETF,108.8303,20484239.0,183700.0,108.9163,108.9163,108.8013
2018-04-11,511010,国债ETF,108.8413,78131011.0,700200.0,108.8333,108.9743,108.8303
2018-04-12,511010,国债ETF,108.9103,57201626.0,512700.0,108.8393,108.9243,108.8393
2018-04-13,511010,国债ETF,109.1003,10868365.0,97300.0,108.9103,109.2103,108.9103
2018-04-16,511010,国债ETF,109.4103,19514736.0,174300.0,109.3213,109.4423,109.1713
2018-04-17,511010,国债ETF,109.3283,15221656.0,135900.0,109.3213,109.4713,109.2753
2018-04-18,511010,国债ETF,109.8183,16323477.0,145200.0,109.3813,110.3183,109.3813
2018-04-19,511010,国债ETF,109.5883,15870626.0,141218.0,109.8263,109.8743,109.5373
2018-04-20,511010,国债ETF,109.4393,58237369.0,519260.0,109.4773,109.5513,109.4053
2018-04-23,511010,国债ETF,109.4293,52706537.0,469890.0,109.4613,109.6783,109.3463
2018-04-24,511010,国债ETF,109.5763,71021571.0,632900.0,109.4293,109.6323,109.4293
2018-04-25,511010,国债ETF,109.6683,112528853.7,1000400.0,109.5883,109.9633,109.5883
2018-04-26,511010,国债ETF,109.6353,164409325.5,1463400.0,109.6683,109.7523,109.6183
2018-04-27,511010,国债ETF,109.6833,290652256.5,2585800.0,109.6353,109.8833,109.4923
2018-05-02,511010,国债ETF,109.5993,215578829.316,1918620.0,109.6913,109.7193,109.5273
2018-05-03,511010,国债ETF,109.7523,208851648.368,1858664.0,109.6293,109.8243,109.6213
2018-05-04,511010,国债ETF,109.6253,209325846.636,1858126.0,109.7603,110.0773,109.4903
2018-05-07,511010,国债ETF,109.6263,119787680.6,1066900.0,109.6623,109.7023,109.5353
2018-05-08,511010,国债ETF,109.5263,213121511.5,1898500.0,109.6223,109.6243,109.5163
2018-05-09,511010,国债ETF,109.3313,192630149.6,1718682.0,109.5263,109.5283,109.2503
2018-05-10,511010,国债ETF,109.3353,261314703.7,2333000.0,109.3703,109.3833,109.3043
2018-05-11,511010,国债ETF,109.4073,241133191.108,2151499.0,109.3303,109.4453,109.3213
2018-05-14,511010,国债ETF,109.4133,196507171.8,1752400.0,109.4293,109.4743,109.3943
2018-05-15,511010,国债ETF,109.3903,221663240.9,1977900.0,109.4393,109.4423,109.3763
2018-05-16,511010,国债ETF,109.4113,177916855.3,1587200.0,109.3953,109.4453,109.3743
2018-05-17,511010,国债ETF,109.3683,240254377.6,2143900.0,109.4043,109.4103,109.3603
2018-05-18,511010,国债ETF,109.3713,198677345.9,1772700.0,109.3693,109.4303,109.3693
2018-05-21,511010,国债ETF,109.3873,196112412.1,1750000.0,109.3743,109.4133,109.3413
2018-05-22,511010,国债ETF,109.4403,192431879.4,1716000.0,109.3873,109.5143,109.3863
2018-05-23,511010,国债ETF,109.5383,114584505.636,1021400.0,109.4443,109.5493,109.4443
2018-05-24,511010,国债ETF,109.6193,82477554.723,734583.0,109.5403,109.6613,109.5403
2018-05-25,511010,国债ETF,109.8173,72344972.591,643415.0,109.6193,109.8243,109.6103
2018-05-28,511010,国债ETF,109.6343,60349143.3,536700.0,109.7783,109.8643,109.6093
2018-05-29,511010,国债ETF,109.4963,23691834.2,211000.0,109.6243,109.7133,109.4653
2018-05-30,511010,国债ETF,109.4623,39837579.134,354698.0,109.4963,109.8153,109.4153
2018-05-31,511010,国债ETF,109.4733,50780091.303,452800.0,109.5043,109.5733,109.4243
2018-06-01,511010,国债ETF,109.5133,66381719.65,591782.0,109.5243,109.5723,109.4393
2018-06-04,511010,国债ETF,109.5973,202951651.371,1808823.0,109.5123,109.5973,109.4753
2018-06-05,511010,国债ETF,109.4783,134350569.097,1196930.0,109.5903,109.6243,109.3273
2018-06-06,511010,国债ETF,109.4713,61548262.472,548724.0,109.4913,109.5233,109.4233
2018-06-07,511010,国债ETF,109.4423,97269993.4,867500.0,109.4243,109.4743,109.4153
2018-06-08,511010,国债ETF,109.4553,120433957.751,1073899.0,109.4733,109.5693,109.4403
2018-06-11,511010,国债ETF,109.5693,97313261.584,866928.0,109.4943,109.6183,109.4943
2018-06-12,511010,国债ETF,109.4043,108942216.6,970800.0,109.5573,109.5833,109.3743
2018-06-13,511010,国债ETF,109.4173,74324034.3,663000.0,109.4843,109.5133,109.3753
2018-06-14,511010,国债ETF,109.4213,97682170.3,870600.0,109.4403,109.6013,109.4163
2018-06-15,511010,国债ETF,109.4803,85881846.579,765306.0,109.5163,109.6123,109.4743
2018-06-19,511010,国债ETF,109.7423,30865835.5,274900.0,109.5653,109.7743,109.4663
2018-06-20,511010,国债ETF,109.7273,30987677.9,275800.0,109.7243,109.7343,109.6043
2018-06-21,511010,国债ETF,109.6643,17707647.4,157500.0,109.5983,109.8153,109.5983
2018-06-22,511010,国债ETF,109.7403,18038651.3,160500.0,109.6643,109.7733,109.6283
2018-06-25,511010,国债ETF,109.8863,42665175.7,379200.0,109.7413,109.9213,109.7363
2018-06-26,511010,国债ETF,109.9343,46112945.6,409500.0,109.8743,110.0203,109.8743
2018-06-27,511010,国债ETF,109.8713,127343269.0,1131500.0,109.9373,110.0203,109.8243
2018-06-28,511010,国债ETF,109.5633,97992583.0,870400.0,109.8763,110.0113,109.5293
2018-06-29,511010,国债ETF,110.1803,141549892.0,1257100.0,109.5793,110.2143,109.5793
2018-07-02,511010,国债ETF,110.1663,110817476.0,982100.0,110.1743,110.2243,109.9513
2018-07-03,511010,国债ETF,110.0973,68049388.0,603119.0,110.3183,110.3183,110.0253
2018-07-04,511010,国债ETF,110.3243,92338269.0,818400.0,110.1343,110.4743,110.0613
2018-07-05,511010,国债ETF,110.3203,58204668.0,515300.0,110.4243,110.4703,110.2043
2018-07-06,511010,国债ETF,110.3153,47345753.0,419200.0,110.0853,110.3243,110.0853
2018-07-09,511010,国债ETF,110.2593,160944253.0,1424400.0,110.3153,110.5743,110.2273
2018-07-10,511010,国债ETF,110.1653,177356809.0,1571100.0,110.2743,110.3223,110.0643
2018-07-11,511010,国债ETF,110.1303,159895522.0,1416696.0,110.2163,110.2343,110.1243
2018-07-12,511010,国债ETF,110.0973,153605543.0,1361800.0,110.1333,110.5243,110.0293
2018-07-13,511010,国债ETF,110.2223,208661347.0,1849200.0,110.1543,110.2743,110.0843
2018-07-16,511010,国债ETF,110.4213,159646740.0,1412300.0,110.2743,110.4823,110.2053
2018-07-17,511010,国债ETF,110.5673,202187520.0,1786300.0,110.2243,111.0773,110.2243
2018-07-18,511010,国债ETF,110.6053,253303328.0,2235300.0,110.5243,110.7603,110.4643
2018-07-19,511010,国债ETF,110.7223,168723033.0,1488300.0,110.4473,110.8913,110.4463
2018-07-20,511010,国债ETF,110.6743,251191567.0,2213500.0,110.7243,111.6693,110.4743
2018-07-23,511010,国债ETF,110.7833,180786323.0,1596300.0,110.4243,110.8743,110.4243
2018-07-24,511010,国债ETF,110.5363,202567210.0,1788500.0,110.7243,110.8133,110.3143
2018-07-25,511010,国债ETF,110.5493,192332334.0,1699200.0,110.5363,110.6043,110.3493
2018-07-26,511010,国债ETF,110.7343,76997030.0,679800.0,110.3343,110.7443,110.3243
2018-07-27,511010,国债ETF,110.5633,175594504.0,1548272.0,110.6903,110.8433,110.4743
2018-07-30,511010,国债ETF,110.6343,195866517.0,1728400.0,110.6893,110.8243,110.5793
2018-07-31,511010,国债ETF,110.7423,179040002.0,1578900.0,110.7723,110.7723,110.6453
2018-08-01,511010,国债ETF,111.0343,181571000.0,1599500.0,110.7743,111.0553,110.7313
2018-08-02,511010,国债ETF,111.1213,282008205.0,2476360.0,111.0843,111.3203,110.9743
2018-08-03,511010,国债ETF,111.2173,100799404.0,884400.0,111.1243,111.4243,111.1243
2018-08-06,511010,国债ETF,111.2943,271325298.0,2381300.0,111.3143,111.3913,111.0253
2018-08-07,511010,国债ETF,111.3593,186344281.0,1634252.0,111.3233,111.4113,111.1443
2018-08-08,511010,国债ETF,111.2443,184058489.0,1613032.0,111.4743,111.4943,111.2213
2018-08-09,511010,国债ETF,111.1013,136062416.0,1195100.0,111.2943,111.3143,111.0903
2018-08-10,511010,国债ETF,110.9743,119687632.0,1052773.0,111.0863,111.1433,110.8403
2018-08-13,511010,国债ETF,110.8343,118506823.0,1042918.0,110.9743,111.0703,110.7783
2018-08-14,511010,国债ETF,111.0843,130452649.0,1148681.0,110.8343,111.1213,110.7883
2018-08-15,511010,国债ETF,110.7453,131109201.0,1154200.0,111.2253,111.2253,110.7263
2018-08-16,511010,国债ETF,110.7063,107853565.0,950800.0,110.8123,110.8173,110.6763
2018-08-17,511010,国债ETF,109.9583,38910059.0,344460.0,110.6963,110.8063,109.3613
2018-08-20,511010,国债ETF,110.0033,84828184.721,752926.0,110.1053,110.1053,109.8243
2018-08-21,511010,国债ETF,110.0083,96158843.597,853661.0,110.0053,110.0593,109.7993
2018-08-22,511010,国债ETF,110.0613,78746101.2,698900.0,109.9993,110.2013,109.9243
2018-08-23,511010,国债ETF,110.1753,97660169.3,865200.0,110.0623,110.3043,109.9943
2018-08-24,511010,国债ETF,110.3383,101494815.496,897888.0,110.2243,110.4073,110.2243
2018-08-27,511010,国债ETF,110.3023,47328440.408,418773.0,110.3903,110.5113,110.2653
2018-08-28,511010,国债ETF,110.4603,61399746.895,543000.0,110.4243,110.5463,110.2463
2018-08-29,511010,国债ETF,110.6143,47477939.4,419000.0,110.7033,110.7033,110.3373
2018-08-30,511010,国债ETF,110.6053,78174809.527,690027.0,110.6143,110.7533,110.5263
2018-08-31,511010,国债ETF,110.7833,55292967.0,487500.0,110.6723,110.8033,110.6433
2018-09-03,511010,国债ETF,110.6343,40231670.1,354600.0,110.7833,110.8973,110.5253
2018-09-04,511010,国债ETF,110.4653,11444686.8,101000.0,110.6263,110.7223,110.4653
2018-09-05,511010,国债ETF,110.6023,4978315.212,43961.0,110.4653,110.6393,110.4543
2018-09-06,511010,国债ETF,110.5573,42907999.422,378706.0,110.5693,110.6703,110.3263
2018-09-07,511010,国债ETF,110.4663,53909726.85,476390.0,110.4403,110.6793,110.4403
2018-09-10,511010,国债ETF,110.4843,33495944.0,295900.0,110.4663,112.0773,110.1473
2018-09-11,511010,国债ETF,110.2753,20477029.8,181100.0,110.4843,110.5843,110.1713
2018-09-12,511010,国债ETF,110.4563,6252186.0,55326.0,110.3243,110.4673,110.2343
2018-09-13,511010,国债ETF,110.4273,31265556.0,276390.0,110.4563,110.4693,110.3473
2018-09-14,511010,国债ETF,110.4063,105105493.0,929500.0,110.3263,110.5193,110.2823
2018-09-17,511010,国债ETF,110.4073,122595378.0,1083744.0,110.4333,110.5733,110.3453
2018-09-18,511010,国债ETF,110.3743,72735398.0,643286.0,110.3773,110.4363,110.3543
2018-09-19,511010,国债ETF,110.4123,71829990.0,635152.0,110.4243,110.5383,110.3393
2018-09-20,511010,国债ETF,110.4483,72699465.0,642500.0,110.5243,110.6213,110.4193
2018-09-21,511010,国债ETF,110.5843,112701798.0,995100.0,110.4483,110.6433,110.4483
2018-09-25,511010,国债ETF,110.5823,275579949.0,2432500.0,110.5153,110.7543,110.5153
2018-09-26,511010,国债ETF,110.6993,321260101.0,2834600.0,110.5843,110.7233,110.5723
2018-09-27,511010,国债ETF,110.7523,325068067.0,2866100.0,110.6993,110.8103,110.6253
2018-09-28,511010,国债ETF,111.0523,396450637.0,3488600.0,110.8173,111.0733,110.8173
2018-10-08,511010,国债ETF,111.3243,553126579.0,4860900.0,111.0213,111.4243,110.8873
2018-10-09,511010,国债ETF,111.3193,498886595.0,4373500.0,111.1403,111.6243,111.1403
2018-10-10,511010,国债ETF,110.8703,333434676.0,2934902.0,111.1343,111.4193,110.7563
2018-10-11,511010,国债ETF,111.2623,500715013.0,4401700.0,110.8703,111.3443,110.8703
2018-10-12,511010,国债ETF,111.3913,498485089.0,4367210.0,111.1053,111.5233,111.1053
2018-10-15,511010,国债ETF,111.5233,495180899.0,4337410.0,112.0243,112.0243,111.4043
2018-10-16,511010,国债ETF,111.5133,54359890.0,475900.0,111.2273,111.9223,111.2263
2018-10-17,511010,国债ETF,111.5743,282474515.0,2472120.0,111.1143,111.8033,111.1143
2018-10-18,511010,国债ETF,111.8043,307632295.0,2688497.0,111.5793,111.8243,111.5793
2018-10-19,511010,国债ETF,111.8373,316521752.0,2764600.0,111.8143,111.9243,111.7243
2018-10-22,511010,国债ETF,111.6523,312974363.0,2736800.0,111.8043,111.8243,111.5763
2018-10-23,511010,国债ETF,111.6783,482010796.0,4213600.0,111.6503,111.8223,111.5783
2018-10-24,511010,国债ETF,111.6993,480873265.0,4204800.0,111.5853,111.7673,111.5853
2018-10-25,511010,国债ETF,111.6223,266644897.0,2329300.0,111.7433,112.0773,111.5243
2018-10-26,511010,国债ETF,111.6203,270526993.0,2366700.0,111.6223,111.6743,111.5133
2018-10-29,511010,国债ETF,111.6323,221318019.0,1936120.0,111.6713,111.7583,111.5903
2018-10-30,511010,国债ETF,111.5913,238024118.0,2082700.0,111.6553,111.6773,111.5253
2018-10-31,511010,国债ETF,111.6293,290049259.0,2538029.0,111.5383,111.6383,111.5383
2018-11-01,511010,国债ETF,111.7143,244759101.0,2139900.0,111.6303,111.7183,111.6293
2018-11-02,511010,国债ETF,111.4953,301243208.0,2634100.0,111.5743,111.8223,111.3793
2018-11-05,511010,国债ETF,111.6553,338179910.0,2958200.0,111.6643,111.7193,111.5273
2018-11-06,511010,国债ETF,111.7693,292982643.0,2561200.0,111.6923,111.8223,111.6663
2018-11-07,511010,国债ETF,111.9443,304274047.0,2655600.0,111.7543,111.9513,111.7543
2018-11-08,511010,国债ETF,112.0903,196113927.0,1709100.0,111.9443,112.1513,111.9443
2018-11-09,511010,国债ETF,112.0253,269997347.0,2352176.0,112.0793,112.1893,111.9923
2018-11-12,511010,国债ETF,112.2563,227745220.0,1983500.0,112.0343,112.2733,112.0343
2018-11-13,511010,国债ETF,112.1503,281196685.0,2446900.0,112.2563,112.3793,112.0753
2018-11-14,511010,国债ETF,112.3613,284395034.0,2473300.0,112.3973,112.3973,112.1503
2018-11-15,511010,国债ETF,112.7533,142880781.0,1239822.0,112.3613,114.3243,112.3613
2018-11-16,511010,国债ETF,112.8723,125517675.0,1086300.0,112.6243,113.0963,112.6243
2018-11-19,511010,国债ETF,112.8293,236106867.0,2043300.0,112.8723,112.9683,112.8143
2018-11-20,511010,国债ETF,112.5893,165818248.0,1437800.0,112.8243,112.8443,112.5443
2018-11-21,511010,国债ETF,112.6533,160210165.0,1388600.0,112.5393,112.7503,112.5363
2018-11-22,511010,国债ETF,112.5843,161738524.0,1401700.0,112.6743,112.8143,112.5743
2018-11-23,511010,国债ETF,112.0153,182456455.0,1589700.0,112.5893,112.6233,111.9813
2018-11-26,511010,国债ETF,112.0093,252084491.0,2197800.0,112.0233,112.1183,111.9893
2018-11-27,511010,国债ETF,112.0423,193932406.0,1690200.0,112.0113,112.1843,112.0083
2018-11-28,511010,国债ETF,112.0463,165492400.0,1442400.0,112.0493,112.1393,112.0183
2018-11-29,511010,国债ETF,112.0493,200769704.0,1749900.0,112.0743,112.0743,112.0193
2018-11-30,511010,国债ETF,112.0793,212111820.0,1847127.0,112.0563,112.2003,112.0553
2018-12-03,511010,国债ETF,112.1643,118682455.0,1033835.0,112.0373,112.2163,107.5073
2018-12-04,511010,国债ETF,112.4993,76900178.0,668000.0,112.1693,112.5733,112.1693
2018-12-05,511010,国债ETF,112.7653,138074293.0,1196300.0,112.5133,112.7753,112.5013
2018-12-06,511010,国债ETF,113.0213,73094468.0,632100.0,112.8223,113.0973,112.8223
2018-12-07,511010,国债ETF,112.9753,47688650.0,412400.0,113.0213,113.0723,112.9193
2018-12-10,511010,国债ETF,113.1563,63532846.0,548400.0,113.0433,113.3243,113.0243
2018-12-11,511010,国债ETF,113.3123,52436355.0,452300.0,113.1753,113.3133,113.1753
2018-12-12,511010,国债ETF,113.3313,164897010.0,1421400.0,113.3143,113.3703,113.2643
2018-12-13,511010,国债ETF,113.1433,266691336.0,2301494.0,113.3183,113.3403,113.1253
2018-12-14,511010,国债ETF,112.9893,288896825.0,2496800.0,113.1353,113.1353,112.9423
2018-12-17,511010,国债ETF,113.0843,130518941.0,1127600.0,112.9953,113.1133,112.9953
2018-12-18,511010,国债ETF,113.1743,99009404.0,854800.0,112.8253,113.1743,112.8243
2018-12-19,511010,国债ETF,113.3193,57901549.0,499600.0,113.1893,113.3243,113.1243
2018-12-20,511010,国债ETF,113.1283,78765886.0,679329.0,113.3193,113.4103,113.0563
2018-12-21,511010,国债ETF,113.3713,189588138.0,1633900.0,113.1353,113.3863,113.1353
2018-12-24,511010,国债ETF,113.3553,53749648.0,463200.0,113.3753,114.0723,113.3053
2018-12-25,511010,国债ETF,113.3063,90187845.0,777384.0,113.3643,113.4233,112.3323
2018-12-26,511010,国债ETF,113.2933,157958872.0,1362200.0,113.3123,113.3413,113.2163
2018-12-27,511010,国债ETF,113.3323,157447679.0,1357300.0,113.2273,113.3643,113.1433
2018-12-28,511010,国债ETF,113.9173,60215738.0,517343.0,113.3753,113.9243,113.3753
2019-01-02,511010,国债ETF,113.5913,62249939.0,535400.0,113.9093,113.9143,113.3423
2019-01-03,511010,国债ETF,113.6443,128359318.0,1103400.0,113.5923,114.0243,113.5923
2019-01-04,511010,国债ETF,113.8513,122510883.0,1051100.0,113.8133,113.9243,113.7443
2019-01-07,511010,国债ETF,113.9623,59974833.0,514300.0,113.8053,113.9733,113.8053
2019-01-08,511010,国债ETF,113.9463,60531120.0,519100.0,113.9553,113.9633,113.8543
2019-01-09,511010,国债ETF,113.9483,94899887.0,814000.0,113.9463,113.9643,113.8553
2019-01-10,511010,国债ETF,113.9413,83934131.0,719700.0,113.9483,114.0063,113.9253
2019-01-11,511010,国债ETF,113.8953,111812944.0,959000.0,113.9413,113.9413,113.8843
2019-01-14,511010,国债ETF,113.7943,61262793.0,525900.0,113.8953,113.8983,113.7773
2019-01-15,511010,国债ETF,113.8283,131169084.0,1125900.0,113.7963,113.8733,113.7963
2019-01-16,511010,国债ETF,113.9233,126420073.0,1084400.0,113.8283,113.9743,113.7803
2019-01-17,511010,国债ETF,113.9953,75706005.0,648900.0,113.8743,114.0133,113.8743
2019-01-18,511010,国债ETF,113.9273,47212212.0,404700.0,113.9913,114.0443,113.9223
2019-01-21,511010,国债ETF,113.8043,65045539.0,558400.0,113.6763,113.9183,113.6763
2019-01-22,511010,国债ETF,113.8393,82763003.0,710400.0,113.7753,113.8413,113.7753
2019-01-23,511010,国债ETF,113.8123,73149532.0,627800.0,113.8423,113.8833,113.7473
2019-01-24,511010,国债ETF,113.8493,49931075.0,428500.0,113.7253,113.8613,113.7233
2019-01-25,511010,国债ETF,113.8453,53568475.0,459800.0,113.8043,113.8813,113.8043
2019-01-28,511010,国债ETF,113.8223,87141807.0,748100.0,113.8453,113.8483,113.7523
2019-01-29,511010,国债ETF,113.8943,82365976.0,706700.0,113.8233,113.9083,113.8223
2019-01-30,511010,国债ETF,113.9783,82468043.0,707100.0,113.8943,113.9843,113.8943
2019-01-31,511010,国债ETF,114.0483,81200449.0,695600.0,113.9793,114.1133,113.9793
2019-02-01,511010,国债ETF,114.1543,58245249.0,498700.0,114.0483,114.2233,114.0483
2019-02-11,511010,国债ETF,114.2663,89275936.0,763800.0,114.1543,114.3123,114.1253
2019-02-12,511010,国债ETF,114.3333,71784171.0,613400.0,114.2663,114.4163,114.2653
2019-02-13,511010,国债ETF,114.3563,88314365.0,754400.0,114.3743,114.4123,114.3343
2019-02-14,511010,国债ETF,114.2683,144555143.0,1235550.0,114.3393,114.4033,114.2643
2019-02-15,511010,国债ETF,114.3923,108687737.0,929000.0,114.2823,114.3923,114.2823
2019-02-18,511010,国债ETF,114.2633,209498502.0,1791200.0,114.3913,114.8233,114.2363
2019-02-19,511010,国债ETF,114.2073,112414921.0,962000.0,114.2633,114.2633,114.0743
2019-02-20,511010,国债ETF,114.2473,328296879.0,2808500.0,114.1943,114.2593,114.1453
2019-02-21,511010,国债ETF,114.2053,292532715.0,2502400.0,114.2473,114.2523,114.1843
2019-02-22,511010,国债ETF,114.1303,188829679.0,1615500.0,114.2003,114.2313,114.1253
2019-02-25,511010,国债ETF,113.8843,137243805.0,1177042.0,114.1143,114.1143,113.7253
2019-02-26,511010,国债ETF,113.5803,139563220.0,1198900.0,113.6343,113.8743,113.5593
2019-02-27,511010,国债ETF,113.9233,151288108.0,1299000.0,113.5943,113.9783,113.5943
2019-02-28,511010,国债ETF,113.7683,92840835.0,797100.0,113.9233,113.9233,113.7453
2019-03-01,511010,国债ETF,113.7463,149580365.0,1284700.0,113.7693,113.8243,113.6903
2019-03-04,511010,国债ETF,113.6873,109342459.0,940000.0,113.6243,113.7393,113.5243
2019-03-05,511010,国债ETF,113.6363,112496058.0,966700.0,113.5873,113.7723,113.5873
2019-03-06,511010,国债ETF,113.5623,260677824.0,2242200.0,113.6363,113.6363,113.5323
2019-03-07,511010,国债ETF,113.6813,273451185.0,2350400.0,113.5623,113.7023,113.5433
2019-03-08,511010,国债ETF,113.8123,249065435.0,2139100.0,113.7523,113.9143,113.6793
2019-03-11,511010,国债ETF,113.7173,239131599.0,2053400.0,113.8043,113.8733,113.7043
2019-03-12,511010,国债ETF,113.7543,281174576.0,2415700.0,113.7103,113.7823,113.6593
2019-03-13,511010,国债ETF,113.7673,178218141.0,1530600.0,113.7573,113.7993,113.6543
2019-03-14,511010,国债ETF,113.6913,215012826.0,1847500.0,113.6553,113.7653,113.6553
2019-03-15,511010,国债ETF,113.6903,340801002.0,2928800.0,113.6933,113.7093,113.6643
2019-03-18,511010,国债ETF,113.6773,172621377.0,1483548.0,113.6893,113.7053,113.6483
2019-03-19,511010,国债ETF,113.6873,154551773.0,1327998.0,113.6543,113.7213,113.6543
2019-03-20,511010,国债ETF,113.7183,144809971.0,1244099.0,113.6993,113.7683,113.6913
2019-03-21,511010,国债ETF,113.7233,231971439.0,1992500.0,113.7253,113.7853,113.7163
2019-03-22,511010,国债ETF,113.8083,178581612.0,1533000.0,113.7293,113.8323,113.7293
2019-03-25,511010,国债ETF,114.0173,163685566.0,1403465.0,113.8913,114.0333,113.8273
2019-03-26,511010,国债ETF,114.1803,174620018.0,1494000.0,114.0173,114.2503,114.0173
2019-03-27,511010,国债ETF,114.0923,223359905.0,1912200.0,114.1743,114.1743,114.0823
2019-03-28,511010,国债ETF,114.2003,329385909.0,2818600.0,114.1523,114.2213,114.1433
2019-03-29,511010,国债ETF,114.1863,80096311.0,685500.0,114.2003,114.2423,114.1273
2019-04-01,511010,国债ETF,114.0633,109209059.0,935200.0,114.1863,114.2123,114.0483
2019-04-02,511010,国债ETF,114.0453,128902871.0,1104340.0,114.0643,114.0733,114.0193
2019-04-03,511010,国债ETF,113.7803,67994273.0,583300.0,114.0713,114.0713,113.7263
2019-04-04,511010,国债ETF,113.7483,88808955.0,762800.0,113.7803,113.7813,113.7133
2019-04-08,511010,国债ETF,113.4583,87271024.0,751400.0,113.7243,113.7243,113.3263
2019-04-09,511010,国债ETF,113.4663,44125071.0,379900.0,113.4583,113.5163,113.4403
2019-04-10,511010,国债ETF,113.1003,73904946.0,638100.0,113.2243,113.4223,113.0643
2019-04-11,511010,国债ETF,113.5013,131775499.0,1134800.0,113.2253,113.5203,113.1243
2019-04-12,511010,国债ETF,113.3853,63642434.0,548500.0,113.5013,113.5293,113.0373
2019-04-15,511010,国债ETF,113.1973,81870405.0,706600.0,113.3503,113.3503,113.0743
2019-04-16,511010,国债ETF,113.1093,108508981.0,937000.0,113.1943,113.1963,113.1063
2019-04-17,511010,国债ETF,113.1813,98765218.0,852800.0,113.1093,113.2243,113.0823
2019-04-18,511010,国债ETF,113.1833,142097496.0,1226600.0,113.1793,113.2223,113.1163
2019-04-19,511010,国债ETF,113.2823,134541766.0,1160000.0,113.1843,113.3403,113.1843
2019-04-22,511010,国债ETF,113.3513,92065428.0,793800.0,113.2453,113.3533,113.2343
2019-04-23,511010,国债ETF,113.2533,143135153.0,1235200.0,113.3343,113.3343,113.1463
2019-04-24,511010,国债ETF,113.1113,51226232.0,442200.0,113.1943,113.3133,113.0383
2019-04-25,511010,国债ETF,113.2403,129764840.0,1119600.0,113.1643,113.2563,113.1193
2019-04-26,511010,国债ETF,113.3313,78952133.0,680700.0,113.2413,113.4403,113.2403
2019-04-29,511010,国债ETF,113.1633,81865507.0,706500.0,113.4243,113.4243,113.1313
2019-04-30,511010,国债ETF,113.4083,64069874.0,552400.0,113.1773,113.4213,113.1773
2019-05-06,511010,国债ETF,113.4243,92419397.0,795600.0,113.4543,113.9083,113.3913
2019-05-07,511010,国债ETF,113.6673,109636322.0,942600.0,113.4403,113.6863,113.4403
2019-05-08,511010,国债ETF,113.6613,89836095.0,772400.0,113.6643,113.8143,113.5673
2019-05-09,511010,国债ETF,113.7043,147589559.0,1268500.0,113.7443,113.7443,113.6423
2019-05-10,511010,国债ETF,113.7093,73546439.0,632100.0,113.7033,113.7843,113.4983
2019-05-13,511010,国债ETF,113.8093,211133485.0,1812600.0,113.7253,113.8143,113.7253
2019-05-14,511010,国债ETF,113.7113,114104028.0,980300.0,113.8083,113.8543,113.6863
2019-05-15,511010,国债ETF,113.7063,144406856.0,1241000.0,113.7083,113.7133,113.5193
2019-05-16,511010,国债ETF,113.7453,120776269.0,1037200.0,113.6943,113.7953,113.6943
2019-05-17,511010,国债ETF,113.9073,140549394.0,1205900.0,113.7493,113.9843,113.7493
2019-05-20,511010,国债ETF,113.9003,121435902.0,1041610.0,113.9073,113.9723,113.8173
2019-05-21,511010,国债ETF,113.8093,108108187.0,928122.0,113.8703,113.9313,113.7773
2019-05-22,511010,国债ETF,113.7823,108786355.0,934202.0,113.8073,113.8263,113.7343
2019-05-23,511010,国债ETF,113.8993,72896026.0,625432.0,113.8233,113.9353,113.8053
2019-05-24,511010,国债ETF,113.9853,114219947.0,979000.0,113.9293,114.0713,113.9293
2019-05-27,511010,国债ETF,113.7783,98276371.0,843600.0,113.8943,113.9933,113.7003
2019-05-28,511010,国债ETF,113.9363,143525263.0,1230843.0,113.7783,113.9683,113.7783
2019-05-29,511010,国债ETF,114.0203,75350022.0,645900.0,113.9363,114.0253,113.9353
2019-05-30,511010,国债ETF,114.1443,87427580.0,748700.0,114.0243,114.2483,113.9853
2019-05-31,511010,国债ETF,114.2803,129212550.0,1105100.0,114.1843,114.4053,114.1753
2019-06-03,511010,国债ETF,114.3203,140554591.0,1201300.0,114.2803,114.3743,114.2803
2019-06-04,511010,国债ETF,114.3253,127273838.0,1087800.0,114.2263,114.3493,114.2263
2019-06-05,511010,国债ETF,114.3803,136711369.0,1168200.0,114.3163,114.3803,114.3153
2019-06-06,511010,国债ETF,114.3163,112463988.0,961100.0,114.3743,114.3853,114.3143
2019-06-10,511010,国债ETF,114.2523,100879561.0,863010.0,114.4343,114.4343,114.1393
2019-06-11,511010,国债ETF,114.0563,103326090.0,885000.0,114.2513,114.2513,114.0243
2019-06-12,511010,国债ETF,114.1183,95363894.0,816400.0,114.0863,114.1813,114.0563
2019-06-13,511010,国债ETF,114.1183,105318793.0,901700.0,114.1243,114.1653,114.0823
2019-06-14,511010,国债ETF,114.2683,125952901.0,1077500.0,114.1463,114.3233,114.1353
2019-06-17,511010,国债ETF,114.3273,138568404.0,1184300.0,114.3243,114.3543,114.2903
2019-06-18,511010,国债ETF,114.3533,110285843.0,942300.0,114.3673,114.3753,114.3443
2019-06-19,511010,国债ETF,114.3853,129726031.0,1108300.0,114.2543,114.4253,114.2523
2019-06-20,511010,国债ETF,114.4143,165343696.0,1412000.0,114.4123,114.8223,114.3483
2019-06-21,511010,国债ETF,114.5273,213154968.0,1819000.0,114.4493,114.5993,114.2443
2019-06-24,511010,国债ETF,114.4813,132255738.0,1128600.0,114.5273,114.6033,114.4493
2019-06-25,511010,国债ETF,114.5133,151357185.0,1291400.0,114.4243,114.5463,114.4243
2019-06-26,511010,国债ETF,114.4993,167656075.0,1430800.0,114.5013,114.5063,114.4943
2019-06-27,511010,国债ETF,114.4713,141339579.0,1206300.0,114.5073,114.5203,114.4703
2019-06-28,511010,国债ETF,114.4873,178707035.0,1525136.0,114.4833,114.5203,114.4693
2019-07-01,511010,国债ETF,114.5083,135632777.0,1157500.0,114.3453,114.5183,114.3453
2019-07-02,511010,国债ETF,114.6433,119057322.0,1015200.0,114.5053,114.6533,114.5053
2019-07-03,511010,国债ETF,115.0233,96568244.0,821700.0,114.7043,115.0763,114.7043
2019-07-04,511010,国债ETF,114.8743,141676106.0,1205500.0,114.9283,114.9283,114.8233
2019-07-05,511010,国债ETF,114.8513,111230873.0,946300.0,114.8593,114.8993,114.7893
2019-07-08,511010,国债ETF,114.8373,61029187.0,519295.0,114.8513,115.1163,114.7843
2019-07-09,511010,国债ETF,114.9043,85146359.0,724290.0,114.7903,114.9313,114.7903
2019-07-10,511010,国债ETF,114.8353,114531322.0,974200.0,115.0773,115.1773,114.7263
2019-07-11,511010,国债ETF,114.8383,166011032.0,1412800.0,114.8353,114.8443,114.7243
2019-07-12,511010,国债ETF,114.8373,133178291.0,1133300.0,114.7803,114.8533,114.7803
2019-07-15,511010,国债ETF,114.8773,101994816.0,867700.0,114.8753,114.9593,114.8263
2019-07-16,511010,国债ETF,114.8803,121464287.0,1033200.0,114.8763,114.9193,114.8053
2019-07-17,511010,国债ETF,114.8793,70654001.0,601000.0,114.8803,114.9093,114.8643
2019-07-18,511010,国债ETF,114.9263,141685901.0,1204700.0,114.8793,114.9393,114.8393
2019-07-19,511010,国债ETF,114.9613,75492380.0,641700.0,114.9363,115.0443,114.8773
2019-07-22,511010,国债ETF,114.9663,75543931.0,642140.0,114.9453,114.9843,114.9363
2019-07-23,511010,国债ETF,115.0063,92329599.0,784500.0,114.9673,115.0253,114.9673
2019-07-24,511010,国债ETF,114.9943,81923779.0,696200.0,115.0053,115.0223,114.9463
2019-07-25,511010,国债ETF,114.9653,112377131.0,955095.0,114.9763,114.9973,114.9643
2019-07-26,511010,国债ETF,114.9853,176378634.0,1499100.0,114.9863,115.0023,114.9653
2019-07-29,511010,国债ETF,114.9713,108874245.0,925300.0,114.9853,115.0783,114.9593
2019-07-30,511010,国债ETF,114.9653,98284329.0,835500.0,114.9353,114.9733,114.9243
2019-07-31,511010,国债ETF,115.0143,102032176.0,866900.0,114.9953,115.0423,114.9793
2019-08-01,511010,国债ETF,115.0803,151362556.0,1285550.0,115.0343,115.0803,115.0343
2019-08-02,511010,国债ETF,115.2643,103479385.0,877700.0,115.1293,115.2713,115.1293
2019-08-05,511010,国债ETF,115.6143,71049346.0,601127.0,115.2733,116.0243,115.2733
2019-08-06,511010,国债ETF,115.8183,97757239.0,824400.0,124.3243,124.3243,115.6113
2019-08-07,511010,国债ETF,115.4563,67857950.0,573200.0,115.8073,115.8073,115.4373
2019-08-08,511010,国债ETF,115.4703,117499213.0,994500.0,115.3303,115.5143,115.3303
2019-08-09,511010,国债ETF,115.7513,76700101.0,648300.0,115.4933,115.7803,115.4933
2019-08-12,511010,国债ETF,115.9643,125829425.0,1060600.0,115.7513,116.3233,115.6693
2019-08-13,511010,国债ETF,115.9533,137254092.0,1156900.0,116.2743,116.2743,115.9433
2019-08-14,511010,国债ETF,115.8343,78657257.0,663600.0,115.9243,116.0243,115.6363
2019-08-15,511010,国债ETF,115.8503,66569542.0,561300.0,115.8593,116.0653,115.8073
2019-08-16,511010,国债ETF,115.7523,67359356.0,568600.0,115.8623,115.8623,115.7423
2019-08-19,511010,国债ETF,115.5563,136245422.0,1151100.0,115.7743,115.8243,115.5543
2019-08-20,511010,国债ETF,115.5443,149112932.0,1261300.0,115.5733,115.5893,115.5243
2019-08-21,511010,国债ETF,115.5893,93545694.0,791300.0,115.5343,115.6163,115.4543
2019-08-22,511010,国债ETF,115.5573,124449615.0,1052500.0,115.5173,115.6083,115.5173
2019-08-23,511010,国债ETF,115.3513,89936162.0,760900.0,115.5743,115.5833,115.3243
2019-08-26,511010,国债ETF,115.5823,162239345.0,1372131.0,115.4663,115.5833,115.4663
2019-08-27,511010,国债ETF,115.5443,84790819.0,717100.0,115.5823,115.6033,115.5313
2019-08-28,511010,国债ETF,115.5643,87770478.0,742300.0,115.5653,115.6013,115.5553
2019-08-29,511010,国债ETF,115.5943,132090501.0,1117160.0,115.5643,115.6003,115.5253
2019-08-30,511010,国债ETF,115.5153,148739583.0,1258200.0,115.5943,115.5983,115.5003
2019-09-02,511010,国债ETF,115.4733,101985146.0,863100.0,115.5153,115.5603,115.4043
2019-09-03,511010,国债ETF,115.3713,115853713.0,981000.0,115.4743,115.4743,115.3243
2019-09-04,511010,国债ETF,115.3753,163985160.0,1389100.0,115.3993,115.4623,115.3243
2019-09-05,511010,国债ETF,115.4843,138998744.0,1176591.0,115.4253,115.4943,115.3813
2019-09-06,511010,国债ETF,115.8653,65239723.0,551185.0,115.5153,115.8753,115.5153
2019-09-09,511010,国债ETF,115.7553,63173861.0,533400.0,115.8873,115.8873,115.6953
2019-09-10,511010,国债ETF,115.7063,26258183.0,221900.0,115.5033,115.7583,115.5033
2019-09-11,511010,国债ETF,115.6453,53009182.0,447800.0,115.6243,115.7513,115.6153
2019-09-12,511010,国债ETF,115.5233,76073919.0,643000.0,115.6433,115.7233,115.4443
2019-09-16,511010,国债ETF,115.5083,73947737.0,625700.0,115.5243,115.5873,115.3823
2019-09-17,511010,国债ETF,115.5563,128128732.0,1083400.0,115.5413,115.6233,115.4693
2019-09-18,511010,国债ETF,115.5103,94764061.0,801700.0,115.5063,115.5673,115.5063
2019-09-19,511010,国债ETF,115.5343,102265728.0,865100.0,115.5363,115.5533,115.4843
2019-09-20,511010,国债ETF,115.5923,40722455.0,344421.0,115.5403,115.6033,115.5353
2019-09-23,511010,国债ETF,115.6533,51221119.0,432800.0,115.5943,115.7133,115.5823
2019-09-24,511010,国债ETF,115.6043,30657046.0,259100.0,115.6953,115.7233,115.5893
2019-09-25,511010,国债ETF,115.6063,31237253.0,264100.0,115.6053,115.6543,115.5723
2019-09-26,511010,国债ETF,115.5783,26336529.0,222700.0,115.6093,115.6283,115.5453
2019-09-27,511010,国债ETF,115.4853,50805980.0,429800.0,115.5793,115.5883,115.4553
2019-09-30,511010,国债ETF,115.7233,19973525.0,168900.0,115.5243,115.8033,115.5243
2019-10-08,511010,国债ETF,115.6753,73175621.0,618300.0,115.7003,115.7223,115.5983
2019-10-09,511010,国债ETF,115.7883,56345857.0,475700.0,115.7553,115.7923,115.7353
2019-10-10,511010,国债ETF,115.6933,85318355.0,720400.0,115.7883,115.7883,115.6833
2019-10-11,511010,国债ETF,115.6283,41918565.0,354300.0,115.6733,115.6833,115.5753
2019-10-14,511010,国债ETF,115.5853,64943782.0,549200.0,115.6253,115.6283,115.5553
2019-10-15,511010,国债ETF,115.6153,36729270.0,310500.0,115.5853,115.6353,115.5853
2019-10-16,511010,国债ETF,115.6043,24073517.0,203500.0,115.6263,115.6543,115.5663
2019-10-17,511010,国债ETF,115.6553,35876124.0,303221.0,115.6573,115.6623,115.6043
2019-10-18,511010,国债ETF,115.5803,45426757.0,384000.0,115.6543,115.6823,115.5723
2019-10-21,511010,国债ETF,115.3423,43070192.0,364700.0,115.5543,115.5953,115.2853
2019-10-22,511010,国债ETF,115.4353,28405564.0,240455.0,115.3663,115.4953,115.3663
2019-10-23,511010,国债ETF,115.4753,31791482.0,269100.0,115.4383,115.5033,115.4133
2019-10-24,511010,国债ETF,115.4913,42216623.0,357255.0,115.4943,115.5193,115.4093
2019-10-25,511010,国债ETF,115.5393,14689050.0,124243.0,115.5913,115.6193,115.4633
2019-10-28,511010,国债ETF,115.3513,62164122.0,526645.0,115.4793,115.4793,115.3253
2019-10-29,511010,国债ETF,115.2843,16849094.0,142832.0,115.3503,115.3513,115.2343
2019-10-30,511010,国债ETF,115.2363,67325959.0,570800.0,115.2843,115.2903,115.2353
2019-10-31,511010,国债ETF,115.2843,56910156.0,482470.0,115.2923,115.3033,115.2543
2019-11-01,511010,国债ETF,115.3453,43078178.0,365033.0,115.3063,115.3843,115.2993
2019-11-04,511010,国债ETF,115.2803,45206582.0,383200.0,115.2753,115.3443,115.2743
2019-11-05,511010,国债ETF,115.3843,36195442.0,306588.0,115.2803,115.4233,115.2803
2019-11-06,511010,国债ETF,115.5353,28164813.0,238410.0,115.3493,115.6053,115.3493
2019-11-07,511010,国债ETF,115.4553,33594830.0,284300.0,115.5353,115.6433,115.4343
2019-11-08,511010,国债ETF,115.4033,57516525.0,487100.0,115.4393,115.4583,115.3263
2019-11-11,511010,国债ETF,115.5533,129264671.0,1093500.0,115.4033,115.6133,115.4033
2019-11-12,511010,国债ETF,115.5943,56843216.0,480400.0,115.5853,115.7143,115.5793
2019-11-13,511010,国债ETF,115.6073,124553331.0,1053100.0,115.5963,115.6193,114.4113
2019-11-14,511010,国债ETF,115.5473,108866478.0,920300.0,115.5593,115.6393,115.5343
2019-11-15,511010,国债ETF,115.6453,80880222.0,683800.0,115.5503,115.6623,115.5503
2019-11-18,511010,国债ETF,115.9623,56199170.0,474400.0,115.6593,116.1143,115.6593
2019-11-19,511010,国债ETF,116.0193,106883925.0,900555.0,115.9643,116.0893,115.9643
2019-11-20,511010,国债ETF,115.9553,198208879.0,1670000.0,116.0193,116.0233,115.8743
2019-11-21,511010,国债ETF,116.0273,101302548.0,853100.0,115.9863,116.1043,115.9573
2019-11-22,511010,国债ETF,115.9973,137111597.0,1155402.0,116.0353,116.0353,115.9273
2019-11-25,511010,国债ETF,115.8943,145989095.0,1230700.0,115.9833,115.9833,115.8743
2019-11-26,511010,国债ETF,115.8843,147570310.0,1244500.0,115.8973,115.9413,115.8493
2019-11-27,511010,国债ETF,115.9233,118392386.0,998100.0,115.8693,115.9813,115.8693
2019-11-28,511010,国债ETF,115.9203,204614896.0,1725100.0,115.9873,115.9873,115.9203
2019-11-29,511010,国债ETF,116.0993,108327625.0,913200.0,115.9233,116.1163,115.9233
2019-12-02,511010,国债ETF,116.2583,14637258.0,123200.0,116.0993,116.3233,116.0003
2019-12-03,511010,国债ETF,116.3443,94830923.0,797301.0,116.2613,117.3223,115.9253
2019-12-04,511010,国债ETF,116.3253,77875725.0,654400.0,116.3433,116.3933,116.3243
2019-12-05,511010,国债ETF,116.3053,76198153.0,640500.0,116.3223,116.3283,116.1243
2019-12-06,511010,国债ETF,116.2843,70411962.0,591900.0,116.3053,116.3243,116.2293
2019-12-09,511010,国债ETF,116.1133,66914380.0,562600.0,116.2733,116.3353,116.1123
2019-12-10,511010,国债ETF,116.0433,27616173.0,232500.0,116.1103,116.1633,115.9993
2019-12-11,511010,国债ETF,116.0803,76626916.0,645400.0,116.0463,116.1033,116.0283
2019-12-12,511010,国债ETF,116.0823,61630956.0,518900.0,116.0803,116.1203,116.0703
2019-12-13,511010,国债ETF,116.0853,64391404.0,542100.0,116.0703,116.1233,116.0313
2019-12-16,511010,国债ETF,116.0703,66196409.0,557400.0,116.0843,116.1113,116.0553
2019-12-17,511010,国债ETF,116.0143,34926848.0,294150.0,116.0733,116.0873,116.0133
2019-12-18,511010,国债ETF,116.0463,51646346.0,435200.0,116.0133,116.0543,115.9453
2019-12-19,511010,国债ETF,116.0763,34284776.0,288700.0,116.0433,116.1123,115.9993
2019-12-20,511010,国债ETF,116.2063,68592159.0,577100.0,116.0763,116.2983,116.0733
2019-12-23,511010,国债ETF,116.3503,62410990.0,524400.0,116.2193,116.4433,116.2193
2019-12-24,511010,国债ETF,116.6803,48451114.0,406200.0,116.3733,116.7243,116.3733
2019-12-25,511010,国债ETF,116.6443,52750156.0,442000.0,116.6803,116.7553,116.6143
2019-12-26,511010,国债ETF,116.7933,51144677.0,428298.0,116.6443,116.9543,116.6413
2019-12-27,511010,国债ETF,117.0213,13506610.0,112900.0,116.7963,117.0303,116.7963
2019-12-30,511010,国债ETF,116.9613,5453949.0,45600.0,117.0203,117.0203,116.7743
2019-12-31,511010,国债ETF,117.1753,43971814.0,366822.0,116.9613,117.5303,116.9263
2020-01-02,511010,国债ETF,116.7013,42550391.0,356000.0,116.9253,117.1233,116.6493
2020-01-03,511010,国债ETF,116.5903,45576568.0,382000.0,116.7053,116.7623,116.5753
2020-01-06,511010,国债ETF,116.7153,113045014.0,947700.0,116.5943,116.7823,116.5543
2020-01-07,511010,国债ETF,116.6603,85395779.0,715520.0,116.7043,116.7153,116.6303
2020-01-08,511010,国债ETF,116.7933,60626304.0,507500.0,116.6743,116.8103,116.6713
2020-01-09,511010,国债ETF,116.8983,149197368.0,1248100.0,116.7543,116.9053,116.6883
2020-01-10,511010,国债ETF,117.0203,62577473.0,522940.0,116.8483,117.0313,116.7843
2020-01-13,511010,国债ETF,117.0233,59033816.0,493100.0,117.0233,117.0693,116.9743
2020-01-14,511010,国债ETF,117.1133,67698480.0,565600.0,116.9743,117.1773,116.9243
2020-01-15,511010,国债ETF,117.1643,54694554.0,456400.0,117.0293,117.2393,117.0233
2020-01-16,511010,国债ETF,116.9723,56530970.0,472100.0,117.2093,117.2093,116.9413
2020-01-17,511010,国债ETF,117.0843,63109356.0,527100.0,116.9523,117.1593,116.9523
2020-01-20,511010,国债ETF,117.1383,58821801.0,491000.0,117.0363,117.1623,117.0363
2020-01-21,511010,国债ETF,117.7043,63948319.0,532840.0,117.1623,117.7043,117.1493
2020-01-22,511010,国债ETF,117.4253,65353703.0,543000.0,117.3543,117.9263,117.3253
2020-01-23,511010,国债ETF,118.1233,47165245.0,391001.0,117.4253,118.2533,117.4253
2020-02-03,511010,国债ETF,119.9213,98121861.0,800200.0,118.1393,124.1423,118.1393
2020-02-04,511010,国债ETF,118.6603,62879444.0,517900.0,120.0303,120.0393,118.3243
2020-02-05,511010,国债ETF,118.8493,57540415.0,473400.0,118.7073,119.0203,118.5043
2020-02-06,511010,国债ETF,118.4993,57301617.0,472500.0,118.8493,118.8493,118.4023
2020-02-07,511010,国债ETF,118.6903,36966794.0,304700.0,118.5023,118.8143,118.5023
2020-02-10,511010,国债ETF,118.8933,28198268.0,232100.0,118.7143,118.8943,118.7143
2020-02-11,511010,国债ETF,118.9663,36937700.0,303686.0,118.8433,119.0243,118.8263
2020-02-12,511010,国债ETF,118.8463,68492256.0,563100.0,118.9893,118.9893,118.7243
2020-02-13,511010,国债ETF,118.6713,70081242.0,577500.0,118.7973,118.8083,118.6523
2020-02-14,511010,国债ETF,118.6673,60252204.0,496500.0,118.6713,118.7093,118.6593
2020-02-17,511010,国债ETF,118.4903,66198584.0,545900.0,118.6673,118.6673,118.4793
2020-02-18,511010,国债ETF,118.4673,58458977.0,482600.0,118.4243,118.4903,118.3323
2020-02-19,511010,国债ETF,118.4933,63863108.0,527100.0,118.4383,118.5243,118.4383
2020-02-20,511010,国债ETF,118.3483,79622285.0,657600.0,118.4543,118.5143,118.2183
2020-02-21,511010,国债ETF,118.4673,66146987.0,546200.0,118.4043,118.4843,118.3653
2020-02-24,511010,国债ETF,118.6943,49354089.0,407000.0,118.4743,118.7003,118.4743
2020-02-25,511010,国债ETF,118.6253,61539748.0,506900.0,118.7173,119.1933,118.5523
2020-02-26,511010,国债ETF,118.6393,43002630.0,354600.0,118.6753,118.6753,118.5263
2020-02-27,511010,国债ETF,118.7623,58200273.0,479700.0,118.6363,118.8053,118.5243
2020-02-28,511010,国债ETF,119.2883,77920821.0,639600.0,118.8243,119.7133,118.8093
2020-03-02,511010,国债ETF,119.0733,54449755.0,447192.0,119.2983,119.3123,119.0253
2020-03-03,511010,国债ETF,119.0953,63164629.0,519300.0,118.7253,119.0973,118.7253
2020-03-04,511010,国债ETF,119.2743,59100564.0,484700.0,119.1423,119.3243,119.1423
2020-03-05,511010,国债ETF,119.3003,91702898.0,751900.0,119.2733,119.4243,119.2443
2020-03-06,511010,国债ETF,119.4643,73403881.0,601200.0,119.2623,119.5393,119.2623
2020-03-09,511010,国债ETF,120.2973,102078464.0,829826.0,119.5633,120.6573,119.5633
2020-03-10,511010,国债ETF,119.9283,67941112.0,553800.0,120.3053,120.5743,119.7263
2020-03-11,511010,国债ETF,119.9273,25344395.0,206900.0,119.9283,119.9783,119.6263
2020-03-12,511010,国债ETF,120.0253,72495115.0,590700.0,119.9293,120.3243,119.9273
2020-03-13,511010,国债ETF,119.5363,47158363.0,385300.0,120.3233,120.3233,119.4183
2020-03-16,511010,国债ETF,119.3913,57879761.0,473900.0,119.5893,120.2243,119.3453
2020-03-17,511010,国债ETF,119.1153,34116001.0,279900.0,119.3803,119.3883,119.0633
2020-03-18,511010,国债ETF,119.1153,87747138.0,721100.0,119.0253,119.1193,118.8933
2020-03-19,511010,国债ETF,118.8033,112201855.0,921700.0,118.9753,119.2563,118.7423
2020-03-20,511010,国债ETF,119.0253,85704090.0,704312.0,118.8053,119.0483,118.8053
2020-03-23,511010,国债ETF,119.6213,129130596.0,1057200.0,119.1843,119.6303,119.1843
2020-03-24,511010,国债ETF,119.6363,128885519.0,1053700.0,119.6143,119.7223,119.3753
2020-03-25,511010,国债ETF,119.6553,118528644.0,969000.0,119.6333,119.6813,119.5243
2020-03-26,511010,国债ETF,119.9213,112523846.0,918400.0,119.6283,120.0143,119.6283
2020-03-27,511010,国债ETF,120.1243,78397299.0,638700.0,119.9733,120.2693,119.9343
2020-03-30,511010,国债ETF,120.2823,79557951.0,647500.0,120.1243,120.2923,120.1243
2020-03-31,511010,国债ETF,120.5173,118515497.0,963570.0,119.9923,120.5343,119.9923
2020-04-01,511010,国债ETF,120.7493,108300758.0,877600.0,120.6393,121.4643,120.6393
2020-04-02,511010,国债ETF,120.5953,122515027.0,992800.0,120.7483,120.9153,120.5893
2020-04-03,511010,国债ETF,120.5373,109363766.0,886900.0,120.6013,120.7343,120.5093
2020-04-07,511010,国债ETF,121.1863,112230856.0,907200.0,120.6333,121.3223,120.6333
2020-04-08,511010,国债ETF,121.7093,122449170.0,985100.0,121.2363,121.9093,121.2363
2020-04-09,511010,国债ETF,121.8493,109794265.0,881590.0,121.9443,122.1213,121.4573
2020-04-10,511010,国债ETF,121.6083,117636862.0,946300.0,121.8993,121.9143,121.4103
2020-04-13,511010,国债ETF,121.7823,137273131.0,1103400.0,121.6083,121.7993,121.5103
2020-04-14,511010,国债ETF,121.8223,120939855.0,971500.0,121.8003,121.8483,121.7813
2020-04-15,511010,国债ETF,122.4113,101601744.0,815000.0,121.9343,122.4173,121.9243
2020-04-16,511010,国债ETF,122.2873,132315381.0,1057900.0,122.4093,122.6353,122.2043
2020-04-17,511010,国债ETF,122.2083,115170915.0,922000.0,122.2843,122.4673,122.1353
2020-04-20,511010,国债ETF,122.1993,90576885.0,725100.0,122.2083,122.3243,122.1243
2020-04-21,511010,国债ETF,122.2633,79027377.0,632900.0,122.1993,122.3153,122.0843
2020-04-22,511010,国债ETF,122.7173,74465030.0,594300.0,122.3353,122.7203,122.3353
2020-04-23,511010,国债ETF,123.1123,80224101.0,638208.0,122.6893,123.1843,122.6893
2020-04-24,511010,国债ETF,123.1883,138910720.0,1103600.0,123.0913,123.5143,122.9573
2020-04-27,511010,国债ETF,123.2203,111790090.0,887700.0,123.1833,123.3523,123.1453
2020-04-28,511010,国债ETF,123.3533,74300992.0,590300.0,123.2203,123.3633,123.1293
2020-04-29,511010,国债ETF,123.7223,115716747.0,915690.0,124.1343,124.1343,123.3743
2020-04-30,511010,国债ETF,123.7593,90073605.0,713000.0,123.6243,123.7633,123.5643
2020-05-06,511010,国债ETF,123.5003,96847043.0,767200.0,123.7513,123.8093,123.4943
2020-05-07,511010,国债ETF,122.7713,121109674.0,963300.0,123.4923,123.4923,122.6273
2020-05-08,511010,国债ETF,122.6093,99938725.0,797200.0,122.7723,122.7723,122.5743
2020-05-11,511010,国债ETF,122.3373,134386184.0,1074100.0,122.5343,122.6333,122.1843
2020-05-12,511010,国债ETF,122.5123,124769493.0,996490.0,122.3243,122.6713,122.2733
2020-05-13,511010,国债ETF,122.4443,81054619.0,647500.0,122.6473,122.6473,122.3653
2020-05-14,511010,国债ETF,122.6483,113354321.0,905600.0,122.4443,122.7033,122.2323
2020-05-15,511010,国债ETF,122.8603,124386030.0,991300.0,122.7043,122.8943,122.6503
2020-05-18,511010,国债ETF,122.4263,118271506.0,944800.0,122.8593,122.8593,122.4123
2020-05-19,511010,国债ETF,122.2343,125543501.0,1004800.0,122.2243,122.3843,122.1743
2020-05-20,511010,国债ETF,121.8323,105696908.0,848400.0,122.1743,122.2143,121.7243
2020-05-21,511010,国债ETF,121.8583,100233704.0,804441.0,121.8323,122.0583,121.7653
2020-05-22,511010,国债ETF,122.4043,103657230.0,830200.0,121.8593,122.4333,121.8593
2020-05-25,511010,国债ETF,122.0823,93929612.0,752700.0,121.9343,122.4333,121.9343
2020-05-26,511010,国债ETF,121.4033,132673625.0,1068100.0,122.1243,122.1323,121.2253
2020-05-27,511010,国债ETF,121.1113,133215016.0,1075641.0,121.3593,121.6203,120.9943
2020-05-28,511010,国债ETF,121.3523,95252219.0,768056.0,121.1243,121.4943,121.1243
2020-05-29,511010,国债ETF,121.2163,69416466.0,559800.0,121.3523,121.4883,121.2153
2020-06-01,511010,国债ETF,121.0453,86007997.0,694800.0,121.2613,121.2933,120.9743
2020-06-02,511010,国债ETF,120.4623,102264049.0,828941.0,121.0243,121.0243,120.3743
2020-06-03,511010,国债ETF,120.1503,122105197.0,994400.0,120.3243,120.3243,120.0393
2020-06-04,511010,国债ETF,120.0253,92913687.0,756700.0,120.1703,120.2603,119.9733
2020-06-05,511010,国债ETF,119.8923,94476627.0,770400.0,120.0243,120.1193,119.8853
2020-06-08,511010,国债ETF,120.2133,94846867.0,772900.0,119.8233,120.2933,119.7753
2020-06-09,511010,国债ETF,120.2833,124195931.0,1009000.0,120.2013,120.5843,120.2013
2020-06-10,511010,国债ETF,119.9753,103256407.0,840100.0,120.2763,120.4463,119.9643
2020-06-11,511010,国债ETF,120.1503,80504434.0,655600.0,120.0203,120.2333,119.9943
2020-06-12,511010,国债ETF,120.3353,197543918.0,1604900.0,120.2743,120.5603,120.2603
2020-06-15,511010,国债ETF,120.4733,110713931.0,899500.0,120.3243,120.5243,120.2343
2020-06-16,511010,国债ETF,119.7963,136818525.0,1115900.0,120.1943,120.1943,119.7523
2020-06-17,511010,国债ETF,119.3343,104931973.0,858800.0,119.7963,119.8143,119.3243
2020-06-18,511010,国债ETF,119.2953,110413875.0,904500.0,119.5333,119.6743,119.2553
2020-06-19,511010,国债ETF,119.1243,97984317.0,804100.0,119.4443,119.4443,119.0323
2020-06-22,511010,国债ETF,119.2663,102006500.0,837100.0,119.1863,119.2813,119.0413
2020-06-23,511010,国债ETF,118.7253,118305477.0,972100.0,119.2503,119.2643,118.7243
2020-06-24,511010,国债ETF,119.2223,109130283.0,895914.0,118.9513,119.2523,118.9443
2020-06-29,511010,国债ETF,119.4693,91887230.0,752434.0,119.2463,119.5223,119.2073
2020-06-30,511010,国债ETF,119.3203,130215422.0,1067565.0,119.4643,119.4643,119.2123
2020-07-01,511010,国债ETF,119.4823,99834952.0,817200.0,119.4403,119.5743,119.3443
2020-07-02,511010,国债ETF,119.6183,138392570.0,1133200.0,119.4823,119.7663,119.3333
2020-07-03,511010,国债ETF,119.4693,83943376.0,687100.0,119.6043,119.6113,119.4093
2020-07-06,511010,国债ETF,118.7403,141439140.0,1162790.0,119.3343,119.3343,118.7243
2020-07-07,511010,国债ETF,118.4223,108989687.0,900775.0,118.4233,118.6543,117.9243
2020-07-08,511010,国债ETF,118.1993,75494157.0,623500.0,118.4243,118.6183,118.0263
2020-07-09,511010,国债ETF,118.2113,167637083.0,1387532.0,118.1983,118.3183,118.0233
2020-07-10,511010,国债ETF,118.5773,102784178.0,848700.0,118.2183,118.6303,118.2183
2020-07-13,511010,国债ETF,118.2643,127499897.0,1053500.0,118.5273,119.1243,118.0243
2020-07-14,511010,国债ETF,118.7243,173081702.0,1425700.0,118.4333,118.9343,118.4333
2020-07-15,511010,国债ETF,118.9413,123472134.0,1016500.0,118.4543,118.9733,118.4483
2020-07-16,511010,国债ETF,119.3403,199214053.0,1633200.0,118.9033,119.6873,118.8473
2020-07-17,511010,国债ETF,119.1253,151486065.0,1241516.0,119.3413,119.6243,119.0273
2020-07-20,511010,国债ETF,118.8673,168491001.0,1387010.0,119.0423,119.1753,118.3243
2020-07-21,511010,国债ETF,119.0933,129946199.0,1067600.0,118.8443,119.2163,118.7243
2020-07-22,511010,国债ETF,119.5263,124763754.0,1023900.0,119.1233,119.5333,118.9443
2020-07-23,511010,国债ETF,119.8163,148802629.0,1216000.0,119.5353,119.8923,119.3123
2020-07-24,511010,国债ETF,119.6853,152579319.0,1246832.0,119.8153,119.8823,119.4903
2020-07-27,511010,国债ETF,119.8143,126636350.0,1034500.0,119.6553,119.8533,119.6343
2020-07-28,511010,国债ETF,119.5723,162076029.0,1325800.0,119.8093,119.8093,119.4903
2020-07-29,511010,国债ETF,119.4363,102979284.0,843200.0,119.5643,119.5723,119.4293
2020-07-30,511010,国债ETF,119.3093,136669768.0,1120600.0,119.3243,119.3643,119.2463
2020-07-31,511010,国债ETF,119.0803,116002491.0,952268.0,119.2503,119.2793,119.0613
2020-08-03,511010,国债ETF,118.9803,82139697.0,675500.0,118.9843,119.0203,118.0243
2020-08-04,511010,国债ETF,118.9953,86781012.0,713600.0,118.9623,119.0223,118.8373
2020-08-05,511010,国债ETF,119.0503,103540202.0,850500.0,119.0123,119.2143,119.0123
2020-08-06,511010,国债ETF,118.9453,85273174.0,701200.0,118.9363,119.0143,118.8473
2020-08-07,511010,国债ETF,118.9403,79932748.0,657400.0,118.8963,119.0213,118.8303
2020-08-10,511010,国债ETF,118.9353,63421551.0,521600.0,118.9143,118.9933,118.8653
2020-08-11,511010,国债ETF,118.9123,82471435.0,678400.0,118.9243,118.9373,118.8253
2020-08-12,511010,国债ETF,118.4903,85943884.0,708500.0,118.9093,118.9143,118.4243
2020-08-13,511010,国债ETF,118.6023,97283246.0,802500.0,118.4903,118.7033,118.4073
2020-08-14,511010,国债ETF,118.6253,75335685.0,620800.0,118.5513,118.7493,118.4853
2020-08-17,511010,国债ETF,118.7533,61253675.0,504500.0,118.6543,118.7733,118.6273
2020-08-18,511010,国债ETF,118.8313,63888215.0,526000.0,118.7253,118.8313,118.6563
2020-08-19,511010,国债ETF,118.7143,108632377.0,894400.0,118.7443,118.8443,118.7093
2020-08-20,511010,国债ETF,118.4463,47204598.0,389300.0,118.7533,118.7543,118.4223
2020-08-21,511010,国债ETF,118.4683,39815183.0,328600.0,118.4343,118.6043,118.4253
2020-08-24,511010,国债ETF,118.4443,34138785.0,281824.0,118.4263,118.4963,118.4263
2020-08-25,511010,国债ETF,118.1903,65737889.0,543500.0,118.4443,118.4593,118.1743
2020-08-26,511010,国债ETF,118.0693,57445404.0,475202.0,118.1943,118.2633,118.0563
2020-08-27,511010,国债ETF,117.8093,58041887.0,481300.0,118.0963,118.0963,117.8043
2020-08-28,511010,国债ETF,117.7273,82523074.0,685300.0,117.7643,117.8273,117.6963
2020-08-31,511010,国债ETF,117.8123,73533285.0,610500.0,117.7433,117.8343,117.6783
2020-09-01,511010,国债ETF,118.1773,69672044.0,577000.0,117.8843,118.2293,117.8363
2020-09-02,511010,国债ETF,118.0393,62064775.0,514000.0,118.1733,118.2053,118.0243
2020-09-03,511010,国债ETF,118.0163,33706460.0,279600.0,117.9903,118.0213,117.8043
2020-09-04,511010,国债ETF,117.8203,86498435.0,717700.0,118.0013,118.0023,117.8143
2020-09-07,511010,国债ETF,117.5363,73457892.0,610301.0,117.8643,117.9443,117.5353
2020-09-08,511010,国债ETF,117.7523,70004685.0,581400.0,117.5263,117.7813,117.4893
2020-09-09,511010,国债ETF,117.8653,86455641.0,717500.0,117.7523,117.9833,117.7523
2020-09-10,511010,国债ETF,118.1013,75544730.0,625700.0,117.8653,118.1543,117.8323
2020-09-11,511010,国债ETF,118.0303,48429518.0,401100.0,118.1373,118.2223,117.9663
2020-09-14,511010,国债ETF,117.8193,87093750.0,722900.0,118.0313,118.0313,117.6753
2020-09-15,511010,国债ETF,117.9503,103540108.0,858200.0,117.7843,118.0693,117.7793
2020-09-16,511010,国债ETF,117.9993,68773855.0,569900.0,117.9803,118.0473,117.9313
2020-09-17,511010,国债ETF,118.0343,77152591.0,639000.0,118.0143,118.1153,118.0003
2020-09-18,511010,国债ETF,118.0383,75040555.0,621400.0,117.9843,118.3263,117.9503
2020-09-21,511010,国债ETF,118.3823,83403068.0,689300.0,118.0543,118.4233,118.0313
2020-09-22,511010,国债ETF,118.5413,73978728.0,610700.0,118.3843,118.5853,118.3183
2020-09-23,511010,国债ETF,118.5063,48581386.0,400900.0,118.5423,118.6223,118.4263
2020-09-24,511010,国债ETF,118.4053,67497545.0,557200.0,118.5493,118.5773,118.4003
2020-09-25,511010,国债ETF,118.2793,76208282.0,629800.0,118.4043,118.4463,118.1873
2020-09-28,511010,国债ETF,118.1783,73402233.0,607500.0,118.2783,118.2873,118.0353
2020-09-29,511010,国债ETF,118.0703,72967224.0,604100.0,118.1293,118.1693,118.0553
2020-09-30,511010,国债ETF,118.0243,50854403.0,420700.0,118.0803,118.3013,117.9893
2020-10-09,511010,国债ETF,117.8473,40174347.0,333200.0,118.0243,118.0253,117.8253
2020-10-12,511010,国债ETF,117.9243,82099960.0,681100.0,117.8473,118.0103,117.7303
2020-10-13,511010,国债ETF,117.7603,56452469.0,468200.0,117.9243,118.0233,117.6913
2020-10-14,511010,国债ETF,117.7533,55840180.0,463600.0,117.7323,117.8753,117.7163
2020-10-15,511010,国债ETF,117.6153,67970586.0,564900.0,117.7443,117.8403,117.5743
2020-10-16,511010,国债ETF,117.8053,61864296.0,513600.0,117.6273,117.8973,117.6273
2020-10-19,511010,国债ETF,118.0533,52697329.0,436800.0,117.8513,118.0743,117.7583
2020-10-20,511010,国债ETF,118.0953,61687743.0,511200.0,118.0233,118.1643,117.9333
2020-10-21,511010,国债ETF,118.2023,49818163.0,412200.0,118.1063,118.3043,117.9763
2020-10-22,511010,国债ETF,118.3253,43298268.0,357900.0,118.1863,118.3653,118.1863
2020-10-23,511010,国债ETF,118.1473,42642863.0,352700.0,118.3253,118.3823,118.1433
2020-10-26,511010,国债ETF,118.0343,47846991.0,396100.0,118.1393,118.2273,118.0243
2020-10-27,511010,国债ETF,118.2663,71386009.0,590500.0,118.0253,118.3253,118.0243
2020-10-28,511010,国债ETF,118.1993,52439436.0,433600.0,118.3153,118.4053,118.1143
2020-10-29,511010,国债ETF,118.1443,68582809.0,567300.0,118.2493,118.2923,118.1323
2020-10-30,511010,国债ETF,118.2853,75551351.0,624800.0,118.1473,118.3203,118.1453
2020-11-02,511010,国债ETF,118.5013,36565832.0,302000.0,118.2853,118.6233,118.2853
2020-11-03,511010,国债ETF,118.4603,35883700.0,296100.0,118.5143,118.6263,118.4043
2020-11-04,511010,国债ETF,118.5383,71791867.0,592600.0,118.5193,118.5623,116.9123
2020-11-05,511010,国债ETF,118.4073,24724720.0,204100.0,118.5073,118.5243,118.4063
2020-11-06,511010,国债ETF,118.2403,68271170.0,564500.0,118.4093,118.4093,117.9463
2020-11-09,511010,国债ETF,118.0583,80057585.0,663100.0,118.1903,118.2893,117.9303
2020-11-10,511010,国债ETF,118.0923,58729525.0,486200.0,117.9383,118.2233,117.9383
2020-11-11,511010,国债ETF,118.0763,84939017.0,703300.0,118.0593,118.2243,118.0533
2020-11-12,511010,国债ETF,118.0253,74976360.0,621200.0,118.0763,118.0803,117.7593
2020-11-13,511010,国债ETF,117.7663,88836975.0,737300.0,117.9753,118.0633,117.6983
2020-11-16,511010,国债ETF,117.9703,61538336.0,510100.0,117.7663,117.9953,117.7663
2020-11-17,511010,国债ETF,117.9033,81227285.0,673100.0,117.9743,118.2013,117.8453
2020-11-18,511010,国债ETF,117.7363,40707420.0,337900.0,117.9253,117.9303,117.7243
2020-11-19,511010,国债ETF,117.6713,37477138.0,311400.0,117.7453,117.7453,117.6423
2020-11-20,511010,国债ETF,117.6713,75318671.0,625900.0,117.6583,117.7243,117.5053
2020-11-23,511010,国债ETF,117.9813,33145266.0,275000.0,117.6853,117.9843,117.6853
2020-11-24,511010,国债ETF,117.8483,45434124.0,376800.0,117.9353,118.0463,117.8443
2020-11-25,511010,国债ETF,117.9093,24687478.0,204800.0,117.8483,117.9263,117.7693
2020-11-26,511010,国债ETF,117.8753,53255592.0,441600.0,117.9273,117.9813,117.8593
2020-11-27,511010,国债ETF,117.8283,53143170.0,440900.0,117.8773,117.9363,117.8213
2020-11-30,511010,国债ETF,118.1103,93472084.0,774600.0,117.8283,118.1133,117.7783
2020-12-01,511010,国债ETF,117.9233,80184284.0,664700.0,118.1043,118.1043,117.8943
2020-12-02,511010,国债ETF,117.9573,80463325.0,667200.0,117.9393,117.9653,117.8583
2020-12-03,511010,国债ETF,117.8663,62143155.0,515500.0,117.9423,117.9563,117.8293
2020-12-04,511010,国债ETF,118.0593,70714028.0,586100.0,117.8603,118.0693,117.8603
2020-12-07,511010,国债ETF,117.9923,72924425.0,604100.0,118.0533,118.1953,117.9783
2020-12-08,511010,国债ETF,118.0423,64956680.0,538100.0,117.9923,118.0643,117.9923
2020-12-09,511010,国债ETF,118.0883,79637782.0,659600.0,118.0483,118.0893,118.0263
2020-12-10,511010,国债ETF,118.0873,36983484.0,306267.0,117.9853,118.0993,117.9853
2020-12-11,511010,国债ETF,117.9473,71433732.0,592100.0,118.0713,118.0873,117.9023
2020-12-14,511010,国债ETF,117.8393,55892801.0,463700.0,117.9473,117.9543,117.7983
2020-12-15,511010,国债ETF,118.0423,86667067.0,717840.0,117.9133,118.1093,117.8443
2020-12-16,511010,国债ETF,118.1083,72235248.0,598100.0,118.0463,118.1453,118.0323
2020-12-17,511010,国债ETF,118.0603,70595755.0,584600.0,118.1753,118.2033,118.0473
2020-12-18,511010,国债ETF,117.9903,53116080.0,440100.0,118.0273,118.0743,117.9743
2020-12-21,511010,国债ETF,118.1333,73087725.0,605100.0,117.9773,118.1733,117.9263
2020-12-22,511010,国债ETF,118.3523,77102069.0,637516.0,118.1203,118.3773,118.1203
2020-12-23,511010,国债ETF,118.4223,53271183.0,440090.0,118.3523,118.4583,118.3323
2020-12-24,511010,国债ETF,118.4453,72985990.0,602500.0,118.4163,118.5533,118.3943
2020-12-25,511010,国债ETF,118.5753,80809072.0,666700.0,118.4453,118.6403,118.4113
2020-12-28,511010,国债ETF,118.4553,102648387.0,846800.0,118.5753,118.7243,118.4453
2020-12-29,511010,国债ETF,118.5243,69709292.0,575306.0,118.5743,118.5913,118.4073
2020-12-30,511010,国债ETF,118.5903,70507351.0,581400.0,118.5263,118.7043,118.5193
2020-12-31,511010,国债ETF,118.6363,72135713.0,594765.0,118.6363,118.6973,118.5473
2021-01-04,511010,国债ETF,118.4483,70346658.0,580600.0,118.4523,118.6393,118.4223
2021-01-05,511010,国债ETF,118.5663,68484357.0,565000.0,118.4483,118.5923,118.4273
2021-01-06,511010,国债ETF,118.8173,88412918.0,727932.0,118.5673,118.8743,118.5673
2021-01-07,511010,国债ETF,118.8883,67349758.0,554100.0,118.8243,118.9203,118.8043
2021-01-08,511010,国债ETF,118.8333,67576323.0,556100.0,118.8893,118.9243,118.7903
2021-01-11,511010,国债ETF,118.7163,64596807.0,531900.0,118.9233,118.9233,118.6903
2021-01-12,511010,国债ETF,118.8423,76614062.0,630600.0,118.7193,118.8753,118.6993
2021-01-13,511010,国债ETF,119.0813,72272685.0,593900.0,118.8463,119.1013,118.8463
2021-01-14,511010,国债ETF,119.3323,87342868.0,716200.0,119.1293,119.4243,119.1243
2021-01-15,511010,国债ETF,119.1843,62910663.0,516000.0,119.3443,119.3503,119.1373
2021-01-18,511010,国债ETF,119.0163,32577027.0,267600.0,119.2053,119.2343,118.9793
2021-01-19,511010,国债ETF,118.7923,44857249.0,369200.0,118.9743,119.0243,118.7413
2021-01-20,511010,国债ETF,118.9873,84657072.0,696400.0,118.8343,118.9933,118.7933
2021-01-21,511010,国债ETF,119.1343,88244041.0,724800.0,118.9543,119.1443,118.9143
2021-01-22,511010,国债ETF,119.1893,73928836.0,607100.0,119.1243,119.1893,118.9743
2021-01-25,511010,国债ETF,119.1923,76700509.0,629600.0,119.1243,119.2003,119.0423
2021-01-26,511010,国债ETF,118.7763,85263571.0,701400.0,119.0293,119.1363,118.7443
2021-01-27,511010,国债ETF,118.8043,47599253.0,391900.0,118.7283,118.8713,118.6913
2021-01-28,511010,国债ETF,118.7103,81448211.0,670900.0,118.7543,118.8193,118.6403
2021-01-29,511010,国债ETF,118.7343,108452029.0,893900.0,118.7103,118.7693,118.2813
2021-02-01,511010,国债ETF,118.8533,85431099.0,702988.0,118.7263,118.9333,118.6453
2021-02-02,511010,国债ETF,118.9153,97014111.0,797700.0,118.8533,119.1573,118.8013
2021-02-03,511010,国债ETF,118.9903,53774633.0,442200.0,118.9193,119.0943,118.8543
2021-02-04,511010,国债ETF,118.9623,58383515.0,479800.0,118.9903,119.0963,118.8873
2021-02-05,511010,国债ETF,118.7713,75903897.0,624800.0,118.9223,118.9313,118.7593
2021-02-08,511010,国债ETF,118.6313,72521118.0,598192.0,118.7293,118.7813,118.4243
2021-02-09,511010,国债ETF,118.6183,85748638.0,707100.0,118.6313,118.6423,118.4543
2021-02-10,511010,国债ETF,118.7903,52238551.0,430400.0,118.5853,118.9113,118.5193
2021-02-18,511010,国债ETF,118.6733,69108342.0,569300.0,118.7953,118.7953,118.6543
2021-02-19,511010,国债ETF,118.6893,78768868.0,649100.0,118.6643,118.7233,118.6293
2021-02-22,511010,国债ETF,118.7433,67713914.0,558000.0,118.6843,118.7553,118.5763
2021-02-23,511010,国债ETF,118.8733,61292607.0,504600.0,118.6943,118.8743,118.6943
2021-02-24,511010,国债ETF,119.0953,58165636.0,478000.0,118.8743,119.1033,118.8743
2021-02-25,511010,国债ETF,119.0803,76650380.0,629600.0,119.0953,119.1113,119.0013
2021-02-26,511010,国债ETF,118.8323,60879050.0,500800.0,118.9843,119.0843,118.8073
2021-03-01,511010,国债ETF,118.8273,58860413.0,484460.0,118.8243,118.8493,118.7893
2021-03-02,511010,国债ETF,119.3073,72791826.0,598000.0,118.8273,119.3183,118.7723
2021-03-03,511010,国债ETF,119.2283,99177437.0,813550.0,119.2223,119.4093,119.0953
2021-03-04,511010,国债ETF,119.1763,77769007.0,638200.0,119.2253,119.2433,119.1303
2021-03-05,511010,国债ETF,119.3153,116852726.0,958900.0,119.1293,119.3183,119.0393
2021-03-08,511010,国债ETF,119.3143,57587127.0,472300.0,119.2723,119.3223,119.1373
2021-03-09,511010,国债ETF,119.1783,84505799.0,693400.0,119.2043,119.3123,119.1383
2021-03-10,511010,国债ETF,119.2533,84821876.0,696200.0,119.1283,119.2623,119.0493
2021-03-11,511010,国债ETF,119.1683,71236609.0,584600.0,119.2843,119.2843,119.1283
2021-03-12,511010,国债ETF,119.1783,99719086.0,818920.0,119.1243,119.2693,119.0263
2021-03-15,511010,国债ETF,119.1153,74054266.0,608000.0,119.1853,119.1853,119.0743
2021-03-16,511010,国债ETF,118.9513,62850052.0,516400.0,119.1043,119.1043,118.9393
2021-03-17,511010,国债ETF,118.9973,47553688.0,390800.0,118.9583,119.0643,118.9583
2021-03-18,511010,国债ETF,118.9423,86953892.0,714900.0,118.9473,119.0113,118.9243
2021-03-19,511010,国债ETF,118.9183,104123275.0,856100.0,118.9293,119.0133,118.8763
2021-03-22,511010,国债ETF,118.9343,99535396.0,818400.0,118.8953,118.9813,118.8953
2021-03-23,511010,国债ETF,118.9633,54770544.0,450300.0,118.9243,119.0123,118.9223
2021-03-24,511010,国债ETF,119.1143,73315463.0,602200.0,118.9913,119.1183,118.9743
2021-03-25,511010,国债ETF,119.2093,79252688.0,650400.0,119.0843,119.2423,119.0643
2021-03-26,511010,国债ETF,119.0443,87715353.0,720400.0,119.2093,119.2573,119.0303
2021-03-29,511010,国债ETF,119.0343,39233023.0,322400.0,119.0443,119.0743,118.9813
2021-03-30,511010,国债ETF,119.2263,43631733.0,358200.0,119.0063,119.2573,119.0063
2021-03-31,511010,国债ETF,119.2583,102003728.0,836600.0,119.2243,119.2863,119.1193
2021-04-01,511010,国债ETF,119.2243,37416355.0,307000.0,119.2593,119.3433,119.1633
2021-04-02,511010,国债ETF,119.4063,86048958.0,704900.0,119.2233,119.4903,119.1593
2021-04-06,511010,国债ETF,119.3283,65484794.0,536900.0,119.3563,119.3563,119.2253
2021-04-07,511010,国债ETF,119.3113,61098144.0,500800.0,119.3153,119.3843,119.2213
2021-04-08,511010,国债ETF,119.1533,82436680.0,676500.0,119.3113,119.3183,119.1453
2021-04-09,511010,国债ETF,119.1493,75000429.0,615621.0,119.0803,119.1823,119.0803
2021-04-12,511010,国债ETF,119.3733,70322353.0,576300.0,119.1493,119.4703,119.1343
2021-04-13,511010,国债ETF,119.6373,52988207.0,433600.0,119.3253,119.6743,119.3253
2021-04-14,511010,国债ETF,119.5973,58593890.0,478700.0,119.6433,119.8563,119.5473
2021-04-15,511010,国债ETF,119.6033,34021819.0,278200.0,119.6443,119.7153,119.5673
2021-04-16,511010,国债ETF,119.6633,46739307.0,382100.0,119.5533,119.7143,119.5043
2021-04-19,511010,国债ETF,119.5853,82217054.0,672100.0,119.6763,119.7163,119.5323
2021-04-20,511010,国债ETF,119.6463,35032297.0,286400.0,119.5893,119.6933,119.5893
2021-04-21,511010,国债ETF,119.8793,47317396.0,386600.0,119.5963,119.8803,119.5963
2021-04-22,511010,国债ETF,119.7813,58949188.0,481400.0,119.8793,119.8793,119.6413
2021-04-23,511010,国债ETF,120.0703,37241556.0,303700.0,119.8043,120.1223,119.7303
2021-04-26,511010,国债ETF,119.9053,43898918.0,358000.0,120.0803,120.0803,119.8853
2021-04-27,511010,国债ETF,119.8073,58456339.0,476900.0,119.8613,119.9943,119.7763
2021-04-28,511010,国债ETF,119.7223,44894931.0,367000.0,119.7503,119.8073,119.6083
2021-04-29,511010,国债ETF,119.7763,94480488.0,771700.0,119.7223,119.8923,119.6403
2021-04-30,511010,国债ETF,119.9243,77950433.0,636300.0,119.7843,119.9493,119.7273
2021-05-06,511010,国债ETF,119.9573,51895348.0,423100.0,119.9243,120.1733,119.7513
2021-05-07,511010,国债ETF,119.9113,45527714.0,371400.0,119.9513,120.0233,119.7893
2021-05-10,511010,国债ETF,119.9743,66845885.0,545100.0,119.9153,120.0213,119.9063
2021-05-11,511010,国债ETF,120.2163,86166186.0,701700.0,119.9843,120.4243,119.9843
2021-05-12,511010,国债ETF,120.2243,34666258.0,282100.0,120.2203,120.2613,120.1373
2021-05-13,511010,国债ETF,120.0503,77291108.0,629800.0,120.2243,120.2243,119.9873
2021-05-14,511010,国债ETF,120.0633,69998463.0,570200.0,120.0263,120.1123,120.0243
2021-05-17,511010,国债ETF,120.2113,98822106.0,804200.0,120.0623,120.2763,120.0233
2021-05-18,511010,国债ETF,120.1803,54970491.0,447300.0,120.2843,120.3003,120.0553
2021-05-19,511010,国债ETF,120.3833,66568928.0,541500.0,120.1803,120.4123,120.1313
2021-05-20,511010,国债ETF,120.5533,84957907.0,689721.0,120.3253,120.6043,120.2053
2021-05-21,511010,国债ETF,120.6753,78944490.0,640200.0,120.5653,120.7023,120.4373
2021-05-24,511010,国债ETF,120.7013,91753132.0,743800.0,120.6253,120.8413,120.4773
2021-05-25,511010,国债ETF,120.4913,93247015.0,756300.0,120.7033,120.7033,120.4023
2021-05-26,511010,国债ETF,120.5493,76457777.0,620600.0,120.4893,120.5903,120.3743
2021-05-27,511010,国债ETF,120.4583,68675987.0,557600.0,120.5503,120.5513,120.4543
2021-05-28,511010,国债ETF,120.4563,74840093.0,608221.0,120.4643,120.5023,120.3323
2021-05-31,511010,国债ETF,120.2263,128273561.0,1043700.0,120.4643,120.4643,120.1043
2021-06-01,511010,国债ETF,120.3953,94387823.0,767000.0,120.2443,120.4703,120.2263
2021-06-02,511010,国债ETF,120.3093,81301279.0,660900.0,120.3843,120.3843,120.3043
2021-06-03,511010,国债ETF,120.2903,72567749.0,590300.0,120.3093,120.3433,120.1823
2021-06-04,511010,国债ETF,120.3393,96198959.0,782000.0,120.2903,120.3763,120.2603
2021-06-07,511010,国债ETF,120.2003,82286008.0,669500.0,120.3243,120.3243,120.1953
2021-06-08,511010,国债ETF,120.2203,80064903.0,651400.0,120.2123,120.3423,120.2013
2021-06-09,511010,国债ETF,120.1843,83118729.0,676500.0,120.2243,120.2243,120.1743
2021-06-10,511010,国债ETF,120.2123,75473855.0,614100.0,120.1843,120.2543,120.1843
2021-06-11,511010,国债ETF,120.0363,96090318.0,782700.0,120.1863,120.2413,120.0123
2021-06-15,511010,国债ETF,120.0143,114490558.0,933300.0,120.0213,120.0443,119.9363
2021-06-16,511010,国债ETF,120.2613,114168360.0,929800.0,120.0133,120.2613,119.8753
2021-06-17,511010,国债ETF,120.1973,81763059.0,665200.0,120.2243,120.2923,120.1363
2021-06-18,511010,国债ETF,120.2923,69405615.0,564700.0,120.1973,120.3123,120.1423
2021-06-21,511010,国债ETF,120.5513,72355135.0,587900.0,120.2833,120.6013,120.2723
2021-06-22,511010,国债ETF,120.4853,74684904.0,606500.0,120.5143,120.5143,120.4303
2021-06-23,511010,国债ETF,120.4543,69480378.0,564200.0,120.4723,120.4933,120.4003
2021-06-24,511010,国债ETF,120.3713,84458400.0,686400.0,120.4923,120.4923,120.3433
2021-06-25,511010,国债ETF,120.4153,71481557.0,580800.0,120.3373,120.4423,120.3353
2021-06-28,511010,国债ETF,120.5553,80447183.0,653300.0,120.4143,120.6423,120.3653
2021-06-29,511010,国债ETF,120.7023,80499762.0,653100.0,120.5223,120.7123,120.4043
2021-06-30,511010,国债ETF,120.8473,96161907.0,778400.0,120.6723,121.0233,120.6223
2021-07-01,511010,国债ETF,120.8093,156889482.0,1270200.0,120.7973,121.0233,120.7543
2021-07-02,511010,国债ETF,120.7913,99001972.0,801700.0,120.7643,120.9163,120.7613
2021-07-05,511010,国债ETF,120.8063,70634131.0,571900.0,120.7443,120.9603,120.7423
2021-07-06,511010,国债ETF,120.8423,71614561.0,579800.0,120.8063,120.8703,120.7593
2021-07-07,511010,国债ETF,120.9793,111984037.0,906300.0,120.8543,121.1033,120.7673
2021-07-08,511010,国债ETF,121.1613,87645504.0,708000.0,120.9843,121.1743,120.9843
2021-07-09,511010,国债ETF,121.2113,97935176.0,791100.0,121.1583,121.2133,121.0853
2021-07-12,511010,国债ETF,121.2363,29390363.0,237300.0,121.2113,121.2583,121.0483
2021-07-13,511010,国债ETF,121.5363,72830634.0,586900.0,121.3153,121.6103,121.2743
2021-07-14,511010,国债ETF,121.6033,122032685.0,982800.0,121.5363,121.6423,121.3343
2021-07-15,511010,国债ETF,121.3463,110379862.0,889822.0,121.5543,121.5973,121.3143
2021-07-16,511010,国债ETF,121.4243,120099882.0,968200.0,121.3443,121.4723,121.2973
2021-07-19,511010,国债ETF,121.4383,140944292.0,1135500.0,121.3843,121.4743,121.3753
2021-07-20,511010,国债ETF,121.5283,112159690.0,902600.0,121.4593,121.7183,121.4043
2021-07-21,511010,国债ETF,121.6453,103006557.0,828500.0,121.4863,121.7043,121.4863
2021-07-22,511010,国债ETF,121.6653,109528153.0,880922.0,121.5963,121.6953,121.5353
2021-07-23,511010,国债ETF,121.7103,126521593.0,1017300.0,121.7153,121.7213,121.6033
2021-07-26,511010,国债ETF,122.0253,112942520.0,905900.0,121.7103,122.1293,121.7103
2021-07-27,511010,国债ETF,122.1803,133820130.0,1071300.0,121.9763,122.3133,121.7443
2021-07-28,511010,国债ETF,122.0453,132945988.0,1065900.0,122.2293,122.3073,121.7343
2021-07-29,511010,国债ETF,121.9703,132174089.0,1059952.0,122.0453,122.1363,121.9343
2021-07-30,511010,国债ETF,122.1503,109493541.0,877600.0,121.9703,122.1903,121.9203
2021-08-02,511010,国债ETF,122.4943,112930864.0,903400.0,122.1243,122.5443,122.1243
2021-08-03,511010,国债ETF,122.4353,107757098.0,861300.0,122.4943,122.5743,122.3703
2021-08-04,511010,国债ETF,122.3583,78541045.0,628100.0,122.3853,122.4853,122.3343
2021-08-05,511010,国债ETF,122.3083,130960671.0,1047600.0,122.3253,122.3743,122.2343
2021-08-06,511010,国债ETF,122.3433,112004260.0,896100.0,122.3083,122.3783,121.2623
2021-08-09,511010,国债ETF,122.0553,115187299.0,923200.0,122.3833,122.3833,122.0393
2021-08-10,511010,国债ETF,121.9393,106478894.0,854200.0,122.0493,122.1023,121.9243
2021-08-11,511010,国债ETF,121.8173,154896986.0,1244800.0,121.9393,121.9883,121.7243
2021-08-12,511010,国债ETF,121.9243,84263864.0,676400.0,121.7683,121.9993,121.7683
2021-08-13,511010,国债ETF,122.1563,102357105.0,819900.0,121.8673,122.2543,121.8573
2021-08-16,511010,国债ETF,122.1513,100475774.0,804600.0,122.1533,122.3023,122.1063
2021-08-17,511010,国债ETF,122.3493,114645312.0,917800.0,122.1473,122.4233,122.0893
2021-08-18,511010,国债ETF,122.4263,125674691.0,1005000.0,122.3443,122.5093,122.2233
2021-08-19,511010,国债ETF,122.4123,93889240.0,750500.0,122.4633,122.5633,122.3763
2021-08-20,511010,国债ETF,122.4903,171450933.0,1369700.0,122.3983,122.5873,122.3803
2021-08-23,511010,国债ETF,122.4163,106536533.0,851700.0,122.4413,122.5403,122.3823
2021-08-24,511010,国债ETF,122.3643,121411801.0,972000.0,122.3773,122.4143,122.1333
2021-08-25,511010,国债ETF,122.4093,102385719.0,818400.0,122.3143,122.5593,122.2393
2021-08-26,511010,国债ETF,122.1013,89386469.0,715900.0,122.3773,122.4593,121.9523
2021-08-27,511010,国债ETF,122.1393,110267247.0,883700.0,122.2493,122.2493,122.0443
2021-08-30,511010,国债ETF,122.1843,129905804.0,1040400.0,122.1143,122.2603,122.0123
2021-08-31,511010,国债ETF,122.3573,109758305.0,878000.0,122.1843,122.3643,122.1843
2021-09-01,511010,国债ETF,122.4243,124662797.0,996300.0,122.3243,122.4803,122.3143
2021-09-02,511010,国债ETF,122.4173,95890221.0,766500.0,122.3893,122.4643,122.3493
2021-09-03,511010,国债ETF,122.4523,87449661.0,699100.0,122.4163,122.4593,122.3683
2021-09-06,511010,国债ETF,122.3483,95122405.0,760500.0,122.4043,122.4673,122.3313
2021-09-07,511010,国债ETF,122.2523,173369045.0,1387500.0,122.3143,122.3343,122.2343
2021-09-08,511010,国债ETF,122.2173,120703922.0,966200.0,122.2533,122.2683,122.2143
2021-09-09,511010,国债ETF,122.2313,77562818.0,621100.0,122.2243,122.2573,122.1823
2021-09-10,511010,国债ETF,122.2293,93705668.0,750100.0,122.2323,122.2873,122.1993
2021-09-13,511010,国债ETF,122.1833,109059726.0,873300.0,122.2133,122.2433,122.1813
2021-09-14,511010,国债ETF,122.1163,81058481.0,649500.0,122.1903,122.2033,122.0893
2021-09-15,511010,国债ETF,122.1393,98335421.0,787707.0,122.1343,122.2193,122.0943
2021-09-16,511010,国债ETF,121.9743,101588559.0,814969.0,122.0143,122.1133,121.9063
2021-09-17,511010,国债ETF,122.0823,100027667.0,802100.0,122.0243,122.0933,121.9243
2021-09-22,511010,国债ETF,122.1453,74760142.0,598900.0,122.0593,122.2503,122.0593
2021-09-23,511010,国债ETF,122.3103,73996625.0,592200.0,122.1953,122.4193,122.1803
2021-09-24,511010,国债ETF,122.2993,76488458.0,611900.0,122.2823,122.3863,122.2823
2021-09-27,511010,国债ETF,122.2953,83108027.0,665000.0,122.3093,122.3593,122.2843
2021-09-28,511010,国债ETF,122.3133,65250839.0,521800.0,122.2853,122.4223,122.2433
2021-09-29,511010,国债ETF,122.6153,94742499.0,757500.0,122.3043,122.6623,122.2673
2021-09-30,511010,国债ETF,122.6733,71558947.0,570700.0,122.5353,122.8183,122.5353
2021-10-08,511010,国债ETF,122.4723,79252284.0,633200.0,122.6723,122.7213,122.4163
2021-10-11,511010,国债ETF,122.3143,89820679.0,718400.0,122.4743,122.5123,122.2573
2021-10-12,511010,国债ETF,122.1303,70413065.0,563732.0,122.3143,122.4043,122.1243
2021-10-13,511010,国债ETF,122.0843,66206892.0,530600.0,122.1343,122.1803,122.0643
2021-10-14,511010,国债ETF,122.1133,73613610.0,589900.0,122.1013,122.1593,122.0813
2021-10-15,511010,国债ETF,122.0943,106313038.0,852500.0,122.1543,122.1543,121.9303
2021-10-18,511010,国债ETF,121.7163,82626370.0,664364.0,122.0963,122.0963,121.5283
2021-10-19,511010,国债ETF,121.7043,84416279.0,678700.0,121.7233,121.7543,121.6083
2021-10-20,511010,国债ETF,121.7443,62556055.0,502900.0,121.7193,121.7723,121.6693
2021-10-21,511010,国债ETF,121.9223,85114249.0,683800.0,121.7543,121.9283,121.7253
2021-10-22,511010,国债ETF,121.7773,92855030.0,746000.0,121.7853,121.9243,121.7343
2021-10-25,511010,国债ETF,121.8043,74998116.0,602500.0,121.8263,121.8263,121.7283
2021-10-26,511010,国债ETF,121.8973,61618565.0,494600.0,121.8543,121.9223,121.7913
2021-10-27,511010,国债ETF,121.9333,68022029.0,545900.0,121.9123,121.9633,121.9083
2021-10-28,511010,国债ETF,121.9133,80652320.0,647200.0,121.8943,121.9463,121.8743
2021-10-29,511010,国债ETF,122.0103,60194854.0,483000.0,121.9643,122.0143,121.9113
2021-11-01,511010,国债ETF,122.1013,102968337.0,825500.0,122.0043,122.1043,121.9653
2021-11-02,511010,国债ETF,122.2023,75852844.0,607600.0,122.0553,122.2123,122.0513
2021-11-03,511010,国债ETF,122.3003,85603472.0,684900.0,122.1863,122.3563,122.1763
2021-11-04,511010,国债ETF,122.2563,86161613.0,689700.0,122.3003,122.3093,122.2393
2021-11-05,511010,国债ETF,122.3843,77329025.0,618400.0,122.3063,122.4833,122.3063
2021-11-08,511010,国债ETF,122.4973,67080913.0,535800.0,122.3843,122.6603,122.3843
2021-11-09,511010,国债ETF,122.3893,81990783.0,655700.0,122.4973,122.5033,122.3093
2021-11-10,511010,国债ETF,122.5523,53439882.0,426800.0,122.3953,122.5623,122.3953
2021-11-11,511010,国债ETF,122.5173,83426823.0,666300.0,122.5633,122.5723,122.4903
2021-11-12,511010,国债ETF,122.3793,104319462.0,834000.0,122.4673,122.5093,122.3253
2021-11-15,511010,国债ETF,122.4733,64326157.0,514100.0,122.4633,122.4863,122.3583
2021-11-16,511010,国债ETF,122.5213,56898299.0,454400.0,122.4733,122.5673,122.4733
2021-11-17,511010,国债ETF,122.5233,110293399.0,881000.0,122.5183,122.5893,122.4743
2021-11-18,511010,国债ETF,122.6053,103301120.0,824800.0,122.5153,122.6943,122.5153
2021-11-19,511010,国债ETF,122.5323,60336166.0,481300.0,122.6123,122.7223,122.5003
2021-11-22,511010,国债ETF,122.5803,86163449.0,687900.0,122.5323,122.6123,122.5323
2021-11-23,511010,国债ETF,122.5823,79750301.0,636700.0,122.5873,122.5903,122.5553
2021-11-24,511010,国债ETF,122.6733,80066503.0,638700.0,122.5893,122.7023,122.5893
2021-11-25,511010,国债ETF,122.7443,91956964.0,733300.0,122.6473,122.8143,122.6473
2021-11-26,511010,国债ETF,122.9983,50763112.0,403900.0,122.7493,123.1423,122.7483
2021-11-29,511010,国债ETF,122.8353,91275891.0,727000.0,122.9943,123.0223,122.8253
2021-11-30,511010,国债ETF,122.8533,86588203.0,689700.0,122.8363,122.8853,122.7943
2021-12-01,511010,国债ETF,122.7943,86463011.0,689100.0,122.8603,122.9033,122.7833
2021-12-02,511010,国债ETF,122.7283,24888292.0,198400.0,122.8243,122.8243,122.7243
2021-12-03,511010,国债ETF,122.5543,14162818.0,113000.0,122.7283,122.7613,122.5533
2021-12-06,511010,国债ETF,122.8053,49248577.0,392400.0,122.6133,122.8693,122.6133
2021-12-07,511010,国债ETF,122.7483,23280987.0,185500.0,122.8103,122.8463,122.7483
2021-12-08,511010,国债ETF,122.7793,7477002.0,59600.0,122.7483,122.7973,122.7483
2021-12-09,511010,国债ETF,122.7343,19578653.0,156100.0,122.7823,122.8223,122.7133
2021-12-10,511010,国债ETF,122.8133,14203939.0,113200.0,122.7393,122.8323,122.7343
2021-12-13,511010,国债ETF,122.8093,11520290.0,91800.0,122.8133,122.8453,122.7873
2021-12-14,511010,国债ETF,123.0063,76835698.0,611000.0,122.8123,123.2013,122.8123
2021-12-15,511010,国债ETF,123.0173,26266703.0,209000.0,123.0073,123.1213,122.9633
2021-12-16,511010,国债ETF,122.9783,8382227.0,66700.0,123.0673,123.0673,122.9693
2021-12-17,511010,国债ETF,123.1543,16847021.0,134000.0,122.9783,123.1633,122.9783
2021-12-20,511010,国债ETF,123.1303,10317453.0,82000.0,123.1463,123.2233,123.0663
2021-12-21,511010,国债ETF,123.0793,7494418.0,59600.0,123.0803,123.0983,123.0303
2021-12-22,511010,国债ETF,123.1533,22210128.0,176600.0,123.0763,123.1823,123.0333
2021-12-23,511010,国债ETF,123.1833,8734789.0,69400.0,123.1603,123.2633,123.1043
2021-12-24,511010,国债ETF,123.1743,23593294.0,187400.0,123.1353,123.3373,123.1353
2021-12-27,511010,国债ETF,123.2853,19246403.0,152800.0,123.1743,123.3483,123.1743
2021-12-28,511010,国债ETF,123.3453,4522798.0,35900.0,123.2543,123.3633,123.2353
2021-12-29,511010,国债ETF,123.3763,18176904.0,144200.0,123.2953,123.4543,123.2953
2021-12-30,511010,国债ETF,123.6963,61200695.0,484500.0,123.3823,123.7233,123.3823
2021-12-31,511010,国债ETF,123.8033,17707152.0,140000.0,123.6943,123.8843,123.6863
2022-01-04,511010,国债ETF,123.7423,8417527.0,66600.0,123.7533,123.7593,123.6073
2022-01-05,511010,国债ETF,123.6073,14983403.0,118600.0,123.7423,123.7423,123.5833
2022-01-06,511010,国债ETF,123.5383,10337522.0,81900.0,123.6073,123.6073,123.4873
2022-01-07,511010,国债ETF,123.5483,14504427.0,114900.0,123.5383,123.5873,123.5303
2022-01-10,511010,国债ETF,123.6923,21403006.0,169500.0,123.5483,123.6923,123.5443
2022-01-11,511010,国债ETF,123.8643,13925870.0,110100.0,123.6923,123.9413,123.6843
2022-01-12,511010,国债ETF,123.9123,13208453.0,104400.0,123.8793,123.9123,123.7903
2022-01-13,511010,国债ETF,123.8973,7416025.0,58600.0,123.9043,123.9233,123.7783
2022-01-14,511010,国债ETF,124.1933,21200441.0,167300.0,123.8973,124.1933,123.8973
2022-01-17,511010,国债ETF,124.1563,28884913.0,227600.0,124.0763,124.3383,124.0763
2022-01-18,511010,国债ETF,124.5223,29459727.0,232000.0,124.1743,124.5553,124.1603
2022-01-19,511010,国债ETF,124.4623,37633835.0,295600.0,124.5633,124.6963,124.4313
2022-01-20,511010,国债ETF,124.4403,26919787.0,211800.0,124.4793,124.4883,124.3933
2022-01-21,511010,国债ETF,124.7503,25210579.0,198000.0,124.4423,124.7583,124.4423
2022-01-24,511010,国债ETF,125.1993,32871876.0,257200.0,124.7903,125.3233,124.7903
2022-01-25,511010,国债ETF,125.1663,24909050.0,194811.0,124.9243,125.3223,124.9243
2022-01-26,511010,国债ETF,124.5833,100562375.0,788500.0,125.1173,125.1663,124.5113
2022-01-27,511010,国债ETF,124.5303,64798638.0,509300.0,124.5933,124.7233,124.5043
2022-01-28,511010,国债ETF,124.7883,80940363.0,635700.0,124.5393,124.7933,124.5303
2022-02-07,511010,国债ETF,124.6773,81315970.0,638600.0,124.7943,124.8233,124.6093
2022-02-08,511010,国债ETF,124.8283,65237132.0,511600.0,124.6843,124.8783,124.6773
2022-02-09,511010,国债ETF,124.8953,52382799.0,410400.0,124.8343,125.0633,124.7853
2022-02-10,511010,国债ETF,125.0113,58524845.0,458500.0,124.8823,125.0213,124.8453
2022-02-11,511010,国债ETF,124.4703,72651600.0,570600.0,124.9613,124.9613,124.4433
2022-02-14,511010,国债ETF,124.3593,52854589.0,415800.0,124.4493,124.5043,124.3583
2022-02-15,511010,国债ETF,124.3613,54212899.0,426900.0,124.3473,124.3933,124.2483
2022-02-16,511010,国债ETF,124.4583,49541137.0,389800.0,124.3573,124.4763,124.3153
2022-02-17,511010,国债ETF,124.4693,52707908.0,414500.0,124.3443,124.5623,124.3443
2022-02-18,511010,国债ETF,124.3913,78556397.0,618100.0,124.4143,124.5183,124.3493
2022-02-21,511010,国债ETF,124.1093,51653698.0,407000.0,124.3473,124.3473,124.0773
2022-02-22,511010,国债ETF,124.0403,67401535.0,531700.0,124.0573,124.1303,123.9833
2022-02-23,511010,国债ETF,124.1733,56938473.0,449100.0,124.0403,124.1743,124.0303
2022-02-24,511010,国债ETF,124.2173,52712379.0,415400.0,124.1493,124.2753,124.1493
2022-02-25,511010,国债ETF,124.2943,48693896.0,383600.0,124.2483,124.3133,123.9833
2022-02-28,511010,国债ETF,124.3373,46876875.0,369100.0,124.2943,124.4223,124.2453
2022-03-01,511010,国债ETF,124.1183,34416968.0,271200.0,124.3373,124.3383,124.1083
2022-03-02,511010,国债ETF,124.0613,50854002.0,401300.0,124.1213,124.1213,124.0163
2022-03-03,511010,国债ETF,124.0673,51670870.0,407500.0,124.0553,124.2543,124.0143
2022-03-04,511010,国债ETF,124.0073,69129978.0,545600.0,124.0193,124.1033,123.9563
2022-03-07,511010,国债ETF,124.2723,72622672.0,572400.0,124.0043,124.4123,123.9903
2022-03-08,511010,国债ETF,124.3993,61756024.0,486000.0,124.2743,124.4633,124.2703
2022-03-09,511010,国债ETF,124.1243,64677958.0,510100.0,124.4083,124.4493,124.0253
2022-03-10,511010,国债ETF,124.1763,54892836.0,432600.0,124.0793,124.3943,124.0793
2022-03-11,511010,国债ETF,124.4033,66598792.0,525000.0,124.1723,124.4333,124.0823
2022-03-14,511010,国债ETF,124.7643,90405056.0,709600.0,124.4063,124.7743,124.4063
2022-03-15,511010,国债ETF,124.2983,77966057.0,613200.0,124.7643,124.8133,124.2663
2022-03-16,511010,国债ETF,124.2343,66740416.0,526000.0,124.6943,124.6943,124.1153
2022-03-17,511010,国债ETF,124.2583,53732186.0,423300.0,124.2273,124.3313,124.1963
2022-03-18,511010,国债ETF,124.4293,71750641.0,564500.0,124.2583,124.4843,124.2583
2022-03-21,511010,国债ETF,124.3793,52491673.0,413100.0,124.4293,124.5023,124.3033
2022-03-22,511010,国债ETF,124.2343,61636806.0,485600.0,124.3303,124.3303,124.1843
2022-03-23,511010,国债ETF,124.2753,66194962.0,521300.0,124.2323,124.5413,124.1843
2022-03-24,511010,国债ETF,124.3793,60916391.0,479500.0,124.2663,124.4943,124.2143
2022-03-25,511010,国债ETF,124.4843,36334168.0,285600.0,124.4183,124.6243,124.3803
2022-03-28,511010,国债ETF,124.4893,64790784.0,509000.0,124.5343,124.6743,124.4803
2022-03-29,511010,国债ETF,124.4313,59873383.0,470700.0,124.5243,124.7143,124.4263
2022-03-30,511010,国债ETF,124.4013,63164573.0,496900.0,124.4313,124.5213,124.3833
2022-03-31,511010,国债ETF,124.3003,69676964.0,548301.0,124.3883,124.5123,124.2823
2022-04-01,511010,国债ETF,124.4583,45829156.0,360500.0,124.3003,124.4903,124.3003
2022-04-06,511010,国债ETF,124.5743,102610899.0,806222.0,124.4933,124.7143,124.4933
2022-04-07,511010,国债ETF,124.7193,94186293.0,739500.0,124.5743,124.8133,124.5743
2022-04-08,511010,国债ETF,124.8903,70130742.0,549700.0,124.7243,124.9833,124.7193
2022-04-11,511010,国债ETF,124.6343,81823349.0,641900.0,124.8903,124.9713,124.6123
2022-04-12,511010,国债ETF,124.6813,71053222.0,557501.0,124.6473,124.8793,124.6383
2022-04-13,511010,国债ETF,124.7183,82155814.0,644800.0,124.6813,124.8103,124.5863
2022-04-14,511010,国债ETF,124.9193,97900502.0,766700.0,124.7683,125.1243,124.7673
2022-04-15,511010,国债ETF,124.8073,50875287.0,398700.0,124.9193,124.9923,124.7773
2022-04-18,511010,国债ETF,124.6593,37918580.0,297700.0,124.8073,124.8073,124.6343
2022-04-19,511010,国债ETF,124.7083,68188943.0,535300.0,124.6743,124.7833,124.6603
2022-04-20,511010,国债ETF,124.7443,67409206.0,529400.0,124.7583,124.7583,124.5683
2022-04-21,511010,国债ETF,124.6343,85372674.0,670200.0,124.7443,124.7733,124.6293
2022-04-22,511010,国债ETF,124.6023,67279300.0,528200.0,124.6343,124.7293,124.5843
2022-04-25,511010,国债ETF,124.6093,62053524.0,487200.0,124.6023,124.7253,124.5873
2022-04-26,511010,国债ETF,124.6813,95136917.0,747000.0,124.6123,124.7183,124.6093
2022-04-27,511010,国债ETF,124.6403,102212357.0,802600.0,124.6713,124.7273,124.6243
2022-04-28,511010,国债ETF,124.5723,94555826.0,742800.0,124.6473,124.7233,124.5583
2022-04-29,511010,国债ETF,124.7033,130860314.0,1027700.0,124.5723,124.7223,124.5523
2022-05-05,511010,国债ETF,124.7043,95755914.0,751800.0,124.7033,124.7473,124.6533
2022-05-06,511010,国债ETF,124.6093,122062401.0,958500.0,124.7043,124.9033,124.5243
2022-05-09,511010,国债ETF,124.6913,99692229.0,782700.0,124.6133,124.7243,124.6133
2022-05-10,511010,国债ETF,124.9533,100561565.0,788200.0,124.7233,124.9733,124.6923
2022-05-11,511010,国债ETF,124.8563,129375993.0,1014100.0,125.0033,125.0033,124.8253
2022-05-12,511010,国债ETF,124.9243,124933745.0,978600.0,124.8253,125.0753,124.8103
2022-05-13,511010,国债ETF,125.0323,112964752.0,884600.0,124.9443,125.1593,124.9373
2022-05-16,511010,国债ETF,125.0173,119143841.0,933100.0,124.9823,125.0803,124.9753
2022-05-17,511010,国债ETF,125.1663,132971772.0,1040320.0,125.0003,125.2343,125.0003
2022-05-18,511010,国债ETF,125.364299999,135278803.0,1057000.0,125.1943,125.4693,125.1223
2022-05-19,511010,国债ETF,125.2603,129952882.0,1015700.0,125.4133,125.5173,125.1043
2022-05-20,511010,国债ETF,125.1913,119067277.0,931200.0,125.2243,125.3843,125.0983
2022-05-23,511010,国债ETF,125.2463,108817769.0,850600.0,125.1443,125.3443,125.1443
2022-05-24,511010,国债ETF,125.3083,132561823.0,1035400.0,125.2453,125.5943,125.2053
2022-05-25,511010,国债ETF,125.4083,113085543.0,882600.0,125.358299999,125.554299999,125.2993
2022-05-26,511010,国债ETF,125.6403,127935143.0,997100.0,125.458299999,125.6683,125.452299999
2022-05-27,511010,国债ETF,125.4243,87199020.0,680200.0,125.6403,125.6883,125.3623
2022-05-30,511010,国债ETF,125.2743,128883670.0,1006800.0,125.375299999,125.4733,125.2503
2022-05-31,511010,国债ETF,125.1553,108028623.0,845100.0,125.2743,125.3233,125.0903
2022-06-01,511010,国债ETF,125.1193,156941531.0,1228200.0,125.1293,125.2633,125.0403
2022-06-02,511010,国债ETF,125.0983,144180780.0,1128200.0,125.1643,125.1643,125.0483
2022-06-06,511010,国债ETF,125.1393,133351099.0,1043500.0,125.0983,125.1543,125.0683
2022-06-07,511010,国债ETF,125.1333,124680427.0,975500.0,125.1743,125.1743,125.1103
2022-06-08,511010,国债ETF,125.1033,121102489.0,947700.0,125.1243,125.1633,125.0833
2022-06-09,511010,国债ETF,125.1243,196295088.0,1536000.0,125.0883,125.1243,125.0883
2022-06-10,511010,国债ETF,125.0783,125141934.0,979400.0,125.1283,125.2033,125.0343
2022-06-13,511010,国债ETF,125.0723,238572171.0,1867600.0,125.0383,125.0733,125.0283
2022-06-14,511010,国债ETF,125.0113,181604993.0,1422600.0,125.0663,125.0663,124.9443
2022-06-15,511010,国债ETF,124.9543,231800903.0,1815400.0,125.0143,125.0953,124.8853
2022-06-16,511010,国债ETF,124.9493,184770287.0,1446900.0,124.9953,125.0663,124.9043
2022-06-17,511010,国债ETF,125.0543,132335944.0,1036000.0,124.9593,125.0943,124.9563
2022-06-20,511010,国债ETF,125.0383,240851807.0,1886100.0,125.0543,125.0573,124.9613
2022-06-21,511010,国债ETF,125.0213,252911439.0,1980200.0,125.0323,125.0943,124.9983
2022-06-22,511010,国债ETF,125.1163,261598921.0,2047300.0,125.0543,125.1533,125.0483
2022-06-23,511010,国债ETF,125.1163,228120598.0,1785100.0,125.1183,125.1423,125.0693
2022-06-24,511010,国债ETF,125.1233,240011603.0,1878100.0,125.1203,125.1983,125.0493
2022-06-27,511010,国债ETF,124.9313,203386671.0,1593300.0,125.1033,125.1033,124.9053
2022-06-28,511010,国债ETF,124.9463,238803766.0,1869600.0,124.9143,125.1233,124.9143
2022-06-29,511010,国债ETF,125.0453,233560820.0,1828000.0,124.9933,125.1203,124.9443
2022-06-30,511010,国债ETF,125.0493,241202296.0,1887800.0,125.0003,125.1543,124.9593
2022-07-01,511010,国债ETF,125.2313,244210170.0,1910700.0,125.0493,125.2943,125.0283
2022-07-04,511010,国债ETF,125.0103,231731995.0,1813400.0,125.2313,125.2643,124.9563
2022-07-05,511010,国债ETF,124.8923,257083337.0,2012800.0,125.0103,125.1043,124.8703
2022-07-06,511010,国债ETF,124.9293,231622532.0,1815000.0,124.8893,124.9893,124.8893
2022-07-07,511010,国债ETF,124.9373,216845484.0,1699100.0,124.9303,124.9733,124.9273
2022-07-08,511010,国债ETF,124.8803,201166294.0,1576800.0,124.9713,124.9713,124.8683
2022-07-11,511010,国债ETF,124.9253,270284134.0,2118500.0,124.9143,124.9843,124.8423
2022-07-12,511010,国债ETF,125.0013,229815325.0,1800400.0,124.9763,125.0243,124.9443
2022-07-13,511010,国债ETF,125.0773,185634178.0,1452900.0,125.0493,125.1803,124.9943
2022-07-14,511010,国债ETF,125.1763,217789366.0,1704200.0,125.1273,125.1823,125.0773
2022-07-15,511010,国债ETF,125.352299999,321133971.0,2510100.0,125.1853,125.3793,125.1853
2022-07-18,511010,国债ETF,125.2633,310824229.0,2428800.0,125.3413,125.364299999,125.1443
2022-07-19,511010,国债ETF,125.2153,284749775.0,2226700.0,125.2293,125.2943,125.1383
2022-07-20,511010,国债ETF,125.2663,323792539.0,2531600.0,125.1693,125.2743,125.1653
2022-07-21,511010,国债ETF,125.339299999,303680471.0,2372100.0,125.2653,125.4043,125.2653
2022-07-22,511010,国债ETF,125.4323,262342348.0,2049000.0,125.339299999,125.4603,125.2963
2022-07-25,511010,国债ETF,125.453299999,318322010.0,2485200.0,125.3413,125.4663,125.3253
2022-07-26,511010,国债ETF,125.5813,311096121.0,2425000.0,125.500299999,125.6843,125.429299999
2022-07-27,511010,国债ETF,125.590299999,289231234.0,2254300.0,125.5813,125.7233,125.5633
2022-07-28,511010,国债ETF,125.5643,301454805.0,2349500.0,125.595299999,125.6993,125.5413
2022-07-29,511010,国债ETF,125.8233,338127151.0,2631320.0,125.5523,126.1343,125.5523
2022-08-01,511010,国债ETF,126.018299999,245338058.0,1906500.0,125.8233,126.0223,125.7953
2022-08-02,511010,国债ETF,126.2013,350940338.0,2724200.0,126.018299999,126.2133,125.9743
2022-08-03,511010,国债ETF,126.1573,369551151.0,2868300.0,126.1923,126.2163,126.0503
2022-08-04,511010,国债ETF,126.3093,365881447.0,2836250.0,126.1573,126.4393,126.1573
2022-08-05,511010,国债ETF,126.119299999,322667817.0,2503400.0,126.3093,126.3093,126.114299999
2022-08-08,511010,国债ETF,126.1443,195352977.0,1516400.0,126.1343,126.1923,126.0943
2022-08-09,511010,国债ETF,126.0583,289938507.0,2251100.0,126.1443,126.2223,126.0333
2022-08-10,511010,国债ETF,126.1113,451131785.0,3500800.0,126.0683,126.262299999,126.0583
2022-08-11,511010,国债ETF,126.0763,258461990.0,2006800.0,126.1183,126.1743,126.0413
2022-08-12,511010,国债ETF,126.0793,283092397.0,2198400.0,126.0683,126.1663,126.0573
2022-08-15,511010,国债ETF,126.5293,345130789.0,2673900.0,126.1293,129.3243,126.1293
2022-08-16,511010,国债ETF,126.708299999,252477716.0,1951600.0,126.5733,126.8013,126.5733
2022-08-17,511010,国债ETF,126.738299999,397094081.0,3068800.0,126.7073,126.7573,126.6583
2022-08-18,511010,国债ETF,126.8243,280134507.0,2163100.0,126.7343,126.9043,126.6963
2022-08-19,511010,国债ETF,126.9133,370575260.0,2860300.0,126.8243,126.9453,126.7853
2022-08-22,511010,国债ETF,126.9193,261430027.0,2017191.0,126.8953,127.089299999,126.7933
2022-08-23,511010,国债ETF,126.8293,242251758.0,1869500.0,126.8973,127.0083,126.8293
2022-08-24,511010,国债ETF,126.7993,256321957.0,1978900.0,126.8303,126.9013,126.7913
2022-08-25,511010,国债ETF,126.715299999,343823453.0,2656000.0,126.846299999,126.863299999,126.714299999
2022-08-26,511010,国债ETF,126.6563,328591304.0,2540500.0,126.715299999,126.715299999,126.6243
2022-08-29,511010,国债ETF,126.6643,227819089.0,1761300.0,126.6593,126.7813,126.554299999
2022-08-30,511010,国债ETF,126.780299999,260431144.0,2011700.0,126.6723,126.864299999,126.6663
2022-08-31,511010,国债ETF,126.8323,389400205.0,3007500.0,126.7883,126.8493,126.7463
2022-09-01,511010,国债ETF,126.845299999,414621440.0,3201500.0,126.8233,126.869299999,126.7823
2022-09-02,511010,国债ETF,126.9993,407347513.0,3142200.0,126.8543,127.0913,126.8363
2022-09-05,511010,国债ETF,127.0533,409932280.0,3159691.0,126.8953,127.2043,126.8953
2022-09-06,511010,国债ETF,127.0093,362441164.0,2794000.0,127.0733,127.1893,126.9813
2022-09-07,511010,国债ETF,127.0153,422095671.0,3255300.0,127.0093,127.1353,126.8383
2022-09-08,511010,国债ETF,126.9673,403367671.0,3110900.0,127.0033,127.0293,126.8853
2022-09-09,511010,国债ETF,126.8563,305402882.0,2355500.0,126.9463,127.0593,126.8353
2022-09-13,511010,国债ETF,126.750299999,161017030.0,1244000.0,126.8193,126.8543,126.7253
2022-09-14,511010,国债ETF,126.637299999,432306776.0,3342200.0,126.7543,126.7993,126.6233
2022-09-15,511010,国债ETF,126.6323,412519653.0,3189300.0,126.6383,126.7243,126.590299999
2022-09-16,511010,国债ETF,126.5173,311472907.0,2410500.0,126.6123,126.631299999,126.4243
2022-09-19,511010,国债ETF,126.5323,180234189.0,1394700.0,126.4753,126.6243,126.470299999
2022-09-20,511010,国债ETF,126.6763,397237881.0,3071700.0,126.5323,126.7113,126.5233
2022-09-21,511010,国债ETF,126.702299999,354567271.0,2740700.0,126.6953,126.7823,126.6483
2022-09-22,511010,国债ETF,126.6993,397833800.0,3074600.0,126.7413,126.7523,126.6833
2022-09-23,511010,国债ETF,126.572299999,410970064.0,3178800.0,126.6543,126.6953,126.5443
2022-09-26,511010,国债ETF,126.2703,408109313.0,3161400.0,126.6483,126.6483,126.2243
2022-09-27,511010,国债ETF,126.2723,297281391.0,2305500.0,126.2223,126.3243,126.0373
2022-09-28,511010,国债ETF,126.2293,396095392.0,3071900.0,126.2723,126.3133,126.2253
2022-09-29,511010,国债ETF,126.0083,403952804.0,3135400.0,126.1803,126.2653,125.977299999
2022-09-30,511010,国债ETF,126.1043,409421344.0,3180600.0,126.0093,126.1043,125.958299999
2022-10-10,511010,国债ETF,126.3143,297401160.0,2306100.0,126.0943,126.3543,126.0943
2022-10-11,511010,国债ETF,126.483299999,287805577.0,2229800.0,126.364299999,126.5163,126.2643
2022-10-12,511010,国债ETF,126.3953,414094353.0,3206700.0,126.483299999,126.5263,126.179299999
2022-10-13,511010,国债ETF,126.482299999,343281481.0,2659200.0,126.4093,126.4843,126.3623
2022-10-14,511010,国债ETF,126.774299999,449151388.0,3474200.0,126.482299999,127.221299999,126.4433
2022-10-17,511010,国债ETF,126.589299999,411776094.0,3183500.0,126.7733,126.7733,126.5743
2022-10-18,511010,国债ETF,126.5703,454784003.0,3518982.0,126.5913,126.6293,126.452299999
2022-10-19,511010,国债ETF,126.6633,402525631.0,3113800.0,126.5803,126.6833,126.5403
2022-10-20,511010,国债ETF,126.5733,401264886.0,3103400.0,126.6643,126.6843,126.5403
2022-10-21,511010,国债ETF,126.5883,470364357.0,3638400.0,126.6183,126.6893,126.5473
2022-10-24,511010,国债ETF,126.6993,352157389.0,2722300.0,126.5883,126.7673,126.5643
2022-10-25,511010,国债ETF,126.6213,344191209.0,2662200.0,126.703299999,126.703299999,126.530299999
2022-10-26,511010,国债ETF,126.6273,433282865.0,3350800.0,126.6213,126.7013,126.5713
2022-10-27,511010,国债ETF,126.7183,297344793.0,2298100.0,126.673299999,126.7943,126.6283
2022-10-28,511010,国债ETF,126.899299999,315635739.0,2436100.0,126.7243,126.9493,126.7243
2022-10-31,511010,国债ETF,126.9923,352056010.0,2715000.0,126.8613,127.0273,126.8613
2022-11-01,511010,国债ETF,126.8613,217322545.0,1677400.0,127.042299999,127.042299999,126.8243
2022-11-02,511010,国债ETF,126.744299999,351721849.0,2718494.0,126.8503,126.8953,126.4563
2022-11-03,511010,国债ETF,126.8613,296616196.0,2291100.0,126.744299999,126.9003,126.714299999
2022-11-04,511010,国债ETF,126.7373,410255695.0,3168100.0,126.637299999,126.899299999,126.637299999
2022-11-07,511010,国债ETF,126.7363,567269168.0,4383000.0,126.7873,126.7883,126.732299999
2022-11-08,511010,国债ETF,126.7653,441124132.0,3408600.0,126.7343,126.7673,126.6983
2022-11-09,511010,国债ETF,126.834299999,85067735.0,656900.0,126.7373,126.869299999,126.7373
2022-11-10,511010,国债ETF,126.7433,413058881.0,3189400.0,126.839299999,126.8833,126.7243
2022-11-11,511010,国债ETF,126.4913,314964749.0,2434400.0,126.7253,126.792299999,126.3663
2022-11-14,511010,国债ETF,126.1453,195244758.0,1515200.0,126.4913,126.4913,126.0763
2022-11-15,511010,国债ETF,126.0043,414489033.0,3221500.0,126.095299999,126.095299999,125.833299999
2022-11-16,511010,国债ETF,125.8053,254017749.0,1973400.0,126.0023,126.1243,125.7943
2022-11-17,511010,国债ETF,125.964299999,443857348.0,3453400.0,125.8053,125.9693,125.7543
2022-11-18,511010,国债ETF,125.8943,704511154.0,5475300.0,125.9543,126.113299999,125.8293
2022-11-21,511010,国债ETF,126.1333,350061850.0,2717700.0,125.911299999,126.1843,125.911299999
2022-11-22,511010,国债ETF,126.1873,568582676.0,4412300.0,126.1243,126.429299999,125.9933
2022-11-23,511010,国债ETF,126.4073,522278259.0,4048400.0,126.179299999,126.5073,126.179299999
2022-11-24,511010,国债ETF,126.5673,831153173.0,6431500.0,126.4573,126.6573,126.4573
2022-11-25,511010,国债ETF,126.3243,597824748.0,4629400.0,126.5683,126.6163,126.3243
2022-11-28,511010,国债ETF,126.0873,575825260.0,4470400.0,126.5143,126.5143,126.0703
2022-11-29,511010,国债ETF,125.738299999,209180088.0,1627700.0,126.0743,126.0863,125.6363
2022-11-30,511010,国债ETF,125.8323,222718371.0,1733200.0,125.744299999,125.8743,125.744299999
2022-12-01,511010,国债ETF,125.9063,698693014.0,5437800.0,125.7823,125.9433,125.637299999
2022-12-02,511010,国债ETF,125.9453,655615373.0,5096600.0,125.9553,125.9993,125.9103
2022-12-05,511010,国债ETF,125.8883,869890296.0,6764700.0,125.9063,125.9673,125.8563
2022-12-06,511010,国债ETF,125.7553,1221634398.0,9507700.0,125.839299999,125.8863,125.7303
2022-12-07,511010,国债ETF,125.679299999,388517532.0,3026300.0,125.786299999,125.7933,125.6713
2022-12-08,511010,国债ETF,125.8653,698700720.0,5438400.0,125.6873,125.9423,125.6873
2022-12-09,511010,国债ETF,125.7553,602365771.0,4686600.0,125.839299999,125.9343,125.7253
2022-12-12,511010,国债ETF,125.7763,1014609625.0,7899200.0,125.780299999,125.804299999,125.7413
2022-12-13,511010,国债ETF,125.4793,914898300.0,7126100.0,125.7883,125.7893,125.4443
2022-12-14,511010,国债ETF,125.744299999,289146454.0,2251800.0,125.4793,125.7943,125.4793
2022-12-15,511010,国债ETF,125.8253,327312216.0,2546300.0,125.780299999,125.9043,125.7343
2022-12-16,511010,国债ETF,125.7933,317606149.0,2471400.0,125.7773,125.8733,125.7243
2022-12-19,511010,国债ETF,125.9813,391532056.0,3042800.0,125.8433,126.024299999,125.8433
2022-12-20,511010,国债ETF,125.9933,556390347.0,4323100.0,125.994299999,126.0933,125.9853
2022-12-21,511010,国债ETF,125.923299999,314422271.0,2445000.0,125.9933,125.9933,125.8233
2022-12-22,511010,国债ETF,125.964299999,352203741.0,2738000.0,125.923299999,125.9853,125.923299999
2022-12-23,511010,国债ETF,126.0023,693636787.0,5392200.0,125.9733,126.0133,125.9573
2022-12-26,511010,国债ETF,125.9513,362789592.0,2820800.0,126.0043,126.0523,125.9083
2022-12-27,511010,国债ETF,125.965299999,386479789.0,3001000.0,125.9503,126.119299999,125.9343
2022-12-28,511010,国债ETF,126.1503,307715795.0,2389500.0,126.0143,126.1583,125.9743
2022-12-29,511010,国债ETF,126.221299999,528951266.0,4104900.0,126.1503,126.2783,126.1243
2022-12-30,511010,国债ETF,126.4283,28133131.0,217900.0,126.2713,126.6163,126.2243
2023-01-03,511010,国债ETF,126.3913,836731628.0,6477600.0,126.4783,126.5393,126.3803
2023-01-04,511010,国债ETF,126.6123,380604147.0,2946500.0,126.3783,126.714299999,126.3553
2023-01-05,511010,国债ETF,126.5453,462246443.0,3576100.0,126.6123,126.6573,126.5203
2023-01-06,511010,国债ETF,126.2813,406829194.0,3153300.0,126.595299999,126.595299999,126.2753
2023-01-09,511010,国债ETF,126.2843,357056494.0,2768800.0,126.280299999,126.3433,126.268299999
2023-01-10,511010,国债ETF,126.209299999,439056191.0,3405946.0,126.2813,126.2973,126.179299999
2023-01-11,511010,国债ETF,126.0743,448467430.0,3483195.0,126.209299999,126.209299999,126.042299999
2023-01-12,511010,国债ETF,126.1093,556077360.0,4317000.0,126.0623,126.1453,126.0623
2023-01-13,511010,国债ETF,126.137299999,718060483.0,5575100.0,126.1443,126.1583,126.0593
2023-01-16,511010,国债ETF,126.0343,215203731.0,1672000.0,126.1103,126.1113,126.0043
2023-01-17,511010,国债ETF,126.0433,445342878.0,3460046.0,126.0343,126.0563,126.0153
2023-01-18,511010,国债ETF,126.024299999,565976119.0,4395500.0,126.0553,126.1343,125.994299999
2023-01-19,511010,国债ETF,126.0533,635202640.0,4935500.0,126.024299999,126.054299999,125.994299999
2023-01-20,511010,国债ETF,126.1783,56155476.0,436100.0,126.102299999,126.1813,126.0553
2023-01-30,511010,国债ETF,126.1783,578274147.0,4487700.0,126.1783,126.2183,126.1153
2023-01-31,511010,国债ETF,126.1623,481491718.0,3736800.0,126.1783,126.2303,126.054299999
2023-02-01,511010,国债ETF,126.2113,436211692.0,3384800.0,126.1653,126.2483,126.155299999
2023-02-02,511010,国债ETF,126.2963,302898711.0,2349600.0,126.2113,126.3113,126.1923
2023-02-03,511010,国债ETF,126.3423,443810960.0,3439400.0,126.2963,126.364299999,126.2963
2023-02-06,511010,国债ETF,126.280299999,281434132.0,2182000.0,126.3433,126.3913,126.2253
2023-02-07,511010,国债ETF,126.2993,641336162.0,4972900.0,126.292299999,126.3073,126.2513
2023-02-08,511010,国债ETF,126.3423,1001281564.0,7759900.0,126.3233,126.3843,126.2993
2023-02-09,511010,国债ETF,126.352299999,757320802.0,5870400.0,126.3443,126.3743,126.3113
2023-02-10,511010,国债ETF,126.4033,575246171.0,4456900.0,126.3533,126.4083,126.3533
2023-02-13,511010,国债ETF,126.4133,447465052.0,3465900.0,126.423299999,126.452299999,126.4033
2023-02-14,511010,国债ETF,126.417299999,1127146905.0,8731100.0,126.405299999,126.441299999,126.370299999
2023-02-15,511010,国债ETF,126.423299999,678053550.0,5253000.0,126.4213,126.4663,126.3773
2023-02-16,511010,国债ETF,126.411299999,197081412.0,1526300.0,126.4243,126.464299999,126.3733
2023-02-17,511010,国债ETF,126.4263,450045924.0,3485800.0,126.4243,126.458299999,126.3803
2023-02-20,511010,国债ETF,126.3323,397390564.0,3078502.0,126.4683,126.476299999,126.3243
2023-02-21,511010,国债ETF,126.2913,614015767.0,4760200.0,126.3323,126.3323,126.2823
2023-02-22,511010,国债ETF,126.316299999,175907187.0,1363600.0,126.3003,126.3733,126.3003
2023-02-23,511010,国债ETF,126.3143,476460250.0,3693700.0,126.3153,126.3543,126.304299999
2023-02-24,511010,国债ETF,126.3173,305451613.0,2367800.0,126.3623,126.3623,126.3143
2023-02-27,511010,国债ETF,126.2963,318482262.0,2469000.0,126.3173,126.3563,126.245299999
2023-02-28,511010,国债ETF,126.2783,478467792.0,3709300.0,126.345299999,126.345299999,126.2473
2023-03-01,511010,国债ETF,126.2873,806801213.0,6255220.0,126.280299999,126.3153,126.280299999
2023-03-02,511010,国债ETF,126.3153,71505720.0,554410.0,126.3013,126.3353,126.2843
2023-03-03,511010,国债ETF,126.298299999,244311120.0,1894310.0,126.3143,126.3253,126.2773
2023-03-06,511010,国债ETF,126.387299999,299591651.0,2321810.0,126.2853,126.3923,126.2853
2023-03-07,511010,国债ETF,126.4873,75427720.0,584200.0,126.387299999,126.4933,126.3803
2023-03-08,511010,国债ETF,126.5563,234135700.0,1811600.0,126.4903,126.5873,126.4423
2023-03-09,511010,国债ETF,126.5753,220584742.0,1706600.0,126.5593,126.5933,126.5593
2023-03-10,511010,国债ETF,126.6243,387949673.0,3000500.0,126.5853,126.6663,126.554299999
2023-03-13,511010,国债ETF,126.619299999,233153691.0,1802800.0,126.5823,126.6703,126.5823
2023-03-14,511010,国债ETF,126.6623,428180717.0,3310800.0,126.619299999,126.6813,126.596299999
2023-03-15,511010,国债ETF,126.631299999,276046248.0,2134900.0,126.6303,126.6623,126.620299999
2023-03-16,511010,国债ETF,126.6903,280565651.0,2168900.0,126.6363,126.6993,126.6363
2023-03-17,511010,国债ETF,126.7603,307508621.0,2375900.0,126.6663,126.7913,126.6413
2023-03-20,511010,国债ETF,126.845299999,384822322.0,2970600.0,126.810299999,126.8883,126.7243
2023-03-21,511010,国债ETF,126.7833,324455752.0,2505400.0,126.8953,126.8953,126.7243
2023-03-22,511010,国债ETF,126.7773,416345391.0,3217000.0,126.7523,126.8243,126.6773
2023-03-23,511010,国债ETF,126.7513,393736141.0,3041700.0,126.7363,126.8183,126.7313
2023-03-24,511010,国债ETF,126.697299999,495143000.0,3825100.0,126.7313,126.7933,126.6743
2023-03-27,511010,国债ETF,126.7073,135275008.0,1045500.0,126.697299999,126.739299999,126.608299999
2023-03-28,511010,国债ETF,126.7313,252609750.0,1952000.0,126.709299999,126.7533,126.709299999
2023-03-29,511010,国债ETF,126.7593,575964626.0,4449300.0,126.7733,126.7813,126.6923
2023-03-30,511010,国债ETF,126.7943,234813430.0,1813400.0,126.7243,126.834299999,126.7243
2023-03-31,511010,国债ETF,126.804299999,438278396.0,3383800.0,126.8443,126.8743,126.7943
2023-04-03,511010,国债ETF,126.7943,858684593.0,6632500.0,126.8053,126.8543,126.7753
2023-04-04,511010,国债ETF,126.8383,521251685.0,4025800.0,126.774299999,126.8383,126.745299999
2023-04-06,511010,国债ETF,126.8783,498720583.0,3849700.0,126.834299999,126.8843,126.8233
2023-04-07,511010,国债ETF,126.911299999,485104728.0,3744100.0,126.8623,126.9143,126.8503
2023-04-10,511010,国债ETF,127.0213,333953672.0,2576000.0,126.911299999,127.1043,126.8983
2023-04-11,511010,国债ETF,127.066299999,502848404.0,3875294.0,127.0213,127.1993,126.9723
2023-04-12,511010,国债ETF,127.0993,218679971.0,1685000.0,127.0653,127.1163,127.0653
2023-04-13,511010,国债ETF,127.0703,400369521.0,3085000.0,127.0993,127.149299999,127.0493
2023-04-14,511010,国债ETF,127.0353,263055562.0,2027600.0,127.090299999,127.090299999,127.0213
2023-04-17,511010,国债ETF,127.0073,380724162.0,2935600.0,127.0343,127.0693,126.988299999
2023-04-18,511010,国债ETF,127.060299999,594485236.0,4582800.0,126.9983,127.0673,126.9933
2023-04-19,511010,国债ETF,127.1363,229741690.0,1769900.0,127.0593,127.2303,127.0593
2023-04-20,511010,国债ETF,127.1163,373608235.0,2878100.0,127.125299999,127.1473,127.0463
2023-04-21,511010,国债ETF,127.1753,321034926.0,2472600.0,127.1163,127.1813,127.1163
2023-04-24,511010,国债ETF,127.208299999,455448043.0,3506265.0,127.173299999,127.2993,127.1623
2023-04-25,511010,国债ETF,127.2183,408847633.0,3147700.0,127.2103,127.2583,127.1863
2023-04-26,511010,国债ETF,127.2193,364590936.0,2806700.0,127.2183,127.2533,127.1883
2023-04-27,511010,国债ETF,127.4023,270325325.0,2078900.0,127.2343,127.4143,127.2343
2023-04-28,511010,国债ETF,127.459299999,320591751.0,2463934.0,127.4163,127.494299999,127.357299999
2023-05-04,511010,国债ETF,127.5713,253466721.0,1946100.0,127.5093,127.6093,127.4603
2023-05-05,511010,国债ETF,127.8033,315989504.0,2422600.0,127.5713,127.8363,127.5223
2023-05-08,511010,国债ETF,127.739299999,96275702.0,738200.0,127.7993,127.834299999,127.697299999
2023-05-09,511010,国债ETF,127.7873,267672810.0,2051600.0,127.7873,127.8943,127.7253
2023-05-10,511010,国债ETF,127.9573,336510386.0,2576600.0,127.7913,127.964299999,127.7913
2023-05-11,511010,国债ETF,128.1353,437941268.0,3349100.0,128.0743,128.2223,128.0093
2023-05-12,511010,国债ETF,128.0643,178576886.0,1365500.0,128.1333,128.2043,128.0273
2023-05-15,511010,国债ETF,128.1343,200415198.0,1531800.0,128.0733,128.256299999,128.0733
2023-05-16,511010,国债ETF,128.0643,303530877.0,2321600.0,128.1323,128.1343,128.0443
2023-05-17,511010,国债ETF,128.0523,453442925.0,3468500.0,128.0713,128.1103,128.0163
2023-05-18,511010,国债ETF,128.012299999,385304464.0,2949100.0,128.0523,128.0523,127.851299999
2023-05-19,511010,国债ETF,128.0983,179691762.0,1374612.0,127.9973,128.1043,127.9723
2023-05-22,511010,国债ETF,128.2593,534641899.0,4084700.0,128.1003,128.2653,128.0993
2023-05-23,511010,国债ETF,128.584299999,318730703.0,2430800.0,128.2943,128.625299999,128.2603
2023-05-24,511010,国债ETF,128.5073,446224481.0,3402100.0,128.6243,128.625299999,128.4063
2023-05-25,511010,国债ETF,128.3443,427920134.0,3265900.0,128.5103,128.5103,128.3033
2023-05-26,511010,国债ETF,128.3383,622821176.0,4751200.0,128.3843,128.4733,128.3243
2023-05-29,511010,国债ETF,128.3683,309136094.0,2361000.0,128.292299999,128.4103,128.1243
2023-05-30,511010,国债ETF,128.4743,438790462.0,3346200.0,128.3843,128.5143,128.3843
2023-05-31,511010,国债ETF,128.542299999,493565554.0,3761800.0,128.4743,128.625299999,128.4743
2023-06-01,511010,国债ETF,128.6503,373875153.0,2847700.0,128.4963,128.6723,128.4963
2023-06-02,511010,国债ETF,128.4723,433163511.0,3298500.0,128.6653,128.679299999,128.4003
2023-06-05,511010,国债ETF,128.6033,108493412.0,826500.0,128.4243,128.6233,128.4243
2023-06-06,511010,国债ETF,128.6523,304476578.0,2318600.0,128.6033,128.6713,128.6033
2023-06-07,511010,国债ETF,128.7773,426881688.0,3248100.0,128.7003,128.7813,128.6583
2023-06-08,511010,国债ETF,128.7173,371697104.0,2828200.0,128.7773,128.7843,128.6743
2023-06-09,511010,国债ETF,128.7943,183219806.0,1394200.0,128.6763,128.8423,128.6763
2023-06-12,511010,国债ETF,128.8683,445018420.0,3384400.0,128.8213,128.8833,128.7763
2023-06-13,511010,国债ETF,129.0143,413960267.0,3143010.0,128.869299999,129.0533,128.869299999
2023-06-14,511010,国债ETF,129.1093,457082368.0,3468600.0,129.0173,129.143299999,129.0173
2023-06-15,511010,国债ETF,128.7613,315448792.0,2395900.0,129.1043,129.108299999,124.1043
2023-06-16,511010,国债ETF,128.482299999,342938153.0,2609390.0,128.6623,128.8293,128.375299999
2023-06-19,511010,国债ETF,128.5203,190087260.0,1448900.0,128.506299999,128.6213,128.483299999
2023-06-20,511010,国债ETF,128.5463,303408221.0,2312100.0,128.470299999,128.5693,128.470299999
2023-06-21,511010,国债ETF,128.6843,105985474.0,806900.0,128.554299999,128.6873,128.554299999
2023-06-26,511010,国债ETF,128.7633,232480019.0,1768765.0,128.691299999,128.7663,128.691299999
2023-06-27,511010,国债ETF,128.6873,242885290.0,1848865.0,128.7633,128.774299999,128.5933
2023-06-28,511010,国债ETF,128.709299999,247996931.0,1887400.0,128.685299999,128.7293,128.685299999
2023-06-29,511010,国债ETF,128.6753,325114694.0,2474200.0,128.7123,128.7513,128.6753
2023-06-30,511010,国债ETF,128.8533,232139968.0,1766470.0,128.7243,128.8563,128.7163
2023-07-03,511010,国债ETF,128.9133,444419539.0,3378000.0,128.9033,128.9693,128.8253
2023-07-04,511010,国债ETF,128.8913,25514973.0,193800.0,128.9133,129.030299999,128.864299999
2023-07-05,511010,国债ETF,129.0803,32224900.0,244700.0,128.8953,129.0823,128.8953
2023-07-06,511010,国债ETF,129.1233,95530754.0,724800.0,129.089299999,129.1713,129.030299999
2023-07-07,511010,国债ETF,129.1363,162804073.0,1235100.0,129.0913,129.1723,129.0913
2023-07-10,511010,国债ETF,129.1283,511772671.0,3883555.0,129.1353,129.1643,129.0353
2023-07-11,511010,国债ETF,129.1443,207039614.0,1570400.0,129.1233,129.1773,129.1233
2023-07-12,511010,国债ETF,129.1413,367976034.0,2791500.0,129.1483,129.1623,129.095299999
2023-07-13,511010,国债ETF,129.1233,290526284.0,2204076.0,129.1323,129.1513,129.0913
2023-07-14,511010,国债ETF,129.0823,504254287.0,3827200.0,129.125299999,129.125299999,129.0353
2023-07-17,511010,国债ETF,129.1743,257905657.0,1956400.0,129.0823,129.1933,129.0823
2023-07-18,511010,国债ETF,129.256299999,246126131.0,1865700.0,129.1783,129.2823,129.1783
2023-07-19,511010,国债ETF,129.2903,356021905.0,2697700.0,129.2663,129.3823,129.256299999
2023-07-20,511010,国债ETF,129.2873,246320038.0,1866900.0,129.2903,129.2903,129.2423
2023-07-21,511010,国债ETF,129.4203,269689961.0,2042600.0,129.3363,129.4223,129.2873
2023-07-24,511010,国债ETF,129.4563,261327026.0,1977800.0,129.393299999,129.5103,129.3733
2023-07-25,511010,国债ETF,129.125299999,432118881.0,3277400.0,129.3063,129.3063,129.1243
2023-07-26,511010,国债ETF,129.149299999,658099492.0,4993501.0,129.1243,129.1523,128.9243
2023-07-27,511010,国债ETF,129.2613,394288126.0,2989600.0,129.1623,129.2703,129.1593
2023-07-28,511010,国债ETF,129.1703,534588534.0,4053000.0,129.244299999,129.322299999,129.1043
2023-07-31,511010,国债ETF,129.0513,502367084.0,3813900.0,129.1603,129.1603,128.8253
2023-08-01,511010,国债ETF,129.1453,506379659.0,3841200.0,129.054299999,129.2043,129.054299999
2023-08-02,511010,国债ETF,129.1503,461744090.0,3502180.0,129.1463,129.1953,129.1413
2023-08-03,511010,国债ETF,129.2073,369558033.0,2802340.0,129.1543,129.2233,129.1543
2023-08-04,511010,国债ETF,129.2513,113936478.0,863722.0,129.2073,129.357299999,129.1583
2023-08-07,511010,国债ETF,129.3073,410608196.0,3110900.0,129.3013,129.3203,129.2833
2023-08-08,511010,国债ETF,129.334299999,307883107.0,2332500.0,129.310299999,129.3433,129.3003
2023-08-09,511010,国债ETF,129.3593,342502890.0,2594120.0,129.3843,129.3843,129.2843
2023-08-10,511010,国债ETF,129.3083,376273673.0,2850700.0,129.3503,129.3743,129.2873
2023-08-11,511010,国债ETF,129.346299999,433937190.0,3287000.0,129.3083,129.3653,129.3083
2023-08-14,511010,国债ETF,129.4123,425453103.0,3221000.0,129.3613,129.4453,129.3613
2023-08-15,511010,国债ETF,129.685299999,242331532.0,1831720.0,129.4123,129.8033,129.4123
2023-08-16,511010,国债ETF,129.756299999,532053169.0,4017000.0,129.7043,129.8243,129.7043
2023-08-17,511010,国债ETF,129.714299999,662992562.0,5007200.0,129.7763,129.8023,129.6353
2023-08-18,511010,国债ETF,129.7813,438689398.0,3312980.0,129.714299999,129.8063,129.6693
2023-08-21,511010,国债ETF,129.9023,437185078.0,3299000.0,129.7973,129.9183,129.7973
2023-08-22,511010,国债ETF,129.828299999,473578700.0,3573500.0,129.9023,129.9393,129.6243
2023-08-23,511010,国债ETF,129.8153,427080198.4,3223200.0,129.8303,129.8713,129.792299999
2023-08-24,511010,国债ETF,129.7843,462600724.0,3492300.0,129.7853,129.845299999,129.7583
2023-08-25,511010,国债ETF,129.721299999,349582933.0,2639600.0,129.7913,129.834299999,129.709299999
2023-08-28,511010,国债ETF,129.5563,477962129.0,3615100.0,129.4993,129.596299999,128.179299999
2023-08-29,511010,国债ETF,129.3943,358904360.0,2717100.0,129.5753,129.7043,129.3533
2023-08-30,511010,国债ETF,129.6473,491143561.0,3712300.0,129.345299999,129.7173,129.334299999
2023-08-31,511010,国债ETF,129.673299999,390606086.0,2951100.0,129.649299999,129.709299999,129.6393
2023-09-01,511010,国债ETF,129.5323,385365357.0,2913700.0,129.6293,129.6343,129.5233
2023-09-04,511010,国债ETF,129.2123,351146844.0,2661388.0,129.4543,129.4543,129.1153
2023-09-05,511010,国债ETF,129.3073,450689636.0,3414800.0,129.2893,129.3213,129.2353
2023-09-06,511010,国债ETF,129.2073,594859280.0,4507600.0,129.3133,129.3683,129.1773
2023-09-07,511010,国债ETF,129.0463,362147293.0,2748000.0,129.2053,129.2053,129.0293
2023-09-08,511010,国债ETF,129.1513,391031766.0,2966400.0,129.0993,129.173299999,129.0863
2023-09-11,511010,国债ETF,129.1513,369167353.0,2800200.0,129.1513,129.208299999,129.096299999
2023-09-12,511010,国债ETF,129.1743,226038468.0,1714000.0,129.1513,129.2423,129.143299999
2023-09-13,511010,国债ETF,129.3083,466676446.0,3535400.0,129.2123,129.3593,129.1943
2023-09-14,511010,国债ETF,129.375299999,508389498.0,3850819.0,129.274299999,129.4013,129.274299999
2023-09-15,511010,国债ETF,129.3093,337515666.0,2557100.0,129.3743,129.3943,129.2903
2023-09-18,511010,国债ETF,129.167299999,389654351.0,2955500.0,129.2593,129.2593,129.1243
2023-09-19,511010,国债ETF,129.1523,341219746.0,2587900.0,129.1963,129.1963,129.137299999
2023-09-20,511010,国债ETF,129.1003,300281036.0,2278300.0,129.1523,129.1633,129.089299999
2023-09-21,511010,国债ETF,129.197299999,352695114.0,2674900.0,129.1003,129.2193,129.0513
2023-09-22,511010,国债ETF,129.102299999,346221592.0,2626082.0,129.197299999,129.2243,129.0923
2023-09-25,511010,国债ETF,129.0753,411669555.0,3123200.0,129.101299999,129.2243,129.0733
2023-09-26,511010,国债ETF,128.9263,446313628.0,3388600.0,129.0283,129.0873,128.8913
2023-09-27,511010,国债ETF,128.6283,49205761.0,374490.0,128.9273,128.9733,128.625299999
2023-09-28,511010,国债ETF,129.2063,360752444.0,2735590.0,128.976299999,129.2843,128.9143
2023-10-09,511010,国债ETF,129.3173,312652565.0,2368800.0,129.2073,129.3733,129.1883
2023-10-10,511010,国债ETF,129.2233,367859102.0,2787700.0,129.280299999,129.333299999,129.2173
2023-10-11,511010,国债ETF,128.983299999,307138057.0,2331200.0,129.1843,129.2063,128.9343
2023-10-12,511010,国债ETF,128.964299999,459807435.0,3494400.0,128.9333,129.0043,128.7843
2023-10-13,511010,国债ETF,129.0733,338376288.0,2568700.0,128.9683,129.101299999,128.9683
2023-10-16,511010,国债ETF,129.0873,625810972.0,4749000.0,129.1233,129.2243,129.0653
2023-10-17,511010,国债ETF,129.0223,528878663.0,4016000.0,129.0573,129.0613,128.9903
2023-10-18,511010,国债ETF,128.9973,379928341.0,2884800.0,129.0223,129.0473,128.9813
2023-10-19,511010,国债ETF,128.762299999,556641030.0,4231000.0,128.9513,128.977299999,127.5503
2023-10-20,511010,国债ETF,128.864299999,385371929.0,2930400.0,128.762299999,128.9033,128.762299999
2023-10-23,511010,国债ETF,128.9863,469834574.0,3568300.0,128.9243,128.9993,128.9223
2023-10-24,511010,国债ETF,128.9243,361975223.0,2750000.0,128.9563,128.971299999,128.8683
2023-10-25,511010,国债ETF,129.078299999,261317852.0,1984700.0,128.9253,129.1033,128.8563
2023-10-26,511010,国债ETF,129.2343,380318363.0,2883600.0,129.0803,129.245299999,129.0803
2023-10-27,511010,国债ETF,129.1743,360238494.0,2731300.0,129.2343,129.2993,129.1573
2023-10-30,511010,国债ETF,129.3503,354822534.0,2688746.0,129.1713,129.393299999,129.1713
2023-10-31,511010,国债ETF,129.3903,360303314.0,2727800.0,129.3253,129.447299999,129.3253
2023-11-01,511010,国债ETF,129.417299999,363597904.0,2752800.0,129.4743,129.4743,129.375299999
2023-11-02,511010,国债ETF,129.5153,364126128.0,2754800.0,129.4203,129.5273,129.4073
2023-11-03,511010,国债ETF,129.506299999,389886213.0,2949600.0,129.5053,129.6163,129.429299999
2023-11-06,511010,国债ETF,129.4693,396096233.0,2997400.0,129.5043,129.5043,129.4153
2023-11-07,511010,国债ETF,129.5043,392697354.0,2970490.0,129.4693,129.5343,129.4693
2023-11-08,511010,国债ETF,129.5173,377615800.0,2857200.0,129.5193,129.5193,129.4273
2023-11-09,511010,国债ETF,129.524299999,516764697.0,3908500.0,129.5623,129.589299999,129.495299999
2023-11-10,511010,国债ETF,129.5293,376994077.0,2851700.0,129.5253,129.5623,129.4873
2023-11-13,511010,国债ETF,129.6873,615227094.0,4650450.0,129.5283,129.7583,129.4923
2023-11-14,511010,国债ETF,129.6763,392512751.0,2966450.0,129.685299999,129.685299999,129.5803
2023-11-15,511010,国债ETF,129.673299999,421971382.0,3188500.0,129.6763,129.691299999,129.6303
2023-11-16,511010,国债ETF,129.7493,369450386.0,2790200.0,129.6543,129.7693,129.6543
2023-11-17,511010,国债ETF,129.7613,374291714.0,2826600.0,129.750299999,129.7943,129.6963
2023-11-20,511010,国债ETF,129.691299999,443597853.0,3350700.0,129.7903,129.7903,129.679299999
2023-11-21,511010,国债ETF,129.6303,361522071.0,2732100.0,129.6593,129.6743,129.5883
2023-11-22,511010,国债ETF,129.4793,371105577.0,2807000.0,129.6303,129.6303,129.4553
2023-11-23,511010,国债ETF,129.3143,367208779.0,2781100.0,129.494299999,129.494299999,129.2543
2023-11-24,511010,国债ETF,129.4103,355049262.0,2688280.0,129.3623,129.5033,129.334299999
2023-11-27,511010,国债ETF,129.3913,403162654.0,3052500.0,129.364299999,129.464299999,129.3293
2023-11-28,511010,国债ETF,129.3793,482504162.0,3653540.0,129.3943,129.5503,129.3243
2023-11-29,511010,国债ETF,129.3313,580900954.0,4399300.0,129.3803,129.399299999,129.3253
2023-11-30,511010,国债ETF,129.4253,420419477.0,3181970.0,129.3443,129.4663,129.334299999
2023-12-01,511010,国债ETF,129.524299999,610146584.0,4614800.0,129.4753,129.6243,129.4693
2023-12-04,511010,国债ETF,129.429299999,594621236.0,4499300.0,129.524299999,129.583299999,129.4183
2023-12-05,511010,国债ETF,129.4153,292521389.0,2214510.0,129.4313,129.4483,129.3913
2023-12-06,511010,国债ETF,129.3973,454050433.0,3437000.0,129.4153,129.4483,129.3673
2023-12-07,511010,国债ETF,129.4683,453052722.0,3428600.0,129.3973,129.476299999,129.3793
2023-12-08,511010,国债ETF,129.5343,432516448.0,3270700.0,129.5633,129.5923,129.512299999
2023-12-11,511010,国债ETF,129.7193,403067643.0,3045100.0,129.589299999,129.7553,129.589299999
2023-12-12,511010,国债ETF,129.7073,447930163.0,3383500.0,129.7193,129.7573,129.6783
2023-12-13,511010,国债ETF,129.8893,294983516.0,2226000.0,129.7253,129.9383,129.7253
2023-12-14,511010,国债ETF,129.7653,247695562.0,1869700.0,129.8953,129.8953,129.744299999
2023-12-15,511010,国债ETF,129.8823,448072693.0,3380500.0,129.7933,129.8973,129.7763
2023-12-18,511010,国债ETF,129.989299999,435803161.0,3285200.0,129.8983,130.024299999,129.8983
2023-12-19,511010,国债ETF,129.976299999,453695956.0,3419900.0,129.9963,130.006299999,129.9543
2023-12-20,511010,国债ETF,129.8853,442207626.0,3334300.0,129.9783,130.0233,129.8773
2023-12-21,511010,国债ETF,129.9343,393473151.0,2968200.0,129.887299999,129.9633,129.845299999
2023-12-22,511010,国债ETF,130.1113,192990701.0,1453500.0,130.0253,130.1413,129.9873
2023-12-25,511010,国债ETF,130.2193,145467781.0,1095100.0,130.161299999,130.2533,130.1103
2023-12-26,511010,国债ETF,130.3213,256504978.0,1928600.0,130.2243,130.4393,130.191299999
2023-12-27,511010,国债ETF,130.4503,423501805.0,3181240.0,130.3833,130.483299999,130.3833
2023-12-28,511010,国债ETF,130.5693,104887087.0,787520.0,130.5033,130.7243,130.4313
2023-12-29,511010,国债ETF,130.6873,350506070.0,2628740.0,130.5863,130.7113,130.5863
2024-01-02,511010,国债ETF,130.5763,422059052.0,3166400.0,130.6883,130.6883,130.3543
2024-01-03,511010,国债ETF,130.5413,555849698.0,4173900.0,130.5393,130.5713,130.4793
2024-01-04,511010,国债ETF,130.6443,53394226.0,400500.0,130.5293,130.7183,130.495299999
2024-01-05,511010,国债ETF,130.7813,44113446.0,330700.0,130.6423,130.9163,130.607299999
2024-01-08,511010,国债ETF,130.7473,408421848.0,3061400.0,130.768299999,131.0233,130.6843
2024-01-09,511010,国债ETF,130.768299999,390354639.0,2925600.0,130.7463,130.810299999,130.7343
2024-01-10,511010,国债ETF,130.7513,296839811.0,2224950.0,130.7933,130.8113,130.720299999
2024-01-11,511010,国债ETF,130.7843,364757465.0,2733850.0,130.7523,130.8003,130.6933
2024-01-12,511010,国债ETF,130.7413,358434741.0,2687300.0,130.8233,130.8233,130.578299999
2024-01-15,511010,国债ETF,130.697299999,826566021.0,6196400.0,130.7413,130.780299999,130.691299999
2024-01-16,511010,国债ETF,130.6063,617761839.0,4633100.0,130.655299999,130.6833,130.6043
2024-01-17,511010,国债ETF,130.703299999,572341542.0,4292500.0,130.5883,130.703299999,130.5883
2024-01-18,511010,国债ETF,130.6743,569876312.0,4270100.0,130.739299999,130.881299999,130.6583
2024-01-19,511010,国债ETF,130.899299999,673929522.0,5047700.0,130.7643,130.899299999,130.7643
2024-01-22,511010,国债ETF,130.9613,409094798.0,3062400.0,130.9013,131.024299999,130.8723
2024-01-23,511010,国债ETF,130.8833,418987630.0,3137600.0,130.9613,130.9613,130.8263
2024-01-24,511010,国债ETF,130.8363,189815057.0,1421400.0,130.8353,130.9223,130.8203
2024-01-25,511010,国债ETF,131.006299999,225569346.0,1687500.0,130.8883,131.0453,130.8883
2024-01-26,511010,国债ETF,131.0993,548326574.0,4099500.0,131.0743,131.1713,131.0713
2024-01-29,511010,国债ETF,131.1453,413130976.0,3087300.0,131.0993,131.149299999,131.078299999
2024-01-30,511010,国债ETF,131.4913,489255910.0,3649300.0,131.340299999,131.6323,131.2423
2024-01-31,511010,国债ETF,131.524299999,338210701.0,2520500.0,131.5943,131.714299999,131.4423
2024-02-01,511010,国债ETF,131.4023,456351073.0,3404300.0,131.4443,131.5013,131.268299999
2024-02-02,511010,国债ETF,131.3903,546118929.0,4073800.0,131.387299999,131.4143,131.3553
2024-02-05,511010,国债ETF,131.548299999,461796508.0,3441300.0,131.6463,131.714299999,131.4933
2024-02-06,511010,国债ETF,131.3473,572060128.0,4267700.0,131.4693,131.494299999,131.2943
2024-02-07,511010,国债ETF,131.2853,205142624.0,1531200.0,131.2933,131.554299999,131.0693
2024-02-08,511010,国债ETF,131.524299999,343927269.0,2564500.0,131.5193,131.524299999,131.3263
2024-02-19,511010,国债ETF,131.4843,521972404.0,3890800.0,131.4433,131.5023,131.3503
2024-02-20,511010,国债ETF,131.5263,482744989.0,3598300.0,131.4723,131.5443,131.4543
2024-02-21,511010,国债ETF,131.6093,395684697.0,2946900.0,131.5763,131.7513,131.4843
2024-02-22,511010,国债ETF,131.667299999,362284554.0,2698000.0,131.6093,131.6813,131.5553
2024-02-23,511010,国债ETF,131.833299999,494736824.0,3679000.0,131.804299999,131.9023,131.7113
2024-02-26,511010,国债ETF,131.845299999,348596463.0,2591500.0,131.8233,131.8903,131.7343
2024-02-27,511010,国债ETF,131.8833,384026914.0,2853883.0,131.875299999,131.9363,131.852299999
2024-02-28,511010,国债ETF,131.8943,339736624.0,2525500.0,131.8493,131.9213,131.822299999
2024-02-29,511010,国债ETF,131.9453,729932059.0,5421900.0,131.905299999,131.9633,131.9043
2024-03-01,511010,国债ETF,131.864299999,702672881.0,5222300.0,131.9243,131.9483,131.8543
2024-03-04,511010,国债ETF,131.869299999,591032483.0,4392700.0,131.8313,131.8903,131.7493
2024-03-05,511010,国债ETF,131.8743,564130439.0,4192500.0,131.851299999,131.9023,131.8253
2024-03-06,511010,国债ETF,132.054299999,500761277.0,3717200.0,131.964299999,132.0583,131.9043
2024-03-07,511010,国债ETF,132.1703,507391105.0,3763000.0,132.2793,132.2793,132.066299999
2024-03-08,511010,国债ETF,132.1173,589453577.0,4372400.0,132.1683,132.197299999,132.0443
2024-03-11,511010,国债ETF,132.0323,569558883.0,4228600.0,132.0203,132.1163,131.995299999
2024-03-12,511010,国债ETF,131.905299999,562296870.0,4178000.0,131.9323,131.9843,131.8323
2024-03-13,511010,国债ETF,131.8683,529420557.0,3938400.0,131.7933,131.8793,131.6983
2024-03-14,511010,国债ETF,131.7953,466290866.0,3467300.0,131.8373,131.8373,131.7373
2024-03-15,511010,国债ETF,131.8783,563565878.0,4188700.0,131.8233,131.9273,131.816299999
2024-03-18,511010,国债ETF,132.0013,558782778.0,4150900.0,131.8683,132.0043,131.858299999
2024-03-19,511010,国债ETF,132.107299999,463246829.0,3437800.0,132.0043,132.1163,132.0043
2024-03-20,511010,国债ETF,132.083299999,908402705.0,6740700.0,132.101299999,132.1183,132.0583
2024-03-21,511010,国债ETF,132.107299999,483576756.0,3589600.0,132.0333,132.1153,131.9483
2024-03-22,511010,国债ETF,132.1403,518969632.0,3849300.0,132.1643,132.2243,132.107299999
2024-03-25,511010,国债ETF,132.0763,553835634.0,4111800.0,132.0043,132.1003,131.982299999
2024-03-26,511010,国债ETF,132.0613,424598115.0,3151600.0,132.0293,132.0683,132.0223
2024-03-27,511010,国债ETF,132.1153,543158055.0,4030400.0,132.0563,132.1363,132.0453
2024-03-28,511010,国债ETF,132.0993,38109293.0,282700.0,132.1723,132.1723,132.0803
2024-03-29,511010,国债ETF,132.2473,548002566.0,4063200.0,132.131299999,132.2573,132.1033
2024-04-01,511010,国债ETF,132.202299999,409613209.0,3037300.0,132.2493,132.250299999,132.1403
2024-04-02,511010,国债ETF,132.250299999,509095249.0,3773800.0,132.202299999,132.2543,132.202299999
2024-04-03,511010,国债ETF,132.387299999,463414435.0,3431799.0,132.3003,132.3943,132.292299999
2024-04-08,511010,国债ETF,132.554299999,426404639.0,3154429.0,132.387299999,132.5823,132.3763
2024-04-09,511010,国债ETF,132.679299999,560376532.0,4140900.0,132.554299999,132.697299999,132.506299999
2024-04-10,511010,国债ETF,132.6933,715854808.0,5289529.0,132.6113,132.7243,132.5823
2024-04-11,511010,国债ETF,132.7183,533063942.0,3936500.0,132.6943,132.7813,132.6923
2024-04-12,511010,国债ETF,132.893299999,541980870.0,3998700.0,132.7613,132.923299999,132.7613
2024-04-15,511010,国债ETF,132.8743,417584221.0,3080300.0,132.899299999,132.9693,132.8663
2024-04-16,511010,国债ETF,132.8013,524038437.0,3868300.0,132.8743,132.8743,132.7123
2024-04-17,511010,国债ETF,132.8363,462501503.0,3412800.0,132.8013,132.8663,132.8013
2024-04-18,511010,国债ETF,132.9423,426368681.0,3145100.0,132.8843,132.953299999,132.816299999
2024-04-19,511010,国债ETF,133.030299999,936298335.0,6899300.0,133.0033,133.060299999,133.0033
2024-04-22,511010,国债ETF,133.1113,416881888.0,3070800.0,133.0443,133.114299999,133.0443
2024-04-23,511010,国债ETF,133.3013,405530649.0,2983800.0,133.1223,133.3033,133.1173
2024-04-24,511010,国债ETF,132.9423,471142568.0,3471300.0,133.1093,133.3013,132.8923
2024-04-25,511010,国债ETF,133.0373,431549647.0,3179400.0,132.9503,133.1063,132.9503
2024-04-26,511010,国债ETF,132.8133,380788172.0,2806100.0,133.089299999,133.1643,132.804299999
2024-04-29,511010,国债ETF,132.2533,144190462.0,1069200.0,132.9493,132.9493,131.8363
2024-04-30,511010,国债ETF,132.6363,488135623.0,3608500.0,132.3943,132.6643,132.3943
2024-05-06,511010,国债ETF,132.8493,247889785.0,1829600.0,132.6413,132.8493,132.3823
2024-05-07,511010,国债ETF,133.0153,403983601.0,2975800.0,132.9663,133.119299999,132.869299999
2024-05-08,511010,国债ETF,133.0393,384760094.0,2835265.0,133.0153,133.0583,133.0033
2024-05-09,511010,国债ETF,132.9203,558285771.0,4116922.0,132.9743,132.9843,132.8833
2024-05-10,511010,国债ETF,132.8963,397753233.0,2933452.0,132.9123,132.9483,132.8783
2024-05-13,511010,国债ETF,133.0403,377206359.0,2780339.0,132.9363,133.0433,132.9243
2024-05-14,511010,国债ETF,133.1153,529176557.0,3896800.0,133.0733,133.1503,133.0453
2024-05-15,511010,国债ETF,133.114299999,463696607.0,3414230.0,133.1213,133.1753,133.0553
2024-05-16,511010,国债ETF,133.0503,447901104.0,3300500.0,133.102299999,133.102299999,132.9803
2024-05-17,511010,国债ETF,132.9513,520056659.0,3834300.0,132.952299999,133.0343,132.851299999
2024-05-20,511010,国债ETF,133.113299999,460591794.0,3393110.0,133.0263,133.114299999,132.9543
2024-05-21,511010,国债ETF,133.0433,438365632.0,3229600.0,133.1213,133.1213,133.0223
2024-05-22,511010,国债ETF,133.101299999,459043440.0,3381000.0,133.0563,133.1043,133.0463
2024-05-23,511010,国债ETF,133.1953,468626305.0,3449500.0,133.1343,133.202299999,133.1343
2024-05-24,511010,国债ETF,133.1983,435493170.0,3205200.0,133.2233,133.2303,133.1623
2024-05-27,511010,国债ETF,133.1643,484134371.0,3564300.0,133.197299999,133.197299999,133.1283
2024-05-28,511010,国债ETF,133.2403,419630816.0,3088200.0,133.1813,133.245299999,133.167299999
2024-05-29,511010,国债ETF,133.3123,393217257.0,2891700.0,133.2903,133.3243,133.2533
2024-05-30,511010,国债ETF,133.3653,391452427.0,2877774.0,133.310299999,133.3723,133.3093
2024-05-31,511010,国债ETF,133.3423,488344735.0,3590300.0,133.304299999,133.3833,133.304299999
2024-06-03,511010,国债ETF,133.4843,588590463.0,4324600.0,133.3493,133.4843,133.3473
2024-06-04,511010,国债ETF,133.5163,487162149.0,3578129.0,133.464299999,133.5233,133.4483
2024-06-05,511010,国债ETF,133.5553,451510230.0,3314200.0,133.482299999,133.673299999,133.482299999
2024-06-06,511010,国债ETF,133.5293,386461629.0,2837100.0,133.5573,133.5943,133.483299999
2024-06-07,511010,国债ETF,133.578299999,446804856.0,3279800.0,133.5393,133.5793,133.5323
2024-06-11,511010,国债ETF,133.578299999,359971961.0,2641990.0,133.578299999,133.6223,133.542299999
2024-06-12,511010,国债ETF,133.560299999,348113356.0,2555100.0,133.5673,133.608299999,133.5353
2024-06-13,511010,国债ETF,133.5733,383015862.0,2811100.0,133.5623,133.601299999,133.5613
2024-06-14,511010,国债ETF,133.5943,462389224.0,3393400.0,133.589299999,133.6033,133.5573
2024-06-17,511010,国债ETF,133.6513,376491110.0,2762500.0,133.596299999,133.6523,133.595299999
2024-06-18,511010,国债ETF,133.6883,388415339.0,2848700.0,133.6513,133.7063,133.6513
2024-06-19,511010,国债ETF,133.715299999,724892385.0,5315700.0,133.6903,133.7473,133.495299999
2024-06-20,511010,国债ETF,133.8303,416635556.0,3052900.0,133.8003,133.834299999,133.7483
2024-06-21,511010,国债ETF,133.7613,405267714.0,2970300.0,133.833299999,133.833299999,133.7163
2024-06-24,511010,国债ETF,133.8443,387723210.0,2841800.0,133.7613,133.8493,133.655299999
2024-06-25,511010,国债ETF,133.8863,527605233.0,3862500.0,133.839299999,133.9443,133.8383
2024-06-26,511010,国债ETF,133.9863,481371445.0,3523046.0,133.9193,134.0013,133.9193
2024-06-27,511010,国债ETF,134.1273,424762226.0,3105500.0,133.9983,134.1363,133.9983
2024-06-28,511010,国债ETF,134.2233,671355110.0,4905000.0,134.1623,134.2703,134.1573
2024-07-01,511010,国债ETF,133.9963,121957868.0,891500.0,134.2543,134.304299999,133.8843
2024-07-02,511010,国债ETF,134.119299999,470877130.0,3444622.0,133.9633,134.1223,133.655299999
2024-07-03,511010,国债ETF,134.3313,553749871.0,4045100.0,134.1413,134.363299999,134.1413
2024-07-04,511010,国债ETF,134.2583,883819042.0,6453810.0,134.3563,134.3563,134.2313
2024-07-05,511010,国债ETF,134.1523,616550151.0,4506700.0,134.2593,134.3063,134.1043
2024-07-08,511010,国债ETF,133.8853,633828016.0,4643320.0,134.012299999,134.012299999,133.7353
2024-07-09,511010,国债ETF,134.0533,471260267.0,3447600.0,133.959299999,134.0563,133.959299999
2024-07-10,511010,国债ETF,134.1393,556048440.0,4066200.0,134.0533,134.1463,134.0033
2024-07-11,511010,国债ETF,134.1323,605995419.0,4430100.0,134.1383,134.149299999,134.0523
2024-07-12,511010,国债ETF,134.2403,441525725.0,3225100.0,134.1593,134.2713,134.1593
2024-07-15,511010,国债ETF,134.292299999,472735322.0,3451600.0,134.2543,134.3083,134.2403
2024-07-16,511010,国债ETF,134.2913,441735710.0,3225400.0,134.2943,134.3183,134.1873
2024-07-17,511010,国债ETF,134.3233,531856232.0,3883010.0,134.2953,134.3533,134.2643
2024-07-18,511010,国债ETF,134.2823,254751432.0,1860100.0,134.3303,134.3313,134.2413
2024-07-19,511010,国债ETF,134.3743,523565601.0,3821500.0,134.2853,134.3793,134.2853
2024-07-22,511010,国债ETF,134.6653,421893553.0,3073110.0,134.5163,134.7243,134.4143
2024-07-23,511010,国债ETF,134.8103,627477998.0,4565600.0,134.7883,134.8143,134.6873
2024-07-24,511010,国债ETF,134.8123,557941088.0,4058900.0,134.8213,134.8663,134.7543
2024-07-25,511010,国债ETF,134.8323,490721426.0,3568400.0,134.8123,134.9123,134.8053
2024-07-26,511010,国债ETF,134.8913,259492947.0,1886800.0,134.8483,134.9053,134.8273
2024-07-29,511010,国债ETF,134.8683,479801006.0,3488200.0,134.9043,134.9043,134.8423
2024-07-30,511010,国债ETF,134.8883,530140343.0,3854200.0,134.8733,134.9203,134.8283
2024-07-31,511010,国债ETF,134.9853,441450945.0,3206700.0,134.9543,135.0743,134.9253
2024-08-01,511010,国债ETF,135.2113,343700335.0,2494900.0,135.0783,135.3243,134.9743
2024-08-02,511010,国债ETF,135.4123,354010935.0,2564800.0,135.2943,135.6123,135.2823
2024-08-05,511010,国债ETF,135.4633,525168199.0,3802900.0,135.4183,135.5743,135.3143
2024-08-06,511010,国债ETF,135.2643,379823604.0,2754400.0,135.2403,135.2853,134.9253
2024-08-07,511010,国债ETF,135.4553,549421280.0,3979746.0,135.2583,135.5343,135.2583
2024-08-08,511010,国债ETF,135.3353,557716555.0,4042900.0,135.4243,135.4243,135.1223
2024-08-09,511010,国债ETF,135.1503,409834442.0,2974010.0,135.1463,135.1713,135.0493
2024-08-12,511010,国债ETF,134.5283,670790971.0,4883200.0,134.8743,135.0733,134.524299999
2024-08-13,511010,国债ETF,134.9333,775790600.0,5640100.0,134.6423,134.9923,134.5333
2024-08-14,511010,国债ETF,135.0603,509655437.0,3698200.0,135.0823,135.3133,135.0073
2024-08-15,511010,国债ETF,134.9243,335713097.0,2438100.0,135.0603,135.1603,134.8753
2024-08-16,511010,国债ETF,134.9013,502938450.0,3654800.0,134.9093,134.9893,134.8443
2024-08-19,511010,国债ETF,134.9603,575601000.0,4183200.0,134.9873,134.9873,134.8523
2024-08-20,511010,国债ETF,134.9383,562956075.0,4090550.0,134.9623,134.9623,134.8953
2024-08-21,511010,国债ETF,134.7913,728438040.0,5297000.0,134.9373,134.9643,134.7793
2024-08-22,511010,国债ETF,135.0673,296505454.0,2153100.0,134.9923,135.0693,134.8253
2024-08-23,511010,国债ETF,135.2683,543410882.0,3943300.0,135.0573,135.2703,135.0543
2024-08-26,511010,国债ETF,135.2703,437899175.0,3174700.0,135.2643,135.3243,135.1433
2024-08-27,511010,国债ETF,135.1803,573048361.0,4156300.0,135.1563,135.2703,135.1533
2024-08-28,511010,国债ETF,135.2253,663689773.0,4814600.0,135.1593,135.2303,135.0943
2024-08-29,511010,国债ETF,135.1513,488190046.0,3540800.0,135.2253,135.2793,135.1443
2024-08-30,511010,国债ETF,135.1093,451610334.0,3277900.0,135.1763,135.2023,134.9883
2024-09-02,511010,国债ETF,135.4303,598891652.0,4336300.0,135.3523,135.4743,135.1533
2024-09-03,511010,国债ETF,135.6133,582406440.0,4212790.0,135.4813,135.6143,135.3833
2024-09-04,511010,国债ETF,135.6613,590911718.0,4270770.0,135.6923,135.8103,135.5743
2024-09-05,511010,国债ETF,135.7473,471901680.0,3408320.0,135.7323,135.8223,135.7323
2024-09-06,511010,国债ETF,135.7923,451442774.0,3260600.0,135.7303,135.8333,135.6623
2024-09-09,511010,国债ETF,135.8653,149963461.0,1082564.0,135.7923,136.0433,135.7923
2024-09-10,511010,国债ETF,135.9833,425915369.0,3073500.0,135.9153,136.0033,135.8663
2024-09-11,511010,国债ETF,136.1903,333183361.0,2400200.0,135.9843,136.2073,135.9813
2024-09-12,511010,国债ETF,135.9753,211198651.0,1521680.0,136.1903,136.2363,135.9723
2024-09-13,511010,国债ETF,136.1693,201007071.0,1448130.0,136.1143,136.2123,136.0723
2024-09-18,511010,国债ETF,136.2033,158139154.0,1138600.0,136.3033,136.3033,136.1693
2024-09-19,511010,国债ETF,136.0193,365367755.0,2632508.0,136.2293,136.2443,135.9793
2024-09-20,511010,国债ETF,136.1183,374644194.0,2699490.0,136.0613,136.1433,136.0503
2024-09-23,511010,国债ETF,136.1483,287365284.0,2069600.0,136.1523,136.2293,136.1303
2024-09-24,511010,国债ETF,135.9963,325022013.0,2342300.0,136.2303,136.2923,135.8393
2024-09-25,511010,国债ETF,136.3213,243887602.0,1757300.0,135.7793,136.3643,135.6263
2024-09-26,511010,国债ETF,136.2143,256839374.0,1848300.0,136.4653,136.4653,136.1543
2024-09-27,511010,国债ETF,135.6343,136649607.0,987320.0,136.0043,136.0043,135.5253
2024-09-30,511010,国债ETF,135.1683,408040372.0,2972170.0,134.3243,135.2123,132.9743
2024-10-08,511010,国债ETF,135.1143,259664706.0,1884750.0,134.3733,135.4263,134.3733
2024-10-09,511010,国债ETF,135.3943,342442212.0,2481800.0,135.2333,135.8243,135.1253
2024-10-10,511010,国债ETF,135.7223,189523482.0,1370800.0,135.3443,135.8043,135.3263
2024-10-11,511010,国债ETF,135.7943,469396265.0,3389367.0,135.8093,135.9033,135.6743
2024-10-14,511010,国债ETF,135.7723,448294641.0,3237366.0,135.8083,135.9043,135.7443
2024-10-15,511010,国债ETF,135.8083,451883611.0,3263712.0,135.8133,135.8133,135.7533
2024-10-16,511010,国债ETF,135.8273,638376064.0,4609900.0,135.8583,135.8713,135.7913
2024-10-17,511010,国债ETF,136.0153,723563962.0,5219745.0,135.8303,136.0243,135.7513
2024-10-18,511010,国债ETF,135.8613,1000947534.0,7224936.0,136.0843,136.1043,135.7213
2024-10-21,511010,国债ETF,135.8433,477447413.0,3446830.0,135.8613,135.9103,135.7483
2024-10-22,511010,国债ETF,135.6493,235453765.0,1700400.0,135.8393,135.8743,135.6243
2024-10-23,511010,国债ETF,135.5103,617394854.0,4468000.0,135.6093,135.6463,135.3903
2024-10-24,511010,国债ETF,135.5643,559374573.0,4046000.0,135.5233,135.6483,135.5233
2024-10-25,511010,国债ETF,135.5523,676179307.0,4892400.0,135.5653,135.5743,135.4933
2024-10-28,511010,国债ETF,135.5793,437979923.0,3167700.0,135.6003,135.6523,135.5563
2024-10-29,511010,国债ETF,135.7163,244297751.0,1765900.0,135.6063,135.7233,135.5943
2024-10-30,511010,国债ETF,135.7593,268680316.0,1940800.0,135.9243,135.9243,135.7003
2024-10-31,511010,国债ETF,135.7483,229504083.0,1658203.0,135.7653,135.7663,135.6693
2024-11-01,511010,国债ETF,135.9553,147606218.0,1065201.0,135.8523,135.9593,135.8013
2024-11-04,511010,国债ETF,136.0143,202478306.0,1459903.0,136.0163,136.0373,135.9543
2024-11-05,511010,国债ETF,136.0023,309446791.0,2231500.0,135.9983,136.0523,135.9503
2024-11-06,511010,国债ETF,136.0533,139311498.0,1004100.0,136.0073,136.1243,136.0073
2024-11-07,511010,国债ETF,136.1733,280148422.0,2018060.0,136.0813,136.2043,136.0813
2024-11-08,511010,国债ETF,136.2263,623820729.0,4491400.0,136.0553,136.2293,136.0553
2024-11-11,511010,国债ETF,136.2643,178281047.0,1283280.0,136.2493,136.2833,136.2013
2024-11-12,511010,国债ETF,136.4553,251271818.0,1806250.0,136.2893,136.4743,136.2893
2024-11-13,511010,国债ETF,136.4543,305333619.0,2194700.0,136.4513,136.4733,136.4043
2024-11-14,511010,国债ETF,136.4613,240601059.0,1729700.0,136.4573,136.4643,136.3813
2024-11-15,511010,国债ETF,136.5593,151113900.0,1085500.0,136.4663,136.6493,136.4663
2024-11-18,511010,国债ETF,136.4843,520176740.0,3738500.0,136.5453,136.5463,136.3603
2024-11-19,511010,国债ETF,136.4533,144314270.0,1037100.0,136.4823,136.5113,136.3823
2024-11-20,511010,国债ETF,136.5483,222917818.0,1601400.0,136.4993,136.5583,136.4973
2024-11-21,511010,国债ETF,136.6353,467966528.0,3359800.0,136.5633,136.6393,136.5493
2024-11-22,511010,国债ETF,136.6613,524686907.0,3765800.0,136.6793,136.6853,136.6133
2024-11-25,511010,国债ETF,136.7743,193324700.0,1386800.0,136.6613,136.7753,136.5683
2024-11-26,511010,国债ETF,136.7473,438998863.0,3148900.0,136.7743,136.8243,136.6953
2024-11-27,511010,国债ETF,136.6883,332261446.0,2383800.0,136.7243,136.7463,136.6803
2024-11-28,511010,国债ETF,136.7863,413599030.0,2966800.0,136.6873,136.7913,136.6873
2024-11-29,511010,国债ETF,136.8633,369125332.0,2645900.0,136.8293,136.8713,136.7623
2024-12-02,511010,国债ETF,137.1683,334502591.0,2392900.0,137.0113,137.1823,136.8633
2024-12-03,511010,国债ETF,137.1413,457763394.0,3273600.0,137.2033,137.2523,137.1313
2024-12-04,511010,国债ETF,137.2623,468453598.0,3347980.0,137.1443,137.2893,137.1443
2024-12-05,511010,国债ETF,137.2923,301263806.0,2152700.0,137.2593,137.3153,137.1443
2024-12-06,511010,国债ETF,137.2493,1074468242.0,7678400.0,137.2903,137.3143,137.2453
2024-12-09,511010,国债ETF,137.2613,342553708.0,2447800.0,137.2503,137.2993,137.2493
2024-12-10,511010,国债ETF,137.6973,646045300.0,4606500.0,137.2043,137.7183,137.1753
2024-12-11,511010,国债ETF,137.7063,435188652.0,3100600.0,137.6743,137.7403,137.4743
2024-12-12,511010,国债ETF,137.8873,487421064.0,3469600.0,137.7353,137.9523,137.7353
2024-12-13,511010,国债ETF,138.3793,532686553.0,3776900.0,138.1943,138.4213,138.1943
2024-12-16,511010,国债ETF,138.4873,295108021.0,2089400.0,138.4783,138.7283,138.4763
2024-12-17,511010,国债ETF,138.2873,1399074018.0,9924600.0,138.4283,138.4283,138.2413
2024-12-18,511010,国债ETF,138.2793,280967253.0,1993600.0,138.3493,138.4883,138.0313
2024-12-19,511010,国债ETF,138.3243,487811661.0,3459400.0,138.2953,138.3933,138.2953
2024-12-20,511010,国债ETF,138.7613,311518796.0,2204600.0,138.5153,138.8243,138.5143
2024-12-23,511010,国债ETF,138.6853,555449871.0,3928715.0,138.8293,138.9263,138.6433
2024-12-24,511010,国债ETF,138.5773,437956407.0,3099490.0,138.6543,138.7093,138.5723
2024-12-25,511010,国债ETF,138.3193,291154302.0,2063778.0,138.5783,138.6153,138.2773
2024-12-26,511010,国债ETF,138.3213,405468565.0,2875300.0,138.3493,138.4113,138.3113
2024-12-27,511010,国债ETF,138.6123,410049161.0,2903900.0,138.4443,138.6233,138.3903
2024-12-30,511010,国债ETF,138.3273,255258235.0,1809300.0,138.5913,138.5943,138.2793
2024-12-31,511010,国债ETF,138.5403,336517938.0,2383300.0,138.4743,138.5703,138.3353
2025-01-02,511010,国债ETF,138.7353,388656746.0,2748670.0,138.6843,138.7623,138.5843
2025-01-03,511010,国债ETF,139.1113,299664872.0,2116100.0,138.7943,139.1233,138.7943
2025-01-06,511010,国债ETF,139.1133,447313768.0,3154310.0,139.1313,139.3233,138.9253
2025-01-07,511010,国债ETF,138.8823,221098456.0,1561400.0,139.1173,139.1173,138.7773
2025-01-08,511010,国债ETF,138.9273,485293134.0,3426590.0,138.8343,138.9993,138.8343
2025-01-09,511010,国债ETF,138.6223,368708413.0,2607500.0,138.8753,138.9253,138.5943
2025-01-10,511010,国债ETF,138.5333,211894199.0,1503100.0,138.2743,138.6113,137.9853
2025-01-13,511010,国债ETF,138.3633,464892516.0,3296000.0,138.5263,138.5263,138.2253
2025-01-14,511010,国债ETF,138.4353,330815325.0,2346000.0,138.3433,138.4533,138.1843
2025-01-15,511010,国债ETF,138.5913,534647062.0,3784690.0,138.5743,138.6693,138.5633
2025-01-16,511010,国债ETF,138.5673,369128199.0,2614060.0,138.5533,138.6493,138.4403
2025-01-17,511010,国债ETF,138.5023,351623333.0,2490200.0,138.6173,138.6173,138.4903
2025-01-20,511010,国债ETF,138.5133,1160577519.0,8219800.0,138.4523,138.5443,138.4093
2025-01-21,511010,国债ETF,138.5433,144584689.0,1024000.0,138.4103,138.5503,138.4103
2025-01-22,511010,国债ETF,138.6343,1761877034.0,12468500.0,138.6243,138.6713,138.6123
2025-01-23,511010,国债ETF,138.4703,1783187892.0,12633900.0,138.5833,138.5893,138.4173
2025-01-24,511010,国债ETF,138.3283,2176190516.0,15436500.0,138.4663,138.4663,138.2363
2025-01-27,511010,国债ETF,138.8203,1677881693.0,11867900.0,138.4463,138.8233,138.4463
2025-02-05,511010,国债ETF,138.7833,1480642754.0,10471200.0,138.7553,138.8123,138.4863
2025-02-06,511010,国债ETF,138.9183,1568559965.0,11085700.0,138.7973,138.9363,138.7463
2025-02-07,511010,国债ETF,138.8353,2242793282.0,15845400.0,138.9423,138.9833,138.8243
2025-02-10,511010,国债ETF,138.6053,2141896017.0,15157000.0,138.7893,138.7893,138.5823
2025-02-11,511010,国债ETF,138.5723,745854857.0,5280200.0,138.5893,138.6613,138.5203
2025-02-12,511010,国债ETF,138.5743,400237911.0,2832600.0,138.5823,138.6653,138.5623
2025-02-13,511010,国债ETF,138.5513,2149203552.0,15222300.0,138.5763,138.5773,138.4933
2025-02-14,511010,国债ETF,138.2503,2031037213.0,14411200.0,138.5503,138.5503,138.2393
2025-02-17,511010,国债ETF,138.1563,219615204.0,1559500.0,138.2423,138.2423,138.0543
2025-02-18,511010,国债ETF,137.9613,2208975781.0,15701200.0,138.1463,138.1463,137.8053
2025-02-19,511010,国债ETF,138.1413,2062844991.0,14666100.0,137.9853,138.1433,137.9393
2025-02-20,511010,国债ETF,137.9073,824264508.0,5857800.0,138.1423,138.1423,137.8343
2025-02-21,511010,国债ETF,137.7743,2204531142.0,15708100.0,137.8043,137.9973,137.6043
2025-02-24,511010,国债ETF,137.3883,2224846986.0,15863000.0,137.6743,137.7243,137.2553
2025-02-25,511010,国债ETF,137.5773,263078803.0,1876742.0,137.5033,137.7803,137.2363
2025-02-26,511010,国债ETF,137.5893,2044656259.0,14574590.0,137.6173,137.7673,137.5313
2025-02-27,511010,国债ETF,137.5313,2146722170.0,15301100.0,137.6003,137.6743,137.4903
2025-02-28,511010,国债ETF,137.5783,291037256.0,2076203.0,137.5103,137.6643,137.3563
2025-03-03,511010,国债ETF,137.9243,2197633370.0,15658100.0,137.6143,137.9603,137.5363
2025-03-04,511010,国债ETF,137.9183,300824219.0,2139300.0,138.0363,138.1873,137.7573
2025-03-05,511010,国债ETF,137.8703,2108131530.0,14991800.0,137.9043,137.9983,137.8673
2025-03-06,511010,国债ETF,137.7413,2101496941.0,14971200.0,137.8603,137.8603,137.6633
2025-03-07,511010,国债ETF,137.4613,262948958.0,1877100.0,137.6103,137.6103,137.3243
2025-03-10,511010,国债ETF,137.2293,322151634.0,2300900.0,137.3233,137.4193,137.2103
2025-03-11,511010,国债ETF,136.9053,181089081.0,1296300.0,137.2593,137.2753,136.8513
2025-03-12,511010,国债ETF,137.3973,2567643999.0,18383600.0,136.8543,137.4573,136.6993
2025-03-13,511010,国债ETF,137.4153,289055370.0,2062500.0,137.3243,137.5743,137.2543
2025-03-14,511010,国债ETF,137.3903,734683334.0,5248100.0,137.3153,137.4523,137.0653
2025-03-17,511010,国债ETF,137.1033,170742795.0,1221000.0,137.2623,137.2683,137.0953
2025-03-18,511010,国债ETF,137.2043,331114763.0,2367100.0,137.0863,137.2803,137.0533
2025-03-19,511010,国债ETF,137.1163,452586542.0,3237300.0,137.2043,137.3223,137.0643
2025-03-20,511010,国债ETF,137.2893,528672465.0,3776600.0,137.2363,137.3743,137.2243
2025-03-21,511010,国债ETF,137.2363,193642852.0,1383700.0,137.3363,137.3363,137.2303
2025-03-24,511010,国债ETF,137.1683,206968095.0,1479800.0,137.2043,137.2293,137.1143
2025-03-25,511010,国债ETF,137.3413,563393410.0,4024500.0,137.3393,137.3943,137.2443
2025-03-26,511010,国债ETF,137.5003,114073831.0,814400.0,137.3313,137.5073,137.2683
2025-03-27,511010,国债ETF,137.5513,155030948.0,1105900.0,137.5043,137.5823,137.4263
2025-03-28,511010,国债ETF,137.5213,129437244.0,922971.0,137.5423,137.6273,137.4693
2025-03-31,511010,国债ETF,137.5113,1268608186.0,9048300.0,137.5173,137.6183,137.4843
2025-04-01,511010,国债ETF,137.5043,995092985.0,7099400.0,137.5553,137.6083,137.4803
2025-04-02,511010,国债ETF,137.6063,262688842.0,1873300.0,137.5023,137.6293,137.4583
2025-04-03,511010,国债ETF,138.1183,297898903.0,2117600.0,137.7943,138.1543,137.7293
2025-04-07,511010,国债ETF,138.5413,326222256.0,2310900.0,138.4693,138.5943,138.3603
2025-04-08,511010,国债ETF,138.4273,970298725.0,6876600.0,138.3763,139.0643,138.2593
2025-04-09,511010,国债ETF,138.5083,316324997.0,2241980.0,138.5143,138.5623,138.3163
2025-04-10,511010,国债ETF,138.6423,1392052075.0,9858397.0,138.4243,138.6723,138.2793
2025-04-11,511010,国债ETF,138.6893,1220245213.0,8629800.0,138.7303,138.8093,138.6073
2025-04-14,511010,国债ETF,138.5673,2751360169.0,19477740.0,138.6473,138.6543,138.5463
2025-04-15,511010,国债ETF,138.5703,199086331.0,1409400.0,138.5733,138.6243,138.5553
2025-04-16,511010,国债ETF,138.6883,2499038307.0,17679500.0,138.5743,138.7193,138.5543
2025-04-17,511010,国债ETF,138.6003,1785632175.0,12636900.0,138.6813,138.7303,138.5853
2025-04-18,511010,国债ETF,138.5413,2514789067.0,17805000.0,138.5993,138.6253,138.5243
2025-04-21,511010,国债ETF,138.4233,112369628.0,796200.0,138.5413,138.5603,138.3943
2025-04-22,511010,国债ETF,138.4743,648966577.0,4598200.0,138.4273,138.4973,138.4273
2025-04-23,511010,国债ETF,138.3453,135259736.0,959099.0,138.4523,138.4523,138.3043
2025-04-24,511010,国债ETF,138.2273,1657710810.0,11755300.0,138.3843,138.4143,138.2203
2025-04-25,511010,国债ETF,138.3533,169593657.0,1202700.0,138.3043,138.3963,138.2583
2025-04-28,511010,国债ETF,138.3153,1451560136.0,10293400.0,138.3623,138.3873,138.3073
2025-04-29,511010,国债ETF,138.5003,1054460936.0,7472800.0,138.3423,138.5043,138.3423
2025-04-30,511010,国债ETF,138.6073,283278065.0,2006100.0,138.5163,138.6243,138.4653
2025-05-06,511010,国债ETF,138.5323,2642918335.0,18714662.0,138.5943,138.5943,138.4913
2025-05-07,511010,国债ETF,138.4943,631050549.0,4469100.0,138.5733,138.6193,138.4763
2025-05-08,511010,国债ETF,138.7743,684567461.0,4841500.0,138.5963,138.7833,138.5943
2025-05-09,511010,国债ETF,138.7343,242591105.0,1714900.0,138.7863,138.8743,138.7133
2025-05-12,511010,国债ETF,138.6693,222325869.0,1572600.0,138.6763,138.7693,138.5993
2025-05-13,511010,国债ETF,138.5753,305174618.0,2160600.0,138.6143,138.6343,138.5413
2025-05-14,511010,国债ETF,138.4593,190289071.0,1347800.0,138.5733,138.6243,138.4453
2025-05-15,511010,国债ETF,138.3613,153524008.0,1088200.0,138.4553,138.4943,138.3553
2025-05-16,511010,国债ETF,138.2673,144356714.0,1024300.0,138.3513,138.3513,138.2263
2025-05-19,511010,国债ETF,138.3363,158124469.0,1121500.0,138.2673,138.3613,138.2673
2025-05-20,511010,国债ETF,138.3833,150735318.0,1068602.0,138.4043,138.4553,138.3253
2025-05-21,511010,国债ETF,138.3683,93920227.0,665900.0,138.3343,138.3943,138.3343
2025-05-22,511010,国债ETF,138.3673,91609588.0,649400.0,138.3943,138.4353,138.3523
2025-05-23,511010,国债ETF,138.4733,107431278.0,761500.0,138.3893,138.4823,138.3493
2025-05-26,511010,国债ETF,138.4703,742069945.0,5257900.0,138.4743,138.5393,138.4363
2025-05-27,511010,国债ETF,138.4183,943822379.0,6687560.0,138.4773,138.5103,138.4053
2025-05-28,511010,国债ETF,138.4253,463154890.0,3282900.0,138.4373,138.4373,138.3723
2025-05-29,511010,国债ETF,138.2673,173763878.0,1232600.0,138.4083,138.4183,138.2543
2025-05-30,511010,国债ETF,138.4003,333760140.0,2365600.0,138.3673,138.4363,138.3373
2025-06-03,511010,国债ETF,138.3933,2241350095.0,15885200.0,138.4533,138.4543,138.3593
2025-06-04,511010,国债ETF,138.4833,3309652314.0,23458700.0,138.4083,138.4853,138.3993
2025-06-05,511010,国债ETF,138.5503,1605657541.0,11370500.0,138.4823,138.5843,138.4403
2025-06-06,511010,国债ETF,138.6653,2150296184.0,15213900.0,138.6143,138.6693,138.6083
2025-06-09,511010,国债ETF,138.7143,1718978403.0,12158500.0,138.6813,138.7163,138.6743
2025-06-10,511010,国债ETF,138.7303,3138435082.0,22195300.0,138.7393,138.7503,138.6853
2025-06-11,511010,国债ETF,138.7233,1997668355.0,14128300.0,138.7483,138.7743,138.6743
2025-06-12,511010,国债ETF,138.6933,1458824820.0,10317820.0,138.7223,138.7423,138.6753
2025-06-13,511010,国债ETF,138.7223,2715223508.0,19204340.0,138.6933,138.7253,138.6843
2025-06-16,511010,国债ETF,138.7533,1940597436.0,13721100.0,138.7303,138.7893,138.7253
2025-06-17,511010,国债ETF,138.9073,1867025044.0,13191671.0,138.7373,138.9193,138.7373
2025-06-18,511010,国债ETF,138.9233,201963862.0,1426400.0,138.9243,138.9353,138.8903
2025-06-19,511010,国债ETF,138.9293,162234983.0,1145600.0,138.9263,138.9583,138.9173
2025-06-20,511010,国债ETF,138.9543,78370916.0,553400.0,138.9373,138.9643,138.9053
2025-06-23,511010,国债ETF,138.9253,142186288.0,1004200.0,138.9523,138.9993,138.8973
2025-06-24,511010,国债ETF,138.8723,3967299893.0,28030400.0,138.9253,138.9543,138.8523
2025-06-25,511010,国债ETF,138.8363,2778588414.0,19628100.0,138.8723,138.9143,138.8353
2025-06-26,511010,国债ETF,138.8743,3845598972.0,27171300.0,138.8363,138.9343,138.8353
2025-06-27,511010,国债ETF,138.9693,2800057202.0,19770000.0,138.8743,138.9993,138.8743
2025-06-30,511010,国债ETF,138.9053,1104500634.0,7800867.0,138.9723,138.9853,138.8003
2025-07-01,511010,国债ETF,138.9553,1851012477.0,13070500.0,138.9183,138.9663,138.9133
2025-07-02,511010,国债ETF,139.0353,3134424889.0,22122200.0,138.9563,139.0423,138.9563
2025-07-03,511010,国债ETF,139.0533,2698971004.0,19040600.0,139.0543,139.0823,139.0173
2025-07-04,511010,国债ETF,139.0863,2716145342.0,19161100.0,139.0683,139.0933,139.0603
2025-07-07,511010,国债ETF,139.0653,1345666324.0,9494700.0,139.0893,139.1093,139.0423
2025-07-08,511010,国债ETF,138.9553,1470175661.0,10380000.0,139.0573,139.0573,138.9433
2025-07-09,511010,国债ETF,138.9533,2896966771.0,20455000.0,138.9643,138.9823,138.9413
2025-07-10,511010,国债ETF,138.8613,3413609029.0,24112600.0,138.9593,138.9593,138.8593
2025-07-11,511010,国债ETF,138.8233,401020180.0,2834600.0,138.8573,138.8593,138.7643
2025-07-14,511010,国债ETF,138.7513,207082394.0,1464200.0,138.8243,138.8243,138.7213
2025-07-15,511010,国债ETF,138.8913,3073925072.0,21718900.0,138.7743,138.8953,138.7743
2025-07-16,511010,国债ETF,138.9003,1949148478.0,13768000.0,138.8963,138.9403,138.8803
2025-07-17,511010,国债ETF,138.8923,152867821.0,1079900.0,138.8763,138.8943,138.8423
2025-07-18,511010,国债ETF,138.8803,160478386.0,1133800.0,138.8923,138.9033,138.8323
2025-07-21,511010,国债ETF,138.7933,988643031.0,6988000.0,138.8803,138.9043,138.7753
2025-07-22,511010,国债ETF,138.7193,1359760771.0,9606299.0,138.7973,139.3543,138.7103
2025-07-23,511010,国债ETF,138.6653,580452933.0,4109800.0,138.6593,138.7153,138.5153
2025-07-24,511010,国债ETF,138.3983,1608854283.0,11399396.0,138.6263,138.6483,138.3953
2025-07-25,511010,国债ETF,138.4293,884715833.0,6268600.0,138.4043,138.5243,138.3793
2025-07-28,511010,国债ETF,138.5623,2056132830.0,14564000.0,138.5253,138.6393,138.4643
2025-07-29,511010,国债ETF,138.3883,1039197397.0,7363200.0,138.5773,138.5773,138.3783
2025-07-30,511010,国债ETF,138.5273,1647708359.0,11671600.0,138.4023,138.5383,138.3373
2025-07-31,511010,国债ETF,138.6373,1691440828.0,11971200.0,138.5303,138.6533,138.5033
2025-08-01,511010,国债ETF,138.6453,2295315358.0,16247800.0,138.6183,138.6863,138.5193
2025-08-04,511010,国债ETF,138.6173,3328242167.0,23539100.0,138.6763,139.3243,138.6093
2025-08-05,511010,国债ETF,138.6613,1193442724.0,8447400.0,138.5773,138.6683,138.5363
2025-08-06,511010,国债ETF,138.6753,1666621556.0,11794234.0,138.6543,138.7073,138.5633
2025-08-07,511010,国债ETF,138.7753,1357236056.0,9593800.0,138.7143,138.8213,138.7003
2025-08-08,511010,国债ETF,138.8323,1888073147.0,13344700.0,138.9743,139.0583,138.7583
2025-08-11,511010,国债ETF,138.6653,1758131820.0,12435500.0,138.8333,138.8333,138.6413
2025-08-12,511010,国债ETF,138.6373,176761130.0,1251000.0,138.6723,138.6903,138.5853
2025-08-13,511010,国债ETF,138.7353,1314980260.0,9301800.0,138.6243,138.7793,138.5693
2025-08-14,511010,国债ETF,138.6823,1146241959.0,8108800.0,138.7343,138.7343,138.5883
2025-08-15,511010,国债ETF,138.6693,165836762.0,1173200.0,138.7043,138.7243,138.6393
2025-08-18,511010,国债ETF,138.3713,921224911.0,6527894.0,138.6943,138.7663,138.3273
2025-08-19,511010,国债ETF,138.3823,406516273.0,2882000.0,138.3943,138.4033,138.3413
2025-08-20,511010,国债ETF,138.3203,223840318.0,1586500.0,138.4463,138.4983,138.2943
2025-08-21,511010,国债ETF,138.3823,162810692.0,1154700.0,138.3243,138.4003,138.2523
2025-08-22,511010,国债ETF,138.3453,1496865833.0,10610600.0,138.4243,138.4423,138.2743
2025-08-25,511010,国债ETF,138.4643,953617259.0,6759900.0,138.3483,138.4763,138.2753
2025-08-26,511010,国债ETF,138.4703,309141375.0,2190300.0,138.4643,138.4893,138.4303
2025-08-27,511010,国债ETF,138.5083,1701443898.0,12051700.0,138.4813,138.5223,138.4373
2025-08-28,511010,国债ETF,138.4403,1371129482.0,9712800.0,138.5223,138.5223,138.4313
2025-08-29,511010,国债ETF,138.4723,2126926762.0,15072000.0,138.4363,138.4843,138.3943
2025-09-01,511010,国债ETF,138.5833,253403686.0,1794800.0,138.4643,138.5843,138.4273
2025-09-02,511010,国债ETF,138.5813,2915444474.0,20637700.0,138.5903,138.6413,138.5593
2025-09-03,511010,国债ETF,138.7263,1508283479.0,10669800.0,138.6223,138.7433,138.5853
2025-09-04,511010,国债ETF,138.8123,997096842.0,7046500.0,138.7593,138.8463,138.7593
2025-09-05,511010,国债ETF,138.6033,2416047163.0,17092100.0,138.8033,138.8033,138.5723
2025-09-08,511010,国债ETF,138.5753,2148137329.0,15206700.0,138.6143,138.6143,138.5243
2025-09-09,511010,国债ETF,138.5553,2681317680.0,18983600.0,138.5743,138.6843,138.5363
2025-09-10,511010,国债ETF,138.4793,2896339774.0,20513400.0,138.5743,138.5763,138.4543
2025-09-11,511010,国债ETF,138.5803,1229280891.0,8707900.0,138.5073,138.6343,138.4583
2025-09-12,511010,国债ETF,138.6253,2531881924.0,17919200.0,138.5823,138.6593,138.5803
2025-09-15,511010,国债ETF,138.7143,1777011590.0,12568500.0,138.6883,138.7683,138.6343
2025-09-16,511010,国债ETF,138.7993,2012786765.0,14236300.0,139.1243,139.1283,138.4903
2025-09-17,511010,国债ETF,138.9563,1051596980.0,7428600.0,138.8293,138.9633,138.7643
2025-09-18,511010,国债ETF,138.8643,209446427.0,1479500.0,138.9333,138.9343,138.8523
2025-09-19,511010,国债ETF,138.7093,317255213.0,2242400.0,138.8643,138.8983,138.6543
2025-09-22,511010,国债ETF,138.8213,653769526.0,4620700.0,138.7243,139.0343,138.7033
2025-09-23,511010,国债ETF,138.6963,286766979.0,2050300.0,138.8743,138.8743,138.5753
2025-09-24,511010,国债ETF,138.5783,239540100.0,1712400.0,138.7473,138.7473,138.5623
2025-09-25,511010,国债ETF,138.5263,152811779.0,1094000.0,138.5163,138.5673,138.3913
2025-09-26,511010,国债ETF,138.6303,191160931.0,1367000.0,138.5543,138.6773,138.5343
2025-09-29,511010,国债ETF,138.5953,119550758.0,854800.0,138.6843,138.7123,138.5783
2025-09-30,511010,国债ETF,138.8023,130786484.0,934400.0,138.6043,138.8143,138.5953
2025-10-09,511010,国债ETF,138.8973,2903212974.0,20722427.0,138.8143,138.9183,138.7233
2025-10-10,511010,国债ETF,138.8673,131187618.0,936078.0,138.9083,138.9693,138.8583
2025-10-13,511010,国债ETF,138.9083,2041830215.0,14569286.0,138.8933,138.9393,138.8643
2025-10-14,511010,国债ETF,138.9553,3864121551.0,27577572.0,138.8843,138.9843,138.7843
2025-10-15,511010,国债ETF,138.9143,1951086403.0,13922400.0,138.9543,138.9543,138.8823
2025-10-16,511010,国债ETF,138.9203,225882754.0,1611500.0,138.9143,138.9593,138.9133
2025-10-17,511010,国债ETF,139.0203,3820809676.0,27247100.0,138.9473,139.0233,138.9323
2025-10-20,511010,国债ETF,138.8963,2696776998.0,19245600.0,138.9693,138.9833,138.8783
2025-10-21,511010,国债ETF,138.9163,2360352711.0,16841800.0,138.8953,138.9423,138.8523
2025-10-22,511010,国债ETF,138.9423,763689778.0,5449000.0,138.9163,138.9723,138.9073
2025-10-23,511010,国债ETF,138.9023,205131598.0,1463500.0,138.9433,138.9773,138.8873
2025-10-24,511010,国债ETF,138.8933,1857074922.0,13253100.0,138.9013,138.9383,138.8893
2025-10-27,511010,国债ETF,138.9403,310154177.0,2213000.0,138.8553,138.9733,138.8113
2025-10-28,511010,国债ETF,139.2193,1790619992.0,12752800.0,139.1023,139.2203,139.0503
2025-10-29,511010,国债ETF,139.3353,288715938.0,2053900.0,139.1693,139.4143,139.1303
2025-10-30,511010,国债ETF,139.4483,1671640546.0,11884600.0,139.4033,139.4733,139.3523
2025-10-31,511010,国债ETF,139.4643,1514989542.0,10768200.0,139.4973,139.5543,139.4333
2025-11-03,511010,国债ETF,139.4023,2919850898.0,20762900.0,139.4673,139.5013,139.3793
2025-11-04,511010,国债ETF,139.3953,163167321.0,1160600.0,139.4243,139.4243,139.3343
2025-11-05,511010,国债ETF,139.4003,1697717912.0,12072100.0,139.4483,139.4553,139.3863
2025-11-06,511010,国债ETF,139.3343,3152261364.0,22426300.0,139.4013,139.4193,139.3093
2025-11-07,511010,国债ETF,139.3633,1214077719.0,8636200.0,139.3623,139.3863,139.3343
2025-11-10,511010,国债ETF,139.3593,342585581.0,2436900.0,139.3633,139.3723,139.3143
2025-11-11,511010,国债ETF,139.3763,994472664.0,7071800.0,139.3533,139.4523,139.3533
2025-11-12,511010,国债ETF,139.4343,1626726873.0,11565500.0,139.4403,139.4403,139.3943
2025-11-13,511010,国债ETF,139.3783,567929741.0,4039100.0,139.4343,139.4403,139.3623
2025-11-14,511010,国债ETF,139.3613,1538069442.0,10940800.0,139.3783,139.4043,139.3393
2025-11-17,511010,国债ETF,139.3873,2389023218.0,16989652.0,139.3613,139.4193,139.3613
2025-11-18,511010,国债ETF,139.3953,2292207003.0,16301900.0,139.3873,139.4143,139.3603
2025-11-19,511010,国债ETF,139.3533,102803877.0,731300.0,139.3963,139.4063,139.3343
2025-11-20,511010,国债ETF,139.4263,123069611.0,875000.0,139.3523,139.4603,139.3383
2025-11-21,511010,国债ETF,139.3883,312346385.0,2221100.0,139.4423,139.4693,139.3583
2025-11-24,511010,国债ETF,139.4043,362680824.0,2578750.0,139.3833,139.4373,139.3743
2025-11-25,511010,国债ETF,139.4073,178675378.0,1270450.0,139.4043,139.4413,139.3843
2025-11-26,511010,国债ETF,139.2553,120220448.0,855275.0,139.4193,139.4193,139.2523
2025-11-27,511010,国债ETF,139.2473,2475191555.0,17620800.0,139.2573,139.2743,139.2113
2025-11-28,511010,国债ETF,139.3023,767277624.0,5460400.0,139.2483,139.3043,139.2353
2025-12-01,511010,国债ETF,139.3493,97746569.0,695500.0,139.3003,139.3733,139.2483
2025-12-02,511010,国债ETF,139.3143,1946453657.0,13848200.0,139.3603,139.3673,139.3043
2025-12-03,511010,国债ETF,139.3263,303603829.0,2160200.0,139.3143,139.3853,139.2943
2025-12-04,511010,国债ETF,139.1853,101194425.0,720600.0,139.3253,139.3263,139.1573
2025-12-05,511010,国债ETF,139.2573,1129231503.0,8040300.0,139.1903,139.2853,139.1743
2025-12-08,511010,国债ETF,139.2423,144721563.0,1030400.0,139.2803,139.2803,139.1793
2025-12-09,511010,国债ETF,139.3193,652541606.0,4643100.0,139.2853,139.3353,139.2833
2025-12-10,511010,国债ETF,139.3403,480455777.0,3418700.0,139.3033,139.3533,139.2943
2025-12-11,511010,国债ETF,139.4343,998954330.0,7102100.0,139.3623,139.4453,139.3463
2025-12-12,511010,国债ETF,139.3953,1710045851.0,12159260.0,139.5223,139.5223,139.3443
2025-12-15,511010,国债ETF,139.3363,133867934.0,952200.0,139.3663,139.3983,139.3263
2025-12-16,511010,国债ETF,139.3103,1094298398.0,7784700.0,139.3093,139.3853,139.3023
2025-12-17,511010,国债ETF,139.4033,1220560151.0,8683720.0,139.3273,139.4073,139.2943
2025-12-18,511010,国债ETF,139.4873,215201281.0,1529630.0,139.4103,139.5163,139.3713
2025-12-19,511010,国债ETF,139.5613,287806491.0,2044800.0,139.5243,139.5723,139.4953
2025-12-22,511010,国债ETF,139.4893,463266345.0,3291310.0,139.5643,139.5723,139.4463
2025-12-23,511010,国债ETF,139.7263,1590619850.0,11294900.0,139.4853,139.7393,139.4813
2025-12-24,511010,国债ETF,139.6683,391354276.0,2778100.0,139.6753,139.7023,139.6173
2025-12-25,511010,国债ETF,139.6213,350359154.0,2486500.0,139.6683,139.7003,139.6063
2025-12-26,511010,国债ETF,139.7135,301239032.0,2147600.0,139.6285,139.7195,139.6285
2025-12-29,511010,国债ETF,139.5445,898161012.0,6411000.0,139.6955,139.7435,139.4985
2025-12-30,511010,国债ETF,139.5215,319708291.0,2281800.0,139.5445,139.5705,139.4765
2025-12-31,511010,国债ETF,139.5245,241243464.0,1722600.0,139.5275,139.5325,139.4535
2026-01-05,511010,国债ETF,139.3935,181611918.0,1297200.0,139.5185,139.5185,139.3825
2026-01-06,511010,国债ETF,139.2885,1570924207.0,11235700.0,139.3935,139.3985,139.2205
2026-01-07,511010,国债ETF,139.2115,2340480836.0,16737800.0,139.2295,139.2985,139.1305
2026-01-08,511010,国债ETF,139.3325,557781282.0,3989500.0,139.2785,139.3375,139.2085
2026-01-09,511010,国债ETF,139.3215,171833972.0,1228600.0,139.3325,139.3375,139.2385
2026-01-12,511010,国债ETF,139.3905,234056872.0,1672500.0,139.2995,139.4535,139.1995
2026-01-13,511010,国债ETF,139.4305,112451723.0,803421.0,139.4085,139.4435,139.3525
2026-01-14,511010,国债ETF,139.5215,2104882648.0,15037800.0,139.4565,139.5835,139.3565
2026-01-15,511010,国债ETF,139.5765,171717523.0,1225400.0,139.5215,139.6325,139.4705
2026-01-16,511010,国债ETF,139.6665,399848109.0,2852500.0,139.5465,139.6985,139.5465
2026-01-19,511010,国债ETF,139.6575,2731692858.0,19480300.0,139.7125,139.7185,139.6445
2026-01-20,511010,国债ETF,139.7465,1843502135.0,13143200.0,139.6785,139.7535,139.6535
2026-01-21,511010,国债ETF,139.7435,104913570.0,747800.0,139.7495,139.7735,139.6815
2026-01-22,511010,国债ETF,139.7305,4586112978.0,32689200.0,139.7085,139.7725,139.7085
2026-01-23,511010,国债ETF,139.7775,2609245846.0,18594100.0,139.7115,139.8265,139.6995
2026-01-26,511010,国债ETF,139.7505,201839995.0,1438230.0,139.7805,139.8085,139.7395
2026-01-27,511010,国债ETF,139.7635,2902384149.0,20681100.0,139.7525,139.8045,139.7365
2026-01-28,511010,国债ETF,139.7855,282511254.0,2013000.0,139.7445,139.7925,139.7435
2026-01-29,511010,国债ETF,139.8715,2455320580.0,17475500.0,139.7925,139.9345,139.7805
2026-01-30,511010,国债ETF,139.8575,132960114.0,946700.0,139.8725,139.9255,139.8345
2026-02-02,511010,国债ETF,139.8605,2851431322.0,20306330.0,139.8775,139.9055,139.8285
2026-02-03,511010,国债ETF,139.9095,247050033.0,1758900.0,139.8425,139.9235,139.8035
2026-02-04,511010,国债ETF,139.8945,2833934279.0,20175000.0,139.9285,139.9285,139.8645
2026-02-05,511010,国债ETF,139.9785,112208158.0,798700.0,139.8945,139.9805,139.8635
2026-02-06,511010,国债ETF,140.0145,180871019.0,1286800.0,140.0285,140.0285,139.9415
2026-02-09,511010,国债ETF,140.1005,119245705.0,847900.0,140.0085,140.1055,139.9715
2026-02-10,511010,国债ETF,140.0975,76259714.0,542120.0,140.1085,140.1205,140.0075
2026-02-11,511010,国债ETF,140.1615,85336447.0,606400.0,140.1035,140.1715,140.0965
2026-02-12,511010,国债ETF,140.2195,85023235.0,604000.0,140.1575,140.2265,140.1315
2026-02-13,511010,国债ETF,140.2735,264879853.0,1880900.0,140.3185,140.3385,140.1985
2026-02-24,511010,国债ETF,140.2895,149773178.0,1063300.0,140.2635,140.3135,140.2325
2026-02-25,511010,国债ETF,140.1735,139060363.0,987700.0,140.2895,140.2895,140.1655
2026-02-26,511010,国债ETF,140.0385,125362222.0,891400.0,140.1735,140.1815,140.0255
2026-02-27,511010,国债ETF,140.1265,1633170980.0,11610100.0,140.0385,140.1295,140.0235
2026-03-02,511010,国债ETF,140.2475,113379940.0,805364.0,140.1275,140.2475,140.1275
2026-03-03,511010,国债ETF,140.2365,220550049.0,1566300.0,140.2475,140.2535,140.1985
2026-03-04,511010,国债ETF,140.3575,85755837.0,608800.0,140.2535,140.3685,140.2305
2026-03-05,511010,国债ETF,140.2985,1445202167.0,10259900.0,140.3585,140.3615,140.2615
2026-03-06,511010,国债ETF,140.3345,3623453034.0,25719200.0,140.3015,140.3415,140.3015
2026-03-09,511010,国债ETF,140.1655,1372498930.0,9751400.0,140.3365,140.3405,140.1485
2026-03-10,511010,国债ETF,140.1735,333197917.0,2368100.0,140.1905,140.2235,140.1085
2026-03-11,511010,国债ETF,140.1635,518344812.0,3683300.0,140.1605,140.1835,140.1175
2026-03-12,511010,国债ETF,140.1675,718108320.0,5102600.0,140.1275,140.1935,140.1265
2026-03-13,511010,国债ETF,140.2005,194367506.0,1380700.0,140.1855,140.2285,140.1545
2026-03-16,511010,国债ETF,140.1065,2089975756.0,14854000.0,140.2035,140.2285,140.0935
2026-03-17,511010,国债ETF,140.1085,381256370.0,2710100.0,140.1165,140.1525,140.0985
2026-03-18,511010,国债ETF,140.2465,196057791.0,1392800.0,140.1185,140.2475,140.0585
2026-03-19,511010,国债ETF,140.3225,3444857036.0,24451000.0,140.2385,140.3325,140.2005
2026-03-20,511010,国债ETF,140.2815,2658540561.0,18874800.0,140.3165,140.3165,140.2735
2026-03-23,511010,国债ETF,140.2285,353840647.0,2512600.0,140.2515,140.3555,140.1955
2026-03-24,511010,国债ETF,140.1925,410657475.0,2917100.0,140.2285,140.2285,140.1785
2026-03-25,511010,国债ETF,140.237,1451880805.0,10356200.0,140.181,140.31,140.166
2026-03-26,511010,国债ETF,140.291,360196720.0,2567800.0,140.23,140.339,140.212
2026-03-27,511010,国债ETF,140.376,1645336838.0,11722947.0,140.295,140.38,140.272
2026-03-30,511010,国债ETF,140.464,1530325060.0,10897700.0,140.385,140.486,140.385
2026-03-31,511010,国债ETF,140.504,372298158.0,2650200.0,140.486,140.518,140.435
2026-04-01,511010,国债ETF,140.385,1276869393.0,9095700.0,140.503,140.503,140.37
2026-04-02,511010,国债ETF,140.41,393562799.0,2803700.0,140.393,140.443,140.343
2026-04-03,511010,国债ETF,140.476,216651600.0,1542300.0,140.417,140.495,140.417
2026-04-07,511010,国债ETF,140.459,256892861.0,1828800.0,140.476,140.512,140.451
2026-04-08,511010,国债ETF,140.387,993720023.0,7077600.0,140.44,140.44,140.3
2026-04-09,511010,国债ETF,140.404,358126493.0,2551100.0,140.387,140.446,140.355
2026-04-10,511010,国债ETF,140.406,571981864.0,4074100.0,140.404,140.415,140.374
2026-04-13,511010,国债ETF,140.442,427188473.0,3041800.0,140.412,140.458,140.38
2026-04-14,511010,国债ETF,140.468,722004013.0,5140772.0,140.446,140.498,140.42
2026-04-15,511010,国债ETF,140.601,465441359.0,3311800.0,140.45,140.609,140.448
2026-04-16,511010,国债ETF,140.687,410935490.0,2921500.0,140.606,140.697,140.568
2026-04-17,511010,国债ETF,140.754,335391041.0,2383000.0,140.686,140.763,140.686
2026-04-20,511010,国债ETF,140.739,800322151.0,5686600.0,140.756,140.795,140.72
2026-04-21,511010,国债ETF,140.734,112355403.0,798200.0,140.723,140.778,140.703
2026-04-22,511010,国债ETF,140.837,416911557.0,2960800.0,140.774,140.843,140.766
2026-04-23,511010,国债ETF,140.837,714682913.0,5075000.0,140.837,140.842,140.77
2026-04-24,511010,国债ETF,140.899,690287943.0,4898441.0,140.844,140.93,140.839
2026-04-27,511010,国债ETF,140.701,434322626.0,3084900.0,140.841,140.855,140.688
2026-04-28,511010,国债ETF,140.82,1190676364.0,8455400.0,140.76,140.839,140.742
2026-04-29,511010,国债ETF,140.899,587490081.0,4170400.0,140.83,140.899,140.812
2026-04-30,511010,国债ETF,140.873,2423305309.0,17200600.0,140.901,140.931,140.87
2026-05-06,511010,国债ETF,140.811,678304691.0,4819000.0,140.8,140.87,140.717
2026-05-07,511010,国债ETF,140.82,769267027.0,5461578.0,140.811,140.882,140.789
2026-05-08,511010,国债ETF,140.9,2831456493.0,20099500.0,140.848,140.9,140.848
2026-05-11,511010,国债ETF,140.911,509168664.0,3614600.0,140.896,140.93,140.794
2026-05-12,511010,国债ETF,140.963,453697250.0,3219200.0,140.928,140.986,140.89
2026-05-13,511010,国债ETF,140.999,287814920.0,2041390.0,140.963,141.009,140.962
2026-05-14,511010,国债ETF,141.011,219193453.0,1554500.0,141.009,141.02,140.977
2026-05-15,511010,国债ETF,141.074,261157821.0,1851400.0,141.046,141.096,141.014
2026-05-18,511010,国债ETF,141.126,257802404.0,1827300.0,141.076,141.136,141.0
2026-05-19,511010,国债ETF,141.247,525124559.0,3718778.0,141.122,141.269,141.122
2026-05-20,511010,国债ETF,141.278,213001454.0,1507800.0,141.248,141.299,141.234
2026-05-21,511010,国债ETF,141.191,284969253.0,2017500.0,141.275,141.291,141.181
2026-05-22,511010,国债ETF,141.204,148471271.0,1051600.0,141.193,141.215,141.148
2026-05-25,511010,国债ETF,141.176,228006970.0,1615178.0,141.202,141.202,141.145
2026-05-26,511010,国债ETF,141.23,143613189.0,1017078.0,141.176,141.235,141.176
2026-05-27,511010,国债ETF,141.302,1025342458.0,7257810.0,141.232,141.307,141.231
2026-05-28,511010,国债ETF,141.417,262327548.0,1855400.0,141.327,141.418,141.323
2026-05-29,511010,国债ETF,141.499,937183209.0,6625000.0,141.41,141.504,141.388
2026-06-01,511010,国债ETF,141.504,384406914.0,2716600.0,141.498,141.526,141.475
2026-06-02,511010,国债ETF,141.48,412757992.0,2917300.0,141.503,141.525,141.47
2026-06-03,511010,国债ETF,141.464,485092362.0,3429000.0,141.481,141.508,141.448
2026-06-04,511010,国债ETF,141.504,501012003.0,3541200.0,141.465,141.525,141.413
2026-06-05,511010,国债ETF,141.5,418197984.0,2955300.0,141.512,141.565,141.481
2026-06-08,511010,国债ETF,141.409,287548734.0,2033600.0,141.477,141.489,141.351
2026-06-09,511010,国债ETF,141.345,427297140.0,3022600.0,141.411,141.439,141.331
2026-06-10,511010,国债ETF,141.278,385946408.0,2730900.0,141.333,141.379,141.276
2026-06-11,511010,国债ETF,141.138,359519948.0,2545900.0,141.278,141.28,141.137
2026-06-12,511010,国债ETF,141.163,388751195.0,2754000.0,141.134,141.226,141.134
