date,code,name,close,amount,volume,open,high,low
2018-01-02,513100,纳指ETF,0.4436,7093731.0,16018500.0,0.4438,0.4438,0.4412
2018-01-03,513100,纳指ETF,0.4496,7863530.0,17518000.0,0.4486,0.4502,0.448
2018-01-04,513100,纳指ETF,0.451199999,7107021.0,15759000.0,0.451999999,0.452799999,0.4496
2018-01-05,513100,纳指ETF,0.45,7162616.0,15901500.0,0.451199999,0.4514,0.4496
2018-01-08,513100,纳指ETF,0.453599999,9610597.0,21243000.0,0.4526,0.4538,0.4518
2018-01-09,513100,纳指ETF,0.4548,7977034.0,17557500.0,0.454,0.455,0.4532
2018-01-10,513100,纳指ETF,0.457,9378827.0,20579000.0,0.4546,0.4574,0.4542
2018-01-11,513100,纳指ETF,0.4566,9967423.0,21844500.0,0.4558,0.4578,0.455
2018-01-12,513100,纳指ETF,0.462399999,9563087.0,20776500.0,0.459,0.4634,0.4582
2018-01-15,513100,纳指ETF,0.4618,6242462.0,13508000.0,0.4622,0.4638,0.461
2018-01-16,513100,纳指ETF,0.4612,5565465.0,12080000.0,0.4622,0.4622,0.459999999
2018-01-17,513100,纳指ETF,0.4586,7105117.0,15520000.0,0.459199999,0.459199999,0.456799999
2018-01-18,513100,纳指ETF,0.4626,6859781.0,14826545.0,0.4618,0.463199999,0.461599999
2018-01-19,513100,纳指ETF,0.462,5999014.0,12997120.0,0.4618,0.4628,0.461
2018-01-22,513100,纳指ETF,0.459999999,6495969.0,14096500.0,0.4636,0.4636,0.459999999
2018-01-23,513100,纳指ETF,0.4652,8991010.0,19368500.0,0.4634,0.465599999,0.463199999
2018-01-24,513100,纳指ETF,0.4688,11023323.0,23579000.0,0.466,0.4688,0.466
2018-01-25,513100,纳指ETF,0.464799999,4681552.0,10078000.0,0.465599999,0.465599999,0.463999999
2018-01-26,513100,纳指ETF,0.463999999,7482064.0,16131500.0,0.464799999,0.464799999,0.4628
2018-01-29,513100,纳指ETF,0.4688,6766962.0,14447500.0,0.4682,0.469,0.468
2018-01-30,513100,纳指ETF,0.463999999,7164461.0,15410500.0,0.4666,0.4666,0.4636
2018-01-31,513100,纳指ETF,0.4618,6212475.0,13485000.0,0.4606,0.4618,0.4586
2018-02-01,513100,纳指ETF,0.461,6018640.0,13016500.0,0.4622,0.463999999,0.460799999
2018-02-02,513100,纳指ETF,0.4588,9595170.0,20920000.0,0.4586,0.459999999,0.458
2018-02-05,513100,纳指ETF,0.4454,15846142.0,35627290.0,0.449,0.449,0.4402
2018-02-06,513100,纳指ETF,0.419,25377299.0,60350000.0,0.418,0.4252,0.418
2018-02-07,513100,纳指ETF,0.4328,19272738.0,44325000.0,0.432,0.438,0.4316
2018-02-08,513100,纳指ETF,0.4338,5002576.0,11570000.0,0.432,0.4348,0.4284
2018-02-09,513100,纳指ETF,0.4184,23154357.0,55569835.0,0.4158,0.419,0.411599999
2018-02-12,513100,纳指ETF,0.426199999,9810794.0,23180000.0,0.4228,0.4264,0.4206
2018-02-13,513100,纳指ETF,0.4328,5230367.0,12092500.0,0.4322,0.4344,0.430999999
2018-02-14,513100,纳指ETF,0.4386,3693896.0,8454500.0,0.4354,0.4386,0.4348
2018-02-22,513100,纳指ETF,0.4464,7630247.0,17109500.0,0.4462,0.4472,0.4446
2018-02-23,513100,纳指ETF,0.4498,10120874.0,22510010.0,0.4486,0.4514,0.4472
2018-02-26,513100,纳指ETF,0.458399999,6143799.0,13399500.0,0.4564,0.4596,0.4564
2018-02-27,513100,纳指ETF,0.463999999,5417973.0,11675000.0,0.4646,0.465,0.4634
2018-02-28,513100,纳指ETF,0.4572,8818159.0,19319500.0,0.4566,0.4578,0.4558
2018-03-01,513100,纳指ETF,0.457599999,6361562.0,13955285.0,0.4562,0.457599999,0.4532
2018-03-02,513100,纳指ETF,0.4506,7112372.0,15794950.0,0.4526,0.4526,0.4496
2018-03-05,513100,纳指ETF,0.453599999,3707801.0,8172000.0,0.4542,0.4546,0.4526
2018-03-06,513100,纳指ETF,0.4596,2830498.0,6165000.0,0.4596,0.4598,0.458399999
2018-03-07,513100,纳指ETF,0.456799999,3908335.0,8543500.0,0.459,0.459,0.4562
2018-03-08,513100,纳指ETF,0.4604,3043616.0,6616000.0,0.4594,0.460799999,0.4594
2018-03-09,513100,纳指ETF,0.4638,3556566.0,7670500.0,0.4622,0.4642,0.4622
2018-03-12,513100,纳指ETF,0.4736,7931256.0,16761500.0,0.474,0.476,0.4722
2018-03-13,513100,纳指ETF,0.4736,6033214.0,12746500.0,0.4738,0.4746,0.4726
2018-03-14,513100,纳指ETF,0.4676,2392670.0,5122000.0,0.468,0.4684,0.4666
2018-03-15,513100,纳指ETF,0.4674,4582972.0,9803000.0,0.466399999,0.4692,0.4644
2018-03-16,513100,纳指ETF,0.4676,3083192.0,6596500.0,0.4676,0.4682,0.4668
2018-03-19,513100,纳指ETF,0.4666,2306253.0,4936000.0,0.4676,0.468,0.4666
2018-03-20,513100,纳指ETF,0.4586,5692903.0,12433000.0,0.459199999,0.459199999,0.4564
2018-03-21,513100,纳指ETF,0.4588,1933996.0,4213500.0,0.4586,0.4614,0.4586
2018-03-22,513100,纳指ETF,0.457599999,2002522.0,4371500.0,0.4588,0.4588,0.4574
2018-03-23,513100,纳指ETF,0.4408,10561585.0,23932000.0,0.4436,0.4436,0.4396
2018-03-26,513100,纳指ETF,0.437399999,7799212.0,17930785.0,0.4324,0.44,0.4324
2018-03-27,513100,纳指ETF,0.454,6918950.0,15368785.0,0.4476,0.4554,0.4462
2018-03-28,513100,纳指ETF,0.437,8650640.0,19750000.0,0.438199999,0.44,0.434999999
2018-03-29,513100,纳指ETF,0.4372,6237978.0,14377500.0,0.4352,0.437399999,0.432
2018-03-30,513100,纳指ETF,0.4388,4087402.0,9314000.0,0.438999999,0.441399999,0.4372
2018-04-02,513100,纳指ETF,0.4354,3619382.0,8299000.0,0.4378,0.4378,0.4344
2018-04-03,513100,纳指ETF,0.4252,8257613.0,19440500.0,0.4266,0.4266,0.4238
2018-04-04,513100,纳指ETF,0.426,4066468.0,9533000.0,0.4266,0.4274,0.426
2018-04-09,513100,纳指ETF,0.428599999,7187951.0,16798000.0,0.4264,0.429,0.426199999
2018-04-10,513100,纳指ETF,0.4372,9113555.0,21018500.0,0.4312,0.437399999,0.4306
2018-04-11,513100,纳指ETF,0.437,5346321.0,12194000.0,0.439799999,0.442,0.436599999
2018-04-12,513100,纳指ETF,0.4362,4641067.0,10650505.0,0.4364,0.436599999,0.434999999
2018-04-13,513100,纳指ETF,0.440599999,4216635.0,9592000.0,0.438999999,0.440599999,0.4388
2018-04-16,513100,纳指ETF,0.4378,4487786.0,10253000.0,0.438999999,0.438999999,0.437
2018-04-17,513100,纳指ETF,0.4416,4324809.0,9809500.0,0.4394,0.4418,0.4394
2018-04-18,513100,纳指ETF,0.4494,7761097.0,17257000.0,0.4524,0.4524,0.4484
2018-04-19,513100,纳指ETF,0.4498,4644107.0,10314000.0,0.4498,0.4506,0.4498
2018-04-20,513100,纳指ETF,0.4472,2987056.0,6683000.0,0.4474,0.449,0.446
2018-04-23,513100,纳指ETF,0.4404,6193016.0,14043500.0,0.4418,0.4456,0.4396
2018-04-24,513100,纳指ETF,0.443,7709492.0,17500005.0,0.4388,0.443,0.437
2018-04-25,513100,纳指ETF,0.434199999,6824957.46,15733475.0,0.433399999,0.4346,0.4332
2018-04-26,513100,纳指ETF,0.434199999,5306276.545,12218975.0,0.4348,0.4356,0.433399999
2018-04-27,513100,纳指ETF,0.4466,11375584.249,25639935.0,0.4402,0.447,0.4402
2018-05-02,513100,纳指ETF,0.4462,3462095.0,7768000.0,0.447,0.447,0.4434
2018-05-03,513100,纳指ETF,0.4442,4688944.124,10561980.0,0.4438,0.445,0.4422
2018-05-04,513100,纳指ETF,0.4456,3014106.3,6776500.0,0.4438,0.4456,0.4432
2018-05-07,513100,纳指ETF,0.454,8687697.8,19151500.0,0.454,0.4546,0.4524
2018-05-08,513100,纳指ETF,0.4548,7453548.5,16360000.0,0.4554,0.457,0.4546
2018-05-09,513100,纳指ETF,0.454399999,3323916.2,7312000.0,0.4548,0.4558,0.4542
2018-05-10,513100,纳指ETF,0.460799999,4182903.9,9085000.0,0.461,0.4612,0.4596
2018-05-11,513100,纳指ETF,0.4634,5139639.7,11075000.0,0.465,0.466,0.463199999
2018-05-14,513100,纳指ETF,0.463,5233605.9,11313000.0,0.4634,0.463999999,0.4618
2018-05-15,513100,纳指ETF,0.4622,12595975.9,27297000.0,0.463,0.463,0.4604
2018-05-16,513100,纳指ETF,0.4578,3812374.9,8325500.0,0.458399999,0.461599999,0.457
2018-05-17,513100,纳指ETF,0.4618,4953652.144,10731590.0,0.4606,0.462399999,0.4606
2018-05-18,513100,纳指ETF,0.461599999,2258587.0,4893000.0,0.460799999,0.462,0.460799999
2018-05-21,513100,纳指ETF,0.464799999,7159345.381,15421170.0,0.462,0.4654,0.461599999
2018-05-22,513100,纳指ETF,0.463199999,4078153.075,8801325.0,0.4646,0.4646,0.461599999
2018-05-23,513100,纳指ETF,0.4596,3549911.9,7715000.0,0.462399999,0.462399999,0.4594
2018-05-24,513100,纳指ETF,0.4646,4395970.8,9479500.0,0.4672,0.4672,0.462399999
2018-05-25,513100,纳指ETF,0.4654,3971381.7,8541000.0,0.4646,0.465599999,0.4644
2018-05-28,513100,纳指ETF,0.4674,2592081.9,5554500.0,0.4654,0.468,0.465
2018-05-29,513100,纳指ETF,0.467,3668453.5,7845500.0,0.4674,0.4684,0.4654
2018-05-30,513100,纳指ETF,0.4638,4917896.8,10604500.0,0.463999999,0.464799999,0.462399999
2018-05-31,513100,纳指ETF,0.47,3837236.0,8176500.0,0.467,0.47,0.467
2018-06-01,513100,纳指ETF,0.4682,4526529.5,9682000.0,0.469,0.4696,0.4666
2018-06-04,513100,纳指ETF,0.4768,7545583.0,15845000.0,0.475,0.4768,0.475
2018-06-05,513100,纳指ETF,0.4828,12991674.8,26971500.0,0.4788,0.483,0.4782
2018-06-06,513100,纳指ETF,0.484,6651051.8,13748000.0,0.483,0.485799999,0.483
2018-06-07,513100,纳指ETF,0.4878,9769357.7,20036000.0,0.486599999,0.488199999,0.486599999
2018-06-08,513100,纳指ETF,0.480999999,7690247.0,15953000.0,0.4844,0.4846,0.4808
2018-06-11,513100,纳指ETF,0.4862,6702166.2,13798000.0,0.480999999,0.488,0.480999999
2018-06-12,513100,纳指ETF,0.4876,5990718.8,12327500.0,0.487399999,0.4876,0.484199999
2018-06-13,513100,纳指ETF,0.4902,5527050.6,11232275.0,0.489799999,0.4932,0.489799999
2018-06-14,513100,纳指ETF,0.4872,7646993.7,15707000.0,0.4886,0.4886,0.486
2018-06-15,513100,纳指ETF,0.4944,8157967.867,16550005.0,0.4904,0.4952,0.4904
2018-06-19,513100,纳指ETF,0.4884,11895224.6,24248000.0,0.4944,0.4944,0.487
2018-06-20,513100,纳指ETF,0.4916,10711241.9,21886000.0,0.488,0.494,0.488
2018-06-21,513100,纳指ETF,0.501,17255275.9,34506500.0,0.495,0.5026,0.495
2018-06-22,513100,纳指ETF,0.4976,19237447.0,38888500.0,0.4928,0.4986,0.4928
2018-06-25,513100,纳指ETF,0.4942,14623987.3,29566500.0,0.494,0.4972,0.4924
2018-06-26,513100,纳指ETF,0.4862,21537862.3,44464500.0,0.484,0.4884,0.482
2018-06-27,513100,纳指ETF,0.482599999,20160924.0,41494000.0,0.489799999,0.489799999,0.4824
2018-06-28,513100,纳指ETF,0.4792,12920898.0,27008480.0,0.4776,0.479399999,0.476999999
2018-06-29,513100,纳指ETF,0.489799999,14120565.0,28950000.0,0.4854,0.489799999,0.4844
2018-07-02,513100,纳指ETF,0.487399999,9264634.0,18963500.0,0.4896,0.4896,0.4868
2018-07-03,513100,纳指ETF,0.5006,20008209.0,40138000.0,0.493,0.501199999,0.493
2018-07-04,513100,纳指ETF,0.4918,14976771.0,30382500.0,0.4942,0.496,0.4902
2018-07-05,513100,纳指ETF,0.492,6915359.0,14072000.0,0.4902,0.4926,0.488999999
2018-07-06,513100,纳指ETF,0.4994,12392082.0,24871000.0,0.4984,0.5,0.496
2018-07-09,513100,纳指ETF,0.514799999,21263686.0,41614000.0,0.5078,0.514799999,0.5054
2018-07-10,513100,纳指ETF,0.5208,16432242.0,31662000.0,0.5184,0.524,0.513999999
2018-07-11,513100,纳指ETF,0.510799999,37442230.0,73150000.0,0.513999999,0.517,0.5078
2018-07-12,513100,纳指ETF,0.515599999,29396726.0,57261850.0,0.5118,0.515599999,0.509999999
2018-07-13,513100,纳指ETF,0.5206,30585529.0,58736500.0,0.52,0.5232,0.5182
2018-07-16,513100,纳指ETF,0.5168,14034811.0,27089000.0,0.52,0.52,0.516
2018-07-17,513100,纳指ETF,0.5118,30959309.0,60433980.0,0.5154,0.515599999,0.511
2018-07-18,513100,纳指ETF,0.519,22215169.0,42868500.0,0.5188,0.5194,0.5168
2018-07-19,513100,纳指ETF,0.5214,15474539.0,29757000.0,0.5192,0.5216,0.518
2018-07-20,513100,纳指ETF,0.522,18548598.0,35576505.0,0.5196,0.5228,0.5192
2018-07-23,513100,纳指ETF,0.5204,14809373.0,28502000.0,0.5192,0.5208,0.5188
2018-07-24,513100,纳指ETF,0.5282,21886736.0,41536000.0,0.5244,0.5284,0.5244
2018-07-25,513100,纳指ETF,0.53,25719657.0,48682500.0,0.5266,0.530199999,0.5252
2018-07-26,513100,纳指ETF,0.5312,31696990.0,59591000.0,0.5332,0.5332,0.530199999
2018-07-27,513100,纳指ETF,0.5316,39520963.0,74033500.0,0.530199999,0.5382,0.5292
2018-07-30,513100,纳指ETF,0.5292,23086090.0,43915000.0,0.5226,0.5296,0.5218
2018-07-31,513100,纳指ETF,0.5168,48752976.0,94171850.0,0.522,0.523,0.5144
2018-08-01,513100,纳指ETF,0.5234,30228949.0,58054500.0,0.5206,0.5236,0.5186
2018-08-02,513100,纳指ETF,0.5246,30336054.0,57736000.0,0.5236,0.5272,0.523
2018-08-03,513100,纳指ETF,0.5404,45335876.0,84696000.0,0.5314,0.5416,0.5306
2018-08-06,513100,纳指ETF,0.5536,80220538.0,147188500.0,0.5382,0.5546,0.536599999
2018-08-07,513100,纳指ETF,0.5508,100692349.0,180930000.0,0.5528,0.5638,0.5482
2018-08-08,513100,纳指ETF,0.542,81581111.0,150329515.0,0.5516,0.5516,0.5384
2018-08-09,513100,纳指ETF,0.5346,116557303.0,217787000.0,0.54,0.54,0.531799999
2018-08-10,513100,纳指ETF,0.533399999,65815319.0,123516500.0,0.532599999,0.536,0.5306
2018-08-13,513100,纳指ETF,0.532,68950216.0,129556625.0,0.5298,0.5346,0.526999999
2018-08-14,513100,纳指ETF,0.535799999,39207309.0,73335625.0,0.5336,0.5364,0.532599999
2018-08-15,513100,纳指ETF,0.542,71270326.0,131613625.0,0.5396,0.544,0.5388
2018-08-16,513100,纳指ETF,0.5324,56904726.0,106455325.0,0.5332,0.537,0.5322
2018-08-17,513100,纳指ETF,0.5336,43692568.0,81833500.0,0.5346,0.534999999,0.533399999
2018-08-20,513100,纳指ETF,0.530999999,53452957.95,100702125.0,0.5344,0.5344,0.528599999
2018-08-21,513100,纳指ETF,0.5276,63989148.8,121285000.0,0.5298,0.5298,0.5264
2018-08-22,513100,纳指ETF,0.5272,43061997.0,81642000.0,0.528,0.528599999,0.5264
2018-08-23,513100,纳指ETF,0.533,49426015.7,92854500.0,0.5292,0.5336,0.5292
2018-08-24,513100,纳指ETF,0.5332,33242879.9,62343500.0,0.532599999,0.534,0.5322
2018-08-27,513100,纳指ETF,0.5356,56384252.2,105334500.0,0.5356,0.5372,0.5344
2018-08-28,513100,纳指ETF,0.541,58638847.0,108364000.0,0.54,0.5426,0.539
2018-08-29,513100,纳指ETF,0.5416,33977297.1,62757500.0,0.5414,0.5422,0.5402
2018-08-30,513100,纳指ETF,0.5496,69819462.9,127175000.0,0.5462,0.551,0.5462
2018-08-31,513100,纳指ETF,0.548,55544892.2,101399500.0,0.548,0.5492,0.5466
2018-09-03,513100,纳指ETF,0.5484,36673743.77,66785000.0,0.5486,0.5504,0.5478
2018-09-04,513100,纳指ETF,0.5508,33659577.34,61244150.0,0.5494,0.5508,0.5486
2018-09-05,513100,纳指ETF,0.5456,45999886.5,84200500.0,0.5486,0.5486,0.5448
2018-09-06,513100,纳指ETF,0.5368,51287046.5,95385500.0,0.538,0.5386,0.536599999
2018-09-07,513100,纳指ETF,0.5324,49547832.1,93091500.0,0.5324,0.533,0.5316
2018-09-10,513100,纳指ETF,0.536,36406337.0,68113300.0,0.532,0.5362,0.532
2018-09-11,513100,纳指ETF,0.5386,51548069.645,95699325.0,0.5372,0.5392,0.5368
2018-09-12,513100,纳指ETF,0.5444,42845763.0,78848500.0,0.5456,0.5456,0.5412
2018-09-13,513100,纳指ETF,0.539,38378664.0,71191000.0,0.542,0.542,0.538
2018-09-14,513100,纳指ETF,0.5444,38782802.0,71386000.0,0.5424,0.5446,0.542
2018-09-17,513100,纳指ETF,0.5418,26283879.0,48471500.0,0.5428,0.543,0.5418
2018-09-18,513100,纳指ETF,0.5346,57972777.0,108845500.0,0.532599999,0.5346,0.5316
2018-09-19,513100,纳指ETF,0.5392,58758380.0,109005500.0,0.539,0.5398,0.5372
2018-09-20,513100,纳指ETF,0.5382,39739480.0,73776500.0,0.5382,0.5394,0.5378
2018-09-21,513100,纳指ETF,0.544,58496169.0,107679500.0,0.5444,0.5446,0.5426
2018-09-25,513100,纳指ETF,0.5418,33947896.0,62760000.0,0.5404,0.542,0.5402
2018-09-26,513100,纳指ETF,0.5452,76593720.0,140660350.0,0.5426,0.5484,0.5414
2018-09-27,513100,纳指ETF,0.5442,36514468.0,67142500.0,0.5428,0.5446,0.5428
2018-09-28,513100,纳指ETF,0.5508,63730947.0,115749000.0,0.549,0.5518,0.549
2018-10-08,513100,纳指ETF,0.5354,34516485.0,64400500.0,0.5324,0.5376,0.5324
2018-10-09,513100,纳指ETF,0.534999999,26788292.0,50090510.0,0.5352,0.5364,0.533399999
2018-10-10,513100,纳指ETF,0.537,26626122.0,49680000.0,0.535799999,0.537,0.5352
2018-10-11,513100,纳指ETF,0.501999999,132898463.0,263992060.0,0.509999999,0.509999999,0.5006
2018-10-12,513100,纳指ETF,0.5128,68851531.0,135822000.0,0.501999999,0.513199999,0.501199999
2018-10-15,513100,纳指ETF,0.511,51989741.0,101239500.0,0.515,0.5174,0.510799999
2018-10-16,513100,纳指ETF,0.5118,20638982.0,40276500.0,0.5118,0.5134,0.511599999
2018-10-17,513100,纳指ETF,0.529399999,34271194.0,64988750.0,0.5272,0.5296,0.526
2018-10-18,513100,纳指ETF,0.5238,31080496.0,59275500.0,0.526,0.5268,0.5234
2018-10-19,513100,纳指ETF,0.5198,50512278.0,97500250.0,0.5158,0.5198,0.509999999
2018-10-22,513100,纳指ETF,0.5174,59768193.0,115929500.0,0.5152,0.5178,0.5128
2018-10-23,513100,纳指ETF,0.5088,71355952.0,139560500.0,0.5152,0.516,0.508399999
2018-10-24,513100,纳指ETF,0.512,62699892.0,122237500.0,0.512399999,0.515599999,0.5112
2018-10-25,513100,纳指ETF,0.4954,61009597.0,123551220.0,0.4918,0.496,0.490599999
2018-10-26,513100,纳指ETF,0.498,67272610.0,135165720.0,0.4992,0.4994,0.4952
2018-10-29,513100,纳指ETF,0.4966,33334310.0,66964850.0,0.498,0.500399999,0.4966
2018-10-30,513100,纳指ETF,0.489799999,69221175.0,141413720.0,0.4896,0.4922,0.4876
2018-10-31,513100,纳指ETF,0.4972,42269420.0,85381500.0,0.4936,0.4972,0.4936
2018-11-01,513100,纳指ETF,0.502799999,38034532.0,75248500.0,0.5056,0.507,0.5026
2018-11-02,513100,纳指ETF,0.5094,57448273.0,113162500.0,0.5064,0.5118,0.5054
2018-11-05,513100,纳指ETF,0.501,27067968.0,54106000.0,0.5018,0.5018,0.4992
2018-11-06,513100,纳指ETF,0.4998,54607008.0,109175500.0,0.5008,0.5018,0.4988
2018-11-07,513100,纳指ETF,0.5056,43744404.0,86380000.0,0.505,0.508399999,0.505
2018-11-08,513100,纳指ETF,0.5176,32721680.0,63121000.0,0.5188,0.5208,0.517
2018-11-09,513100,纳指ETF,0.515,26783697.0,51944780.0,0.516,0.5166,0.5146
2018-11-12,513100,纳指ETF,0.5136,23382028.0,45711500.0,0.5096,0.5136,0.5088
2018-11-13,513100,纳指ETF,0.4982,50517868.0,101690280.0,0.4962,0.4986,0.495
2018-11-14,513100,纳指ETF,0.4966,25435886.0,51217500.0,0.497,0.4978,0.4958
2018-11-15,513100,纳指ETF,0.4928,63746329.0,129629850.0,0.4916,0.4938,0.491
2018-11-16,513100,纳指ETF,0.4948,140490942.0,283190000.0,0.4978,0.4978,0.4944
2018-11-19,513100,纳指ETF,0.4968,50878594.0,102564590.0,0.4944,0.497,0.4944
2018-11-20,513100,纳指ETF,0.4792,66429429.0,138510450.0,0.4808,0.482,0.478599999
2018-11-21,513100,纳指ETF,0.4758,50540135.0,106705500.0,0.472,0.476,0.472
2018-11-22,513100,纳指ETF,0.475399999,20573838.0,43299050.0,0.476,0.476999999,0.4736
2018-11-23,513100,纳指ETF,0.4722,29495240.0,62362500.0,0.474,0.474,0.472
2018-11-26,513100,纳指ETF,0.4764,66462525.0,139888000.0,0.4726,0.4764,0.472
2018-11-27,513100,纳指ETF,0.482,21503298.0,44707740.0,0.480999999,0.4822,0.4798
2018-11-28,513100,纳指ETF,0.487,60014107.0,123325500.0,0.4844,0.488,0.4844
2018-11-29,513100,纳指ETF,0.4966,69074700.0,138683250.0,0.4998,0.4998,0.4966
2018-11-30,513100,纳指ETF,0.4986,51167918.0,102653990.0,0.4962,0.4992,0.4954
2018-12-03,513100,纳指ETF,0.511599999,61950577.0,121293500.0,0.5112,0.512,0.5082
2018-12-04,513100,纳指ETF,0.5026,44542140.0,88304060.0,0.5088,0.5088,0.5008
2018-12-05,513100,纳指ETF,0.4888,27251823.0,55865000.0,0.484199999,0.488999999,0.484199999
2018-12-06,513100,纳指ETF,0.4808,80659133.0,167688240.0,0.4836,0.484,0.4798
2018-12-07,513100,纳指ETF,0.488,22509509.0,46068500.0,0.49,0.4902,0.488
2018-12-10,513100,纳指ETF,0.4736,46957652.0,99145000.0,0.4736,0.4758,0.4726
2018-12-11,513100,纳指ETF,0.4798,223986759.0,465767500.0,0.477799999,0.485799999,0.477799999
2018-12-12,513100,纳指ETF,0.485799999,232721615.0,479351000.0,0.484,0.4884,0.4824
2018-12-13,513100,纳指ETF,0.4886,165812721.0,339282000.0,0.488,0.4912,0.4868
2018-12-14,513100,纳指ETF,0.4822,53934478.0,111591000.0,0.4854,0.4854,0.4816
2018-12-17,513100,纳指ETF,0.4774,62871147.0,131798500.0,0.476999999,0.4776,0.474
2018-12-18,513100,纳指ETF,0.4674,34517048.0,73887000.0,0.4678,0.4686,0.4658
2018-12-19,513100,纳指ETF,0.4672,35912101.0,76764000.0,0.469,0.4692,0.4668
2018-12-20,513100,纳指ETF,0.454399999,51878397.0,113782000.0,0.459999999,0.459999999,0.4532
2018-12-21,513100,纳指ETF,0.4534,59931647.0,132684000.0,0.4522,0.453599999,0.45
2018-12-24,513100,纳指ETF,0.4388,102475197.0,233721850.0,0.4404,0.4416,0.4372
2018-12-25,513100,纳指ETF,0.4246,50084487.0,117942450.0,0.4264,0.4266,0.4236
2018-12-26,513100,纳指ETF,0.424,70773627.0,166891400.0,0.4248,0.425399999,0.4232
2018-12-27,513100,纳指ETF,0.4472,160522112.0,357975200.0,0.4468,0.4514,0.4458
2018-12-28,513100,纳指ETF,0.4486,29559364.0,65677000.0,0.4506,0.4518,0.4486
2019-01-02,513100,纳指ETF,0.4466,36570533.0,81227000.0,0.453599999,0.4548,0.4464
2019-01-03,513100,纳指ETF,0.445,64309182.0,144013000.0,0.4458,0.4476,0.4444
2019-01-04,513100,纳指ETF,0.4448,88170188.0,199812000.0,0.436599999,0.4452,0.4364
2019-01-07,513100,纳指ETF,0.459199999,150081463.0,326371500.0,0.461,0.461599999,0.4578
2019-01-08,513100,纳指ETF,0.465599999,155387284.0,333896000.0,0.4626,0.4672,0.462399999
2019-01-09,513100,纳指ETF,0.4682,68151871.0,144984500.0,0.469,0.4716,0.4676
2019-01-10,513100,纳指ETF,0.4644,118273882.0,253943500.0,0.4682,0.4684,0.4644
2019-01-11,513100,纳指ETF,0.465599999,14633962.0,31382500.0,0.4678,0.4684,0.4652
2019-01-14,513100,纳指ETF,0.4604,125148880.0,271541500.0,0.4638,0.4638,0.459999999
2019-01-15,513100,纳指ETF,0.4644,89049135.0,192361500.0,0.4614,0.4644,0.4602
2019-01-16,513100,纳指ETF,0.4702,73654371.0,156393000.0,0.4696,0.472,0.4694
2019-01-17,513100,纳指ETF,0.4668,112828006.0,240843500.0,0.4688,0.4692,0.4668
2019-01-18,513100,纳指ETF,0.4756,20499640.0,43128500.0,0.474,0.476199999,0.474
2019-01-21,513100,纳指ETF,0.4784,115679167.0,241750985.0,0.4768,0.479399999,0.4768
2019-01-22,513100,纳指ETF,0.4758,79471451.0,166583000.0,0.4784,0.4784,0.475399999
2019-01-23,513100,纳指ETF,0.4706,96955816.0,205542500.0,0.4728,0.4732,0.47
2019-01-24,513100,纳指ETF,0.471,36596607.0,77673500.0,0.4714,0.472,0.4704
2019-01-25,513100,纳指ETF,0.4742,125667960.0,265519010.0,0.4722,0.475,0.4718
2019-01-28,513100,纳指ETF,0.474,43888448.0,92410000.0,0.4788,0.4788,0.4732
2019-01-29,513100,纳指ETF,0.469,18148180.0,38690000.0,0.4698,0.4702,0.468
2019-01-30,513100,纳指ETF,0.4678,28028976.0,59925500.0,0.4678,0.4684,0.4668
2019-01-31,513100,纳指ETF,0.479,37195365.0,77799000.0,0.4774,0.479,0.4772
2019-02-01,513100,纳指ETF,0.4854,102144337.0,211993520.0,0.4812,0.4854,0.480199999
2019-02-11,513100,纳指ETF,0.4878,21331390.0,43826500.0,0.4844,0.4878,0.4844
2019-02-12,513100,纳指ETF,0.4918,63987316.0,130325490.0,0.4892,0.492,0.488999999
2019-02-13,513100,纳指ETF,0.4976,27724036.0,55796500.0,0.4956,0.4978,0.4956
2019-02-14,513100,纳指ETF,0.496,45071622.0,91073500.0,0.4962,0.4962,0.4942
2019-02-15,513100,纳指ETF,0.4916,24945080.0,50594025.0,0.494,0.4948,0.4916
2019-02-18,513100,纳指ETF,0.4982,68408265.0,137541000.0,0.496,0.4982,0.496
2019-02-19,513100,纳指ETF,0.4986,65670121.0,131610000.0,0.4984,0.4996,0.4982
2019-02-20,513100,纳指ETF,0.495,127000174.0,256283460.0,0.4976,0.4976,0.4942
2019-02-21,513100,纳指ETF,0.4952,24654051.0,49827500.0,0.493,0.4958,0.493
2019-02-22,513100,纳指ETF,0.4926,190775293.0,387572500.0,0.4686,0.4938,0.4686
2019-02-25,513100,纳指ETF,0.4952,185349127.0,374736500.0,0.495,0.4966,0.4938
2019-02-26,513100,纳指ETF,0.4924,194713045.0,394949340.0,0.494,0.4942,0.492
2019-02-27,513100,纳指ETF,0.493,279584142.0,565535500.0,0.4936,0.4948,0.4928
2019-02-28,513100,纳指ETF,0.4922,149800578.0,303646000.0,0.493,0.494,0.4918
2019-03-01,513100,纳指ETF,0.4974,124372449.0,250780990.0,0.4936,0.4976,0.4936
2019-03-04,513100,纳指ETF,0.5002,106326816.0,212544990.0,0.5008,0.5014,0.499
2019-03-05,513100,纳指ETF,0.4972,62566087.0,125800000.0,0.4976,0.4982,0.497
2019-03-06,513100,纳指ETF,0.4982,182920122.0,367328015.0,0.497,0.4998,0.497
2019-03-07,513100,纳指ETF,0.4942,162680271.0,328841980.0,0.4954,0.4958,0.494
2019-03-08,513100,纳指ETF,0.4884,204535797.0,417368160.0,0.4912,0.4912,0.488
2019-03-11,513100,纳指ETF,0.4916,93814882.0,191158580.0,0.4894,0.4918,0.4894
2019-03-12,513100,纳指ETF,0.5016,209666676.0,417542500.0,0.5006,0.5034,0.5002
2019-03-13,513100,纳指ETF,0.5018,171828234.0,342403000.0,0.501999999,0.5032,0.5006
2019-03-14,513100,纳指ETF,0.507,71187024.0,140557990.0,0.5048,0.508,0.5046
2019-03-15,513100,纳指ETF,0.5082,54244769.0,106830370.0,0.507,0.509,0.5066
2019-03-18,513100,纳指ETF,0.511599999,65177112.0,127320000.0,0.5094,0.5138,0.5094
2019-03-19,513100,纳指ETF,0.513,53303537.0,103822000.0,0.513,0.5142,0.5126
2019-03-20,513100,纳指ETF,0.5126,64455821.0,125634450.0,0.513199999,0.5136,0.512399999
2019-03-21,513100,纳指ETF,0.5128,178337011.0,347024470.0,0.5144,0.5146,0.5126
2019-03-22,513100,纳指ETF,0.523,273131369.0,522638000.0,0.5216,0.523,0.5214
2019-03-25,513100,纳指ETF,0.507599999,63918949.0,125564000.0,0.5088,0.5104,0.507599999
2019-03-26,513100,纳指ETF,0.511599999,51789621.0,101068500.0,0.511599999,0.513199999,0.5104
2019-03-27,513100,纳指ETF,0.5152,75079363.0,146006740.0,0.5134,0.5154,0.512399999
2019-03-28,513100,纳指ETF,0.5096,119045183.0,233381120.0,0.5096,0.511,0.5086
2019-03-29,513100,纳指ETF,0.5138,125368925.0,244266400.0,0.511599999,0.513999999,0.511599999
2019-04-01,513100,纳指ETF,0.5208,180430108.0,347182880.0,0.5174,0.5208,0.5174
2019-04-02,513100,纳指ETF,0.5226,394126158.0,751622500.0,0.5266,0.5266,0.5222
2019-04-03,513100,纳指ETF,0.5266,104150204.0,198040340.0,0.524,0.5276,0.524
2019-04-04,513100,纳指ETF,0.5272,206340150.0,391116500.0,0.528,0.5296,0.5266
2019-04-08,513100,纳指ETF,0.529,118667338.0,224036500.0,0.5296,0.5304,0.5288
2019-04-09,513100,纳指ETF,0.5296,170670130.0,321965000.0,0.5312,0.5314,0.529
2019-04-10,513100,纳指ETF,0.529,204311347.0,386974500.0,0.5276,0.5292,0.5268
2019-04-11,513100,纳指ETF,0.531799999,92388569.0,173656500.0,0.531799999,0.533399999,0.5308
2019-04-12,513100,纳指ETF,0.5308,129294232.0,243366500.0,0.5316,0.531799999,0.5306
2019-04-15,513100,纳指ETF,0.5324,92481153.0,173509000.0,0.532,0.5338,0.532
2019-04-16,513100,纳指ETF,0.5354,200193236.0,375116840.0,0.533399999,0.535799999,0.532599999
2019-04-17,513100,纳指ETF,0.535799999,86186812.0,160671500.0,0.5356,0.5374,0.5354
2019-04-18,513100,纳指ETF,0.534,157719335.0,294301380.0,0.536,0.5374,0.5338
2019-04-19,513100,纳指ETF,0.5352,234104032.0,436573500.0,0.5352,0.538,0.5344
2019-04-22,513100,纳指ETF,0.535799999,336463066.0,627821685.0,0.5362,0.538,0.534999999
2019-04-23,513100,纳指ETF,0.5398,106609007.0,197696500.0,0.538,0.5406,0.5374
2019-04-24,513100,纳指ETF,0.5482,123136620.0,225105000.0,0.5472,0.5486,0.5454
2019-04-25,513100,纳指ETF,0.552,90314633.0,163962500.0,0.549,0.5528,0.5484
2019-04-26,513100,纳指ETF,0.5556,161487197.0,289635500.0,0.5524,0.5616,0.5494
2019-04-29,513100,纳指ETF,0.5628,69415257.0,123709500.0,0.5576,0.5638,0.5552
2019-04-30,513100,纳指ETF,0.5614,57216043.0,101991500.0,0.5628,0.5664,0.5544
2019-05-06,513100,纳指ETF,0.5454,65829586.0,119302005.0,0.5562,0.557,0.5444
2019-05-07,513100,纳指ETF,0.5514,106560143.0,193680000.0,0.5506,0.5532,0.5486
2019-05-08,513100,纳指ETF,0.5408,187117738.0,345312505.0,0.5406,0.5426,0.5396
2019-05-09,513100,纳指ETF,0.5372,168901554.0,313339500.0,0.5402,0.5404,0.537
2019-05-10,513100,纳指ETF,0.5378,309358499.0,574979500.0,0.5376,0.5416,0.5354
2019-05-13,513100,纳指ETF,0.535799999,195629346.0,365201515.0,0.5354,0.5368,0.534199999
2019-05-14,513100,纳指ETF,0.5248,140547323.0,267736000.0,0.522,0.5296,0.522
2019-05-15,513100,纳指ETF,0.5316,316111566.0,595445220.0,0.529399999,0.532,0.529399999
2019-05-16,513100,纳指ETF,0.5356,108932634.0,203240500.0,0.5376,0.5376,0.534999999
2019-05-17,513100,纳指ETF,0.5418,61125335.0,112624725.0,0.5414,0.5444,0.5412
2019-05-20,513100,纳指ETF,0.5392,99388657.0,184125000.0,0.5392,0.5406,0.5386
2019-05-21,513100,纳指ETF,0.534,111676984.0,209719100.0,0.534,0.534199999,0.5316
2019-05-22,513100,纳指ETF,0.5328,64238879.0,120181720.0,0.536599999,0.5372,0.5328
2019-05-23,513100,纳指ETF,0.527799999,69114546.0,130608780.0,0.5306,0.530999999,0.527799999
2019-05-24,513100,纳指ETF,0.5264,60834329.0,115780560.0,0.5248,0.5264,0.5248
2019-05-27,513100,纳指ETF,0.5236,29401840.0,56220500.0,0.523,0.5236,0.5224
2019-05-28,513100,纳指ETF,0.5248,49483320.0,94242000.0,0.5236,0.5264,0.5236
2019-05-29,513100,纳指ETF,0.5196,77387516.0,148767500.0,0.5206,0.5208,0.519
2019-05-30,513100,纳指ETF,0.5192,24542146.0,47382000.0,0.5178,0.5196,0.517
2019-05-31,513100,纳指ETF,0.5146,70623293.0,136888000.0,0.516,0.5172,0.5142
2019-06-03,513100,纳指ETF,0.507599999,33837115.0,66675000.0,0.5088,0.5088,0.5064
2019-06-04,513100,纳指ETF,0.5006,64356086.0,128469000.0,0.5014,0.5016,0.5002
2019-06-05,513100,纳指ETF,0.5146,83904489.0,162966220.0,0.5126,0.5162,0.5126
2019-06-06,513100,纳指ETF,0.517,158938351.0,307159515.0,0.517,0.518,0.516
2019-06-10,513100,纳指ETF,0.534,71839710.0,134703040.0,0.532599999,0.534199999,0.531799999
2019-06-11,513100,纳指ETF,0.539,27038113.0,50196000.0,0.5376,0.5394,0.5376
2019-06-12,513100,纳指ETF,0.5348,72493475.0,135171500.0,0.5376,0.5378,0.5348
2019-06-13,513100,纳指ETF,0.533399999,152664719.0,286729000.0,0.5354,0.5362,0.5312
2019-06-14,513100,纳指ETF,0.535799999,41984513.0,78230500.0,0.5364,0.5374,0.5352
2019-06-17,513100,纳指ETF,0.5368,48155202.0,89660500.0,0.5362,0.5378,0.5362
2019-06-18,513100,纳指ETF,0.5396,67671987.0,125489500.0,0.5396,0.5398,0.5386
2019-06-19,513100,纳指ETF,0.546,291496810.0,534110950.0,0.548,0.5484,0.545
2019-06-20,513100,纳指ETF,0.5514,182798007.0,332001880.0,0.549,0.552,0.549
2019-06-21,513100,纳指ETF,0.5496,68359179.0,124438280.0,0.5518,0.5518,0.548
2019-06-24,513100,纳指ETF,0.5514,140942019.0,256001000.0,0.5484,0.5514,0.5484
2019-06-25,513100,纳指ETF,0.5468,160353229.0,292267780.0,0.5502,0.5502,0.5464
2019-06-26,513100,纳指ETF,0.5404,72273997.0,133750750.0,0.539,0.5412,0.539
2019-06-27,513100,纳指ETF,0.5454,79865373.0,146877500.0,0.5426,0.5456,0.5426
2019-06-28,513100,纳指ETF,0.5436,100542700.0,184472000.0,0.545,0.5462,0.5434
2019-07-01,513100,纳指ETF,0.5548,84371887.0,152660000.0,0.5506,0.555,0.55
2019-07-02,513100,纳指ETF,0.5524,66259321.0,119838000.0,0.5538,0.554,0.5516
2019-07-03,513100,纳指ETF,0.5554,127567983.0,229661250.0,0.556,0.5568,0.5548
2019-07-04,513100,纳指ETF,0.5584,67422237.0,120628000.0,0.5596,0.5596,0.558
2019-07-05,513100,纳指ETF,0.5608,157309899.0,280743500.0,0.5592,0.5608,0.5592
2019-07-08,513100,纳指ETF,0.5554,300659681.0,540618610.0,0.5582,0.5582,0.555
2019-07-09,513100,纳指ETF,0.5512,108057533.0,195694500.0,0.5554,0.5554,0.5502
2019-07-10,513100,纳指ETF,0.5574,123246435.0,221074500.0,0.5568,0.5582,0.5564
2019-07-11,513100,纳指ETF,0.5644,129748378.0,230267610.0,0.5634,0.5644,0.5626
2019-07-12,513100,纳指ETF,0.5634,91034360.0,161678000.0,0.5638,0.5638,0.5626
2019-07-15,513100,纳指ETF,0.568,42034343.0,74208305.0,0.5662,0.568,0.5648
2019-07-16,513100,纳指ETF,0.5698,83004967.0,145712000.0,0.5686,0.5706,0.5682
2019-07-17,513100,纳指ETF,0.5668,192222293.0,338564000.0,0.5664,0.5716,0.565
2019-07-18,513100,纳指ETF,0.5604,164692959.0,292556990.0,0.563,0.5644,0.5602
2019-07-19,513100,纳指ETF,0.567,86633318.0,152850500.0,0.5648,0.5676,0.5648
2019-07-22,513100,纳指ETF,0.5608,63056035.0,112515000.0,0.5604,0.5626,0.5594
2019-07-23,513100,纳指ETF,0.567,164574753.0,290791000.0,0.5654,0.567,0.5646
2019-07-24,513100,纳指ETF,0.5694,64615778.0,113465500.0,0.5694,0.57,0.5688
2019-07-25,513100,纳指ETF,0.574,44020799.0,76741500.0,0.574,0.5746,0.573
2019-07-26,513100,纳指ETF,0.5708,54742652.0,96025000.0,0.5686,0.5718,0.5686
2019-07-29,513100,纳指ETF,0.5732,54571024.0,95217500.0,0.575,0.5754,0.5724
2019-07-30,513100,纳指ETF,0.5722,73162411.0,127719500.0,0.5718,0.5736,0.5714
2019-07-31,513100,纳指ETF,0.5708,69449389.0,121645500.0,0.5712,0.5714,0.5702
2019-08-01,513100,纳指ETF,0.5626,55470642.0,98382000.0,0.563,0.5648,0.5626
2019-08-02,513100,纳指ETF,0.5636,78388002.0,139526000.0,0.5594,0.5638,0.5594
2019-08-05,513100,纳指ETF,0.5578,48294764.0,86461000.0,0.5594,0.5606,0.5568
2019-08-06,513100,纳指ETF,0.5468,78400982.0,144794000.0,0.5404,0.547,0.5376
2019-08-07,513100,纳指ETF,0.5508,34277009.0,62505000.0,0.5482,0.5508,0.5472
2019-08-08,513100,纳指ETF,0.5568,31588344.0,56919490.0,0.5546,0.5572,0.553
2019-08-09,513100,纳指ETF,0.5644,55746556.0,98605860.0,0.5632,0.5664,0.5632
2019-08-12,513100,纳指ETF,0.5646,26334875.0,46709000.0,0.5632,0.5648,0.562
2019-08-13,513100,纳指ETF,0.555,52291611.0,93919490.0,0.558,0.558,0.5544
2019-08-14,513100,纳指ETF,0.5654,111888955.0,198062970.0,0.5654,0.5658,0.5642
2019-08-15,513100,纳指ETF,0.5528,81880900.0,148631500.0,0.5512,0.5538,0.548
2019-08-16,513100,纳指ETF,0.5524,75624794.0,137173000.0,0.5512,0.5526,0.55
2019-08-19,513100,纳指ETF,0.5616,58673992.0,104947500.0,0.558,0.5618,0.557
2019-08-20,513100,纳指ETF,0.5646,128002126.0,226396500.0,0.564,0.567,0.5626
2019-08-21,513100,纳指ETF,0.5618,20144050.0,35825500.0,0.563,0.563,0.5616
2019-08-22,513100,纳指ETF,0.5656,31270841.0,55276500.0,0.567,0.567,0.565
2019-08-23,513100,纳指ETF,0.568,34554781.0,60970000.0,0.5654,0.568,0.565
2019-08-26,513100,纳指ETF,0.5554,70010079.0,126767990.0,0.553,0.58,0.548
2019-08-27,513100,纳指ETF,0.5614,43170997.0,76922245.0,0.559,0.5622,0.559
2019-08-28,513100,纳指ETF,0.5608,109977799.0,196052745.0,0.5602,0.5614,0.5602
2019-08-29,513100,纳指ETF,0.5596,122932716.0,219397500.0,0.561,0.5612,0.5594
2019-08-30,513100,纳指ETF,0.5682,168251099.0,296105500.0,0.5672,0.5692,0.567
2019-09-02,513100,纳指ETF,0.567,69226752.0,122288750.0,0.5672,0.5672,0.5654
2019-09-03,513100,纳指ETF,0.5658,55151220.0,97303500.0,0.5674,0.5676,0.5654
2019-09-04,513100,纳指ETF,0.5694,93393770.0,164853000.0,0.564,0.5696,0.5626
2019-09-05,513100,纳指ETF,0.5732,94667042.0,165101000.0,0.5706,0.5744,0.5706
2019-09-06,513100,纳指ETF,0.5788,98825096.0,170547500.0,0.5806,0.5806,0.5778
2019-09-09,513100,纳指ETF,0.5806,65892009.0,113807500.0,0.5788,0.5808,0.578
2019-09-10,513100,纳指ETF,0.5752,79233716.0,137325000.0,0.5782,0.5788,0.575
2019-09-11,513100,纳指ETF,0.575,25797904.0,44911000.0,0.5752,0.5754,0.573
2019-09-12,513100,纳指ETF,0.5806,51212368.0,88140050.0,0.581,0.5824,0.5798
2019-09-16,513100,纳指ETF,0.5742,31390518.0,54778000.0,0.5748,0.5748,0.5714
2019-09-17,513100,纳指ETF,0.5748,38668466.0,67218500.0,0.575,0.5762,0.5744
2019-09-18,513100,纳指ETF,0.578,113881435.0,196949000.0,0.5784,0.5792,0.5772
2019-09-19,513100,纳指ETF,0.5776,108687604.0,187978500.0,0.5786,0.579,0.5774
2019-09-20,513100,纳指ETF,0.5792,60023920.0,103571000.0,0.5802,0.5804,0.5784
2019-09-23,513100,纳指ETF,0.5766,52896693.0,91734500.0,0.5782,0.5782,0.575
2019-09-24,513100,纳指ETF,0.576,26675294.0,46269500.0,0.5772,0.5776,0.5756
2019-09-25,513100,纳指ETF,0.5676,38401565.0,67630500.0,0.5686,0.5688,0.5672
2019-09-26,513100,纳指ETF,0.5718,36030456.0,62964580.0,0.5722,0.5732,0.5702
2019-09-27,513100,纳指ETF,0.571,16401937.0,28753500.0,0.5688,0.5712,0.5688
2019-09-30,513100,纳指ETF,0.5668,25201212.0,44429000.0,0.569,0.569,0.5666
2019-10-08,513100,纳指ETF,0.5694,77839849.0,136749000.0,0.568,0.5698,0.568
2019-10-09,513100,纳指ETF,0.5612,85164831.0,151545380.0,0.5614,0.5638,0.5606
2019-10-10,513100,纳指ETF,0.5638,119416176.0,211981000.0,0.563,0.5642,0.5618
2019-10-11,513100,纳指ETF,0.5696,43956933.0,77388420.0,0.5674,0.5698,0.5668
2019-10-14,513100,纳指ETF,0.5736,32253992.0,56230000.0,0.5752,0.5752,0.5728
2019-10-15,513100,纳指ETF,0.5758,51769108.0,90127500.0,0.5738,0.5762,0.5736
2019-10-16,513100,纳指ETF,0.5808,26752600.0,46081635.0,0.5808,0.5812,0.58
2019-10-17,513100,纳指ETF,0.5806,40602646.0,69931500.0,0.58,0.581,0.5798
2019-10-18,513100,纳指ETF,0.5798,20068058.0,34604000.0,0.581,0.581,0.5794
2019-10-21,513100,纳指ETF,0.5764,11820612.0,20504500.0,0.576,0.579,0.5758
2019-10-22,513100,纳指ETF,0.5814,40722589.0,70041000.0,0.5808,0.5818,0.5808
2019-10-23,513100,纳指ETF,0.5744,56639800.0,98554500.0,0.576,0.576,0.574
2019-10-24,513100,纳指ETF,0.5776,28586132.0,49542000.0,0.5766,0.5778,0.5766
2019-10-25,513100,纳指ETF,0.5792,41573193.0,71796500.0,0.5804,0.5806,0.5786
2019-10-28,513100,纳指ETF,0.5864,35008635.0,59770000.0,0.5846,0.5864,0.5846
2019-10-29,513100,纳指ETF,0.5906,16927677.0,28647060.0,0.5912,0.5918,0.5904
2019-10-30,513100,纳指ETF,0.5868,106191002.0,180885000.0,0.5876,0.5876,0.5866
2019-10-31,513100,纳指ETF,0.59,21100143.0,35753000.0,0.591,0.591,0.588
2019-11-01,513100,纳指ETF,0.5912,24320676.0,41190240.0,0.5894,0.5912,0.5894
2019-11-04,513100,纳指ETF,0.5954,16675517.0,28009000.0,0.595,0.5972,0.595
2019-11-05,513100,纳指ETF,0.5984,25784703.0,43111500.0,0.5974,0.5986,0.5974
2019-11-06,513100,纳指ETF,0.5948,34460358.0,57908000.0,0.5972,0.5978,0.5942
2019-11-07,513100,纳指ETF,0.594,21713259.0,36541500.0,0.5956,0.5956,0.5936
2019-11-08,513100,纳指ETF,0.5922,31050691.0,52430000.0,0.5942,0.5942,0.5918
2019-11-11,513100,纳指ETF,0.5956,64740277.0,108702080.0,0.595,0.5962,0.5944
2019-11-12,513100,纳指ETF,0.5986,64284179.0,107714580.0,0.595,0.5986,0.5946
2019-11-13,513100,纳指ETF,0.5988,23509294.0,39245740.0,0.5986,0.5998,0.5976
2019-11-14,513100,纳指ETF,0.6002,21577581.0,35953580.0,0.5992,0.6008,0.5988
2019-11-15,513100,纳指ETF,0.6028,43279192.0,71947500.0,0.6002,0.603,0.6002
2019-11-18,513100,纳指ETF,0.6056,80895011.0,133757330.0,0.6056,0.6062,0.6044
2019-11-19,513100,纳指ETF,0.6088,24564064.0,40399500.0,0.606,0.6092,0.606
2019-11-20,513100,纳指ETF,0.606,39495540.0,65010000.0,0.6084,0.6092,0.6056
2019-11-21,513100,纳指ETF,0.6034,13616405.0,22591000.0,0.6036,0.6036,0.602
2019-11-22,513100,纳指ETF,0.6046,26094437.0,43165000.0,0.603,0.6052,0.603
2019-11-25,513100,纳指ETF,0.6084,18750057.0,30877000.0,0.6062,0.6086,0.6062
2019-11-26,513100,纳指ETF,0.618,30431377.0,49462500.0,0.614,0.619,0.614
2019-11-27,513100,纳指ETF,0.6162,25718116.0,41581500.0,0.6176,0.6218,0.616
2019-11-28,513100,纳指ETF,0.6198,57333743.0,92560500.0,0.6198,0.6204,0.618
2019-11-29,513100,纳指ETF,0.619,21345202.0,34447000.0,0.6188,0.6204,0.6188
2019-12-02,513100,纳指ETF,0.624,28967348.0,46580000.0,0.619,0.6248,0.618
2019-12-03,513100,纳指ETF,0.6168,22883306.0,37152500.0,0.6136,0.6196,0.6124
2019-12-04,513100,纳指ETF,0.6094,40856135.0,66930000.0,0.6126,0.6126,0.6068
2019-12-05,513100,纳指ETF,0.6122,66079522.0,108047000.0,0.612,0.6156,0.6098
2019-12-06,513100,纳指ETF,0.6116,36680926.0,59983500.0,0.6126,0.6134,0.6106
2019-12-09,513100,纳指ETF,0.6172,46118293.0,74883700.0,0.6152,0.6172,0.6144
2019-12-10,513100,纳指ETF,0.6138,21084903.0,34369300.0,0.614,0.614,0.6128
2019-12-11,513100,纳指ETF,0.6128,26307893.0,42970500.0,0.6128,0.6128,0.6116
2019-12-12,513100,纳指ETF,0.6172,41155954.0,66839200.0,0.6142,0.6174,0.614
2019-12-13,513100,纳指ETF,0.6218,30800735.0,49583000.0,0.6216,0.6224,0.62
2019-12-16,513100,纳指ETF,0.6258,48442095.0,77857330.0,0.6204,0.626,0.6204
2019-12-17,513100,纳指ETF,0.6322,54997975.0,87371140.0,0.6278,0.6342,0.626
2019-12-18,513100,纳指ETF,0.6264,28764902.0,45743000.0,0.6322,0.6322,0.6264
2019-12-19,513100,纳指ETF,0.6242,29684902.0,47483000.0,0.627,0.628,0.6238
2019-12-20,513100,纳指ETF,0.631,46072532.0,73246000.0,0.6282,0.6314,0.628
2019-12-23,513100,纳指ETF,0.634,62990311.0,99414000.0,0.6336,0.6348,0.632
2019-12-24,513100,纳指ETF,0.637,49385477.0,77510000.0,0.6342,0.6384,0.6342
2019-12-25,513100,纳指ETF,0.6336,48530002.0,76584500.0,0.6376,0.6378,0.631
2019-12-26,513100,纳指ETF,0.6378,123580586.0,194306500.0,0.6346,0.639,0.6336
2019-12-27,513100,纳指ETF,0.6434,65053388.0,101094500.0,0.6418,0.647,0.6384
2019-12-30,513100,纳指ETF,0.642,43159892.0,67247500.0,0.642,0.6444,0.6394
2019-12-31,513100,纳指ETF,0.6386,51430903.0,80782000.0,0.6374,0.639,0.635
2020-01-02,513100,纳指ETF,0.648,51681636.0,80339095.0,0.6402,0.6486,0.6402
2020-01-03,513100,纳指ETF,0.6508,75798968.0,116415000.0,0.654,0.654,0.6466
2020-01-06,513100,纳指ETF,0.6424,60602918.0,94225500.0,0.6456,0.6464,0.6392
2020-01-07,513100,纳指ETF,0.6514,60875890.0,93732375.0,0.6462,0.656,0.6462
2020-01-08,513100,纳指ETF,0.6438,65796355.0,102182800.0,0.6452,0.6486,0.6388
2020-01-09,513100,纳指ETF,0.658,72674922.0,111005050.0,0.6506,0.658,0.6506
2020-01-10,513100,纳指ETF,0.6732,56502645.0,84422370.0,0.666,0.6738,0.6622
2020-01-13,513100,纳指ETF,0.6718,120071113.0,179320100.0,0.6698,0.674,0.6654
2020-01-14,513100,纳指ETF,0.6802,97677665.0,143891800.0,0.6802,0.683,0.6738
2020-01-15,513100,纳指ETF,0.682,33497122.0,49369000.0,0.6794,0.6822,0.676
2020-01-16,513100,纳指ETF,0.6882,65878507.0,95973720.0,0.6832,0.6896,0.6832
2020-01-17,513100,纳指ETF,0.6966,60921067.0,87373000.0,0.6986,0.7006,0.695
2020-01-20,513100,纳指ETF,0.6848,100630192.0,146263500.0,0.6964,0.6964,0.6838
2020-01-21,513100,纳指ETF,0.6794,85927142.0,126636000.0,0.6848,0.6872,0.6708
2020-01-22,513100,纳指ETF,0.6872,70626962.0,103074500.0,0.6782,0.688,0.6776
2020-01-23,513100,纳指ETF,0.6956,60494215.0,88094895.0,0.6824,0.696,0.68
2020-02-03,513100,纳指ETF,0.6606,104496622.0,156802000.0,0.66,0.674,0.6598
2020-02-04,513100,纳指ETF,0.6844,108110676.0,159471500.0,0.6714,0.686,0.6648
2020-02-05,513100,纳指ETF,0.714,116554090.0,164608005.0,0.7,0.715,0.6994
2020-02-06,513100,纳指ETF,0.7364,106085215.0,144903280.0,0.7152,0.741,0.715
2020-02-07,513100,纳指ETF,0.7418,154851561.0,207156660.0,0.744,0.759,0.7346
2020-02-10,513100,纳指ETF,0.7464,101014271.0,136359505.0,0.7336,0.7476,0.7268
2020-02-11,513100,纳指ETF,0.7742,102527461.0,133566400.0,0.7648,0.776,0.7614
2020-02-12,513100,纳指ETF,0.7942,188628177.0,239115250.0,0.776,0.7978,0.7662
2020-02-13,513100,纳指ETF,0.8394,221056488.0,268870645.0,0.811999999,0.8478,0.809
2020-02-14,513100,纳指ETF,0.802,274210397.0,337114500.0,0.827,0.8324,0.7998
2020-02-17,513100,纳指ETF,0.7952,334636775.0,424776285.0,0.802,0.802,0.7636
2020-02-18,513100,纳指ETF,0.7674,272338753.0,351158470.0,0.7934,0.7934,0.7648
2020-02-19,513100,纳指ETF,0.7598,250750208.0,325519965.0,0.7582,0.7814,0.7574
2020-02-20,513100,纳指ETF,0.764,161995101.0,211291310.0,0.7724,0.778,0.7608
2020-02-21,513100,纳指ETF,0.7438,228071069.0,304634420.0,0.7492,0.7592,0.7436
2020-02-24,513100,纳指ETF,0.7116,189777435.0,264975680.0,0.7252,0.7252,0.7094
2020-02-25,513100,纳指ETF,0.7372,305355868.0,425743305.0,0.697,0.738,0.688
2020-02-26,513100,纳指ETF,0.7238,192827505.0,267187905.0,0.7074,0.73,0.7072
2020-02-27,513100,纳指ETF,0.714,192551483.0,267902320.0,0.728,0.7312,0.71
2020-02-28,513100,纳指ETF,0.6784,200899681.0,293307670.0,0.686,0.6936,0.6766
2020-03-02,513100,纳指ETF,0.7082,218251701.0,312643000.0,0.6848,0.7098,0.6842
2020-03-03,513100,纳指ETF,0.713,294356579.0,405747975.0,0.7338,0.7442,0.7084
2020-03-04,513100,纳指ETF,0.7134,139664866.0,199353580.0,0.7004,0.715,0.69
2020-03-05,513100,纳指ETF,0.7142,207550248.0,288503300.0,0.73,0.7332,0.7106
2020-03-06,513100,纳指ETF,0.6986,109251091.0,156281220.0,0.7016,0.708,0.6936
2020-03-09,513100,纳指ETF,0.6516,156558560.0,234150775.0,0.6804,0.6804,0.651
2020-03-10,513100,纳指ETF,0.6826,258711515.0,386843425.0,0.6564,0.686,0.6468
2020-03-11,513100,纳指ETF,0.6588,199858710.0,298249640.0,0.6784,0.68,0.6572
2020-03-12,513100,纳指ETF,0.6352,150685535.0,236417205.0,0.6476,0.6476,0.6332
2020-03-13,513100,纳指ETF,0.6434,372430792.0,589104550.0,0.6,0.6644,0.588
2020-03-16,513100,纳指ETF,0.603,189201864.0,302443310.0,0.628,0.6434,0.6006
2020-03-17,513100,纳指ETF,0.6162,304251202.0,495457015.0,0.62,0.636,0.6002
2020-03-18,513100,纳指ETF,0.5996,251455611.0,405589890.0,0.6202,0.63,0.598
2020-03-19,513100,纳指ETF,0.6122,147274628.0,243665750.0,0.6096,0.613,0.5964
2020-03-20,513100,纳指ETF,0.6322,229118934.0,366689460.0,0.6186,0.6338,0.6146
2020-03-23,513100,纳指ETF,0.6038,164116292.0,269126870.0,0.602,0.6266,0.6004
2020-03-24,513100,纳指ETF,0.6362,293528367.0,467809845.0,0.6212,0.637,0.619
2020-03-25,513100,纳指ETF,0.6604,257807085.0,390809330.0,0.664,0.6658,0.6508
2020-03-26,513100,纳指ETF,0.644,159693163.0,245698020.0,0.653,0.6532,0.6426
2020-03-27,513100,纳指ETF,0.6318,205716545.0,317687885.0,0.655,0.658,0.6302
2020-03-30,513100,纳指ETF,0.6188,153513451.0,248526955.0,0.6132,0.627,0.6114
2020-03-31,513100,纳指ETF,0.6198,121765470.0,194889400.0,0.6304,0.632,0.6192
2020-04-01,513100,纳指ETF,0.6132,90015207.0,145851500.0,0.6136,0.6214,0.6116
2020-04-02,513100,纳指ETF,0.6246,98531984.0,159522775.0,0.61,0.6254,0.6098
2020-04-03,513100,纳指ETF,0.6154,98292245.0,159064000.0,0.6232,0.6232,0.6132
2020-04-07,513100,纳指ETF,0.635,132233521.0,208367730.0,0.638,0.6406,0.6306
2020-04-08,513100,纳指ETF,0.6312,77208606.0,121955000.0,0.632,0.6366,0.6304
2020-04-09,513100,纳指ETF,0.6336,86115539.0,135449995.0,0.638,0.6392,0.6334
2020-04-10,513100,纳指ETF,0.6252,85296989.0,135479380.0,0.6338,0.635,0.624
2020-04-13,513100,纳指ETF,0.619,43079399.0,69469610.0,0.6232,0.6232,0.616
2020-04-14,513100,纳指ETF,0.633,78136626.0,123966000.0,0.622,0.6338,0.622
2020-04-15,513100,纳指ETF,0.6474,117571653.0,181809210.0,0.6402,0.6506,0.64
2020-04-16,513100,纳指ETF,0.6524,71532292.0,110744000.0,0.644,0.6548,0.64
2020-04-17,513100,纳指ETF,0.675,149562581.0,222471130.0,0.668,0.679,0.6666
2020-04-20,513100,纳指ETF,0.675,89719802.0,132846990.0,0.6756,0.679,0.6702
2020-04-21,513100,纳指ETF,0.6696,116133522.0,174157000.0,0.6726,0.675,0.6598
2020-04-22,513100,纳指ETF,0.6846,157667610.0,234236055.0,0.6578,0.6872,0.6562
2020-04-23,513100,纳指ETF,0.693,147535464.0,212699870.0,0.687,0.7006,0.6868
2020-04-24,513100,纳指ETF,0.6892,100512281.0,144887500.0,0.692,0.698,0.686
2020-04-27,513100,纳指ETF,0.7134,141063682.0,199031940.0,0.698,0.715,0.6978
2020-04-28,513100,纳指ETF,0.7312,156558512.0,215119000.0,0.716,0.734,0.716
2020-04-29,513100,纳指ETF,0.7444,203411934.0,272444500.0,0.7304,0.755,0.7304
2020-04-30,513100,纳指ETF,0.7474,274149857.0,361889290.0,0.767,0.7764,0.73
2020-05-06,513100,纳指ETF,0.7496,159148088.0,212643440.0,0.7454,0.7576,0.742
2020-05-07,513100,纳指ETF,0.7528,144468979.0,192370280.0,0.7536,0.7552,0.7456
2020-05-08,513100,纳指ETF,0.7578,144936591.0,190122000.0,0.7652,0.767,0.7574
2020-05-11,513100,纳指ETF,0.7452,124988334.0,165518505.0,0.7636,0.765,0.7434
2020-05-12,513100,纳指ETF,0.7312,167671877.0,228307925.0,0.7444,0.7516,0.726
2020-05-13,513100,纳指ETF,0.7288,133778545.0,185089820.0,0.724,0.7314,0.7164
2020-05-14,513100,纳指ETF,0.7172,90554409.0,125702200.0,0.722,0.7226,0.7168
2020-05-15,513100,纳指ETF,0.722,103480384.0,142750620.0,0.724,0.7292,0.721
2020-05-18,513100,纳指ETF,0.7302,72995297.0,100113780.0,0.728,0.7314,0.726
2020-05-19,513100,纳指ETF,0.7496,111562274.0,149772495.0,0.7404,0.7498,0.7404
2020-05-20,513100,纳指ETF,0.7442,50897703.0,68344500.0,0.747,0.7474,0.7428
2020-05-21,513100,纳指ETF,0.744,69162000.0,92345740.0,0.7544,0.7566,0.74
2020-05-22,513100,纳指ETF,0.7192,107328802.0,147304570.0,0.7426,0.7426,0.719
2020-05-25,513100,纳指ETF,0.7426,82830329.0,112953500.0,0.725,0.7436,0.723
2020-05-26,513100,纳指ETF,0.7594,120537387.0,159526360.0,0.7554,0.764,0.7488
2020-05-27,513100,纳指ETF,0.7544,126315780.0,166616670.0,0.751,0.768,0.7502
2020-05-28,513100,纳指ETF,0.7514,148637492.0,195762500.0,0.758,0.7676,0.7506
2020-05-29,513100,纳指ETF,0.746,97969294.0,130771500.0,0.7488,0.7546,0.7448
2020-06-01,513100,纳指ETF,0.7488,109204398.0,145523880.0,0.754,0.7562,0.7472
2020-06-02,513100,纳指ETF,0.7476,71627199.0,95700480.0,0.751,0.7512,0.7462
2020-06-03,513100,纳指ETF,0.7542,97497525.0,129554420.0,0.7502,0.7552,0.7492
2020-06-04,513100,纳指ETF,0.7586,82377167.0,108642575.0,0.7594,0.762,0.7556
2020-06-05,513100,纳指ETF,0.7584,52104792.0,68762000.0,0.7588,0.759,0.7556
2020-06-08,513100,纳指ETF,0.7592,70064500.0,91664905.0,0.7642,0.77,0.758
2020-06-09,513100,纳指ETF,0.7604,76422056.0,100398595.0,0.764,0.766,0.7576
2020-06-10,513100,纳指ETF,0.7576,63777271.0,84002595.0,0.7654,0.7658,0.7544
2020-06-11,513100,纳指ETF,0.7572,112377829.0,147701050.0,0.76,0.7682,0.7552
2020-06-12,513100,纳指ETF,0.7448,128163736.0,172481015.0,0.7304,0.7514,0.7294
2020-06-15,513100,纳指ETF,0.733,77794421.0,104990500.0,0.742,0.7474,0.7326
2020-06-16,513100,纳指ETF,0.7612,103283060.0,136535770.0,0.7484,0.7614,0.7476
2020-06-17,513100,纳指ETF,0.764,83766800.0,109625930.0,0.7622,0.768,0.7612
2020-06-18,513100,纳指ETF,0.7588,51349338.0,67624510.0,0.7622,0.7624,0.757
2020-06-19,513100,纳指ETF,0.7604,60965555.0,80068700.0,0.759,0.7636,0.759
2020-06-22,513100,纳指ETF,0.7572,40903943.0,54032000.0,0.7588,0.7588,0.7558
2020-06-23,513100,纳指ETF,0.7638,82713903.0,108418905.0,0.757,0.7672,0.757
2020-06-24,513100,纳指ETF,0.7658,46393948.0,60501000.0,0.766,0.7706,0.7648
2020-06-29,513100,纳指ETF,0.752,67997614.0,90454640.0,0.7514,0.7546,0.7476
2020-06-30,513100,纳指ETF,0.754,55059499.0,72851840.0,0.7586,0.76,0.7526
2020-07-01,513100,纳指ETF,0.7572,51903016.0,68499530.0,0.762,0.763,0.7552
2020-07-02,513100,纳指ETF,0.7606,69179745.0,91103650.0,0.76,0.761,0.7568
2020-07-03,513100,纳指ETF,0.7604,85208601.0,111926400.0,0.7582,0.7642,0.7582
2020-07-06,513100,纳指ETF,0.7656,87788734.0,115043220.0,0.7604,0.77,0.7602
2020-07-07,513100,纳指ETF,0.7678,96213808.0,125262755.0,0.7726,0.7734,0.7646
2020-07-08,513100,纳指ETF,0.7642,100554642.0,131722620.0,0.765,0.765,0.7616
2020-07-09,513100,纳指ETF,0.7678,107506268.0,140012735.0,0.7674,0.7702,0.7666
2020-07-10,513100,纳指ETF,0.7694,95471148.0,124004565.0,0.769,0.773,0.768
2020-07-13,513100,纳指ETF,0.785,89268682.0,114078460.0,0.7806,0.79,0.7776
2020-07-14,513100,纳指ETF,0.7744,98097871.0,127298765.0,0.765,0.775,0.765
2020-07-15,513100,纳指ETF,0.7764,43751499.0,56316765.0,0.7772,0.7798,0.776
2020-07-16,513100,纳指ETF,0.764,78492992.0,102029400.0,0.7776,0.7776,0.7638
2020-07-17,513100,纳指ETF,0.7736,76809089.0,99794500.0,0.765,0.7748,0.7634
2020-07-20,513100,纳指ETF,0.7698,76784151.0,99782500.0,0.774,0.774,0.768
2020-07-21,513100,纳指ETF,0.7966,120159112.0,151342900.0,0.7884,0.801399999,0.7868
2020-07-22,513100,纳指ETF,0.7888,82517014.0,104770240.0,0.791,0.793,0.7788
2020-07-23,513100,纳指ETF,0.7912,45151290.0,57100500.0,0.79,0.7932,0.789
2020-07-24,513100,纳指ETF,0.7674,70622933.0,91306340.0,0.7734,0.7774,0.767
2020-07-27,513100,纳指ETF,0.7698,40706413.0,52865180.0,0.766,0.7728,0.766
2020-07-28,513100,纳指ETF,0.7754,65819321.0,84720380.0,0.777,0.7806,0.7726
2020-07-29,513100,纳指ETF,0.7728,44697202.0,58128000.0,0.7696,0.7736,0.7672
2020-07-30,513100,纳指ETF,0.7718,35662357.0,46077000.0,0.775,0.7766,0.7718
2020-07-31,513100,纳指ETF,0.784,114933686.0,146602840.0,0.782,0.789,0.7812
2020-08-03,513100,纳指ETF,0.7836,122934347.0,156631880.0,0.788,0.7894,0.7802
2020-08-04,513100,纳指ETF,0.7946,91783341.0,115824100.0,0.792,0.7948,0.7896
2020-08-05,513100,纳指ETF,0.7934,42644716.0,53749000.0,0.795,0.7954,0.7916
2020-08-06,513100,纳指ETF,0.7916,56481854.0,71246880.0,0.7952,0.796,0.7902
2020-08-07,513100,纳指ETF,0.800799999,69956960.0,87395380.0,0.7998,0.8032,0.797
2020-08-10,513100,纳指ETF,0.7988,64421542.0,80720280.0,0.7958,0.8006,0.7922
2020-08-11,513100,纳指ETF,0.7984,27113585.0,33964660.0,0.8004,0.8006,0.7972
2020-08-12,513100,纳指ETF,0.7962,53377428.0,67638500.0,0.791,0.7968,0.7848
2020-08-13,513100,纳指ETF,0.813,89091030.0,109863830.0,0.8198,0.8198,0.7994
2020-08-14,513100,纳指ETF,0.8116,53392391.0,65782600.0,0.8124,0.814,0.8092
2020-08-17,513100,纳指ETF,0.8126,33177953.0,40898960.0,0.8116,0.8128,0.809
2020-08-18,513100,纳指ETF,0.8118,34021592.0,41733500.0,0.815199999,0.8178,0.8112
2020-08-19,513100,纳指ETF,0.8222,58408794.0,71504200.0,0.815199999,0.8228,0.8132
2020-08-20,513100,纳指ETF,0.8212,62078495.0,75838420.0,0.819999999,0.8256,0.813599999
2020-08-21,513100,纳指ETF,0.842,68249378.0,81603730.0,0.828999999,0.8456,0.8282
2020-08-24,513100,纳指ETF,0.8782,103106379.0,118083240.0,0.852,0.8858,0.8484
2020-08-25,513100,纳指ETF,0.9182,137407266.0,151504500.0,0.885399999,0.9198,0.885399999
2020-08-26,513100,纳指ETF,0.9006,170601520.0,188360680.0,0.9396,0.9398,0.88
2020-08-27,513100,纳指ETF,0.9394,129555303.0,138784000.0,0.918,0.94,0.918
2020-08-28,513100,纳指ETF,0.9594,223256676.0,232814615.0,0.938,0.9776,0.9218
2020-08-31,513100,纳指ETF,1.0116,166586150.0,167275655.0,0.9708,1.0154,0.9708
2020-09-01,513100,纳指ETF,0.998,422752935.0,410154685.0,1.0116,1.0628,0.986
2020-09-02,513100,纳指ETF,1.038599999,318115523.0,311692855.0,1.029599999,1.0396,1.0036
2020-09-03,513100,纳指ETF,1.061,372838546.0,350549940.0,1.0566,1.08,1.048
2020-09-04,513100,纳指ETF,0.9692,372068496.0,378413490.0,1.0,1.006,0.956199999
2020-09-07,513100,纳指ETF,0.8968,370697391.0,403440500.0,0.956,0.96,0.883799999
2020-09-08,513100,纳指ETF,0.9448,399391524.0,433434195.0,0.8992,0.947,0.8992
2020-09-09,513100,纳指ETF,0.8964,405236326.0,451927305.0,0.8794,0.9214,0.869999999
2020-09-10,513100,纳指ETF,0.9218,262801604.0,283002540.0,0.922,0.936,0.9116
2020-09-11,513100,纳指ETF,0.9058,282667357.0,315182880.0,0.899799999,0.909,0.8824
2020-09-14,513100,纳指ETF,0.9308,267915788.0,294147960.0,0.9066,0.932,0.8942
2020-09-15,513100,纳指ETF,0.9622,340002197.0,355614185.0,0.9408,0.9696,0.936
2020-09-16,513100,纳指ETF,0.960399999,401581368.0,408801625.0,0.977999999,0.9984,0.944
2020-09-17,513100,纳指ETF,0.9208,352878284.0,377367245.0,0.9396,0.958,0.919999999
2020-09-18,513100,纳指ETF,0.9522,378106497.0,406243500.0,0.9098,0.952999999,0.9064
2020-09-21,513100,纳指ETF,0.9334,366293514.0,389306000.0,0.948,0.9592,0.927999999
2020-09-22,513100,纳指ETF,0.9186,221376753.0,237899405.0,0.9334,0.9416,0.9158
2020-09-23,513100,纳指ETF,0.931,287017325.0,307518455.0,0.942,0.9436,0.924
2020-09-24,513100,纳指ETF,0.8962,270379183.0,300820205.0,0.9,0.91,0.8896
2020-09-25,513100,纳指ETF,0.889,193477663.0,215006630.0,0.908,0.911999999,0.8866
2020-09-28,513100,纳指ETF,0.903999999,261555361.0,289990630.0,0.9068,0.908,0.891799999
2020-09-29,513100,纳指ETF,0.9092,222012109.0,242136640.0,0.9158,0.9224,0.9076
2020-09-30,513100,纳指ETF,0.911,128172258.0,141364110.0,0.911,0.9128,0.9002
2020-10-09,513100,纳指ETF,0.9288,154008504.0,165680815.0,0.9376,0.9378,0.9224
2020-10-12,513100,纳指ETF,0.9346,118166492.0,126352715.0,0.9366,0.9384,0.932199999
2020-10-13,513100,纳指ETF,0.9444,190462363.0,201405135.0,0.9444,0.952,0.9426
2020-10-14,513100,纳指ETF,0.9414,75021457.0,79695580.0,0.946,0.946,0.9384
2020-10-15,513100,纳指ETF,0.9172,87715225.0,94843500.0,0.932,0.9336,0.9162
2020-10-16,513100,纳指ETF,0.9164,59523115.0,64800500.0,0.919999999,0.923,0.9142
2020-10-19,513100,纳指ETF,0.9272,51976675.0,56412000.0,0.9214,0.9284,0.9182
2020-10-20,513100,纳指ETF,0.921,57836593.0,63208000.0,0.9144,0.9226,0.9074
2020-10-21,513100,纳指ETF,0.9208,56949219.0,61807500.0,0.9224,0.9242,0.918
2020-10-22,513100,纳指ETF,0.9112,56942022.0,62509000.0,0.909,0.913599999,0.908
2020-10-23,513100,纳指ETF,0.9018,58860233.0,65123000.0,0.911999999,0.913599999,0.888599999
2020-10-26,513100,纳指ETF,0.8858,71160071.0,79974500.0,0.902,0.902,0.8846
2020-10-27,513100,纳指ETF,0.8804,105195064.0,120263550.0,0.874,0.8844,0.8678
2020-10-28,513100,纳指ETF,0.8728,51966175.0,59431070.0,0.8778,0.8798,0.871599999
2020-10-29,513100,纳指ETF,0.8624,91308490.0,106834425.0,0.85,0.8646,0.8462
2020-10-30,513100,纳指ETF,0.8502,59954030.0,70194650.0,0.861999999,0.861999999,0.8464
2020-11-02,513100,纳指ETF,0.8506,52580446.0,61828310.0,0.8502,0.8544,0.846599999
2020-11-03,513100,纳指ETF,0.884,118307667.0,135756780.0,0.851399999,0.8876,0.851399999
2020-11-04,513100,纳指ETF,0.927,350190090.0,379153470.0,0.889,0.964,0.889
2020-11-05,513100,纳指ETF,0.93,344615112.0,365785620.0,0.9642,0.971599999,0.9276
2020-11-06,513100,纳指ETF,0.896599999,297539283.0,326761440.0,0.94,0.9438,0.893
2020-11-09,513100,纳指ETF,0.9204,177538298.0,194121085.0,0.916,0.93,0.9052
2020-11-10,513100,纳指ETF,0.8938,88604001.0,98974550.0,0.9,0.9,0.8916
2020-11-11,513100,纳指ETF,0.8814,58507588.0,66235420.0,0.8896,0.8896,0.8802
2020-11-12,513100,纳指ETF,0.883799999,49377201.0,55673530.0,0.894,0.8946,0.8826
2020-11-13,513100,纳指ETF,0.877,45318285.0,51808090.0,0.877999999,0.877999999,0.8712
2020-11-16,513100,纳指ETF,0.88,56387778.0,63911500.0,0.8826,0.886,0.878999999
2020-11-17,513100,纳指ETF,0.8648,90565974.0,104445600.0,0.8798,0.8804,0.864
2020-11-18,513100,纳指ETF,0.8568,42286450.0,49304500.0,0.8646,0.8646,0.8564
2020-11-19,513100,纳指ETF,0.8552,50019148.0,58624435.0,0.853999999,0.8574,0.8492
2020-11-20,513100,纳指ETF,0.861,47062136.0,54763500.0,0.8566,0.8624,0.8564
2020-11-23,513100,纳指ETF,0.8542,46928189.0,55028000.0,0.860399999,0.860399999,0.8492
2020-11-24,513100,纳指ETF,0.856199999,38333104.0,44798550.0,0.8574,0.8574,0.853999999
2020-11-25,513100,纳指ETF,0.8624,56881982.0,65810965.0,0.8674,0.8674,0.861
2020-11-26,513100,纳指ETF,0.865,68558716.0,79033500.0,0.863599999,0.873,0.8626
2020-11-27,513100,纳指ETF,0.8624,45165507.0,52500500.0,0.864,0.864,0.858
2020-11-30,513100,纳指ETF,0.8634,54665787.0,62955500.0,0.863,0.8718,0.860399999
2020-12-01,513100,纳指ETF,0.8728,54253892.0,62265000.0,0.8682,0.8738,0.866
2020-12-02,513100,纳指ETF,0.8788,55413029.0,63010350.0,0.888,0.888,0.869999999
2020-12-03,513100,纳指ETF,0.8742,76029544.0,87017000.0,0.8786,0.8786,0.8722
2020-12-04,513100,纳指ETF,0.8698,51005562.0,58629455.0,0.8742,0.8742,0.8676
2020-12-07,513100,纳指ETF,0.8598,55926720.0,64761620.0,0.8698,0.8718,0.858799999
2020-12-08,513100,纳指ETF,0.8586,47183062.0,54938000.0,0.8608,0.8618,0.857
2020-12-09,513100,纳指ETF,0.858,56336708.0,65538000.0,0.8594,0.8614,0.8576
2020-12-10,513100,纳指ETF,0.844,74192397.0,88202485.0,0.846599999,0.846599999,0.8364
2020-12-11,513100,纳指ETF,0.8414,52060659.0,61824500.0,0.8496,0.8496,0.836999999
2020-12-14,513100,纳指ETF,0.8408,32602010.0,38721500.0,0.8414,0.846,0.8392
2020-12-15,513100,纳指ETF,0.8424,52899713.0,62869860.0,0.8408,0.8428,0.8404
2020-12-16,513100,纳指ETF,0.856199999,71783105.0,84156630.0,0.8478,0.8564,0.8478
2020-12-17,513100,纳指ETF,0.8566,62383083.0,72829500.0,0.86,0.8612,0.8534
2020-12-18,513100,纳指ETF,0.8606,45129777.0,52526440.0,0.858,0.8608,0.857199999
2020-12-21,513100,纳指ETF,0.8682,66969589.0,77453915.0,0.8602,0.8688,0.8586
2020-12-22,513100,纳指ETF,0.8598,45237389.0,52412105.0,0.8648,0.868399999,0.858
2020-12-23,513100,纳指ETF,0.863,45225340.0,52450550.0,0.8564,0.8646,0.8564
2020-12-24,513100,纳指ETF,0.8596,59206949.0,68841500.0,0.8618,0.8618,0.859
2020-12-25,513100,纳指ETF,0.8642,29833606.0,34605000.0,0.858799999,0.866,0.858799999
2020-12-28,513100,纳指ETF,0.8692,38292520.0,44168500.0,0.8646,0.8696,0.8644
2020-12-29,513100,纳指ETF,0.8766,45271203.0,51733500.0,0.873,0.877,0.8726
2020-12-30,513100,纳指ETF,0.876399999,52311578.0,59873000.0,0.871599999,0.877,0.8702
2020-12-31,513100,纳指ETF,0.875,61580330.0,70461440.0,0.876399999,0.876399999,0.872
2021-01-04,513100,纳指ETF,0.8666,74369278.0,85718500.0,0.8738,0.8738,0.864
2021-01-05,513100,纳指ETF,0.855,65525084.0,76815500.0,0.856,0.858,0.850799999
2021-01-06,513100,纳指ETF,0.8512,77372007.0,90618510.0,0.857,0.859,0.850799999
2021-01-07,513100,纳指ETF,0.8486,51688693.0,60822550.0,0.8484,0.852,0.8478
2021-01-08,513100,纳指ETF,0.863599999,71249958.0,82615600.0,0.860399999,0.8646,0.86
2021-01-11,513100,纳指ETF,0.8662,62979977.0,72484000.0,0.868399999,0.8704,0.866
2021-01-12,513100,纳指ETF,0.8598,64637761.0,75238000.0,0.864,0.864,0.8576
2021-01-13,513100,纳指ETF,0.856199999,53576959.0,62570000.0,0.8586,0.8586,0.8554
2021-01-14,513100,纳指ETF,0.8594,35750536.0,41555500.0,0.8596,0.861999999,0.858799999
2021-01-15,513100,纳指ETF,0.8536,49225975.0,57656770.0,0.8568,0.8568,0.851399999
2021-01-18,513100,纳指ETF,0.8488,76670070.0,90404640.0,0.851,0.851,0.847
2021-01-19,513100,纳指ETF,0.8582,115696032.0,134944460.0,0.8532,0.860399999,0.8522
2021-01-20,513100,纳指ETF,0.8648,59781438.0,69230540.0,0.8656,0.8656,0.8612
2021-01-21,513100,纳指ETF,0.886999999,116079356.0,131349120.0,0.882,0.888,0.88
2021-01-22,513100,纳指ETF,0.8864,81552813.0,91956145.0,0.888599999,0.8896,0.883
2021-01-25,513100,纳指ETF,0.8942,75677883.0,84687500.0,0.8888,0.8952,0.8888
2021-01-26,513100,纳指ETF,0.888599999,48782856.0,54821090.0,0.891799999,0.891799999,0.888
2021-01-27,513100,纳指ETF,0.9026,103400184.0,115027650.0,0.896,0.9034,0.896
2021-01-28,513100,纳指ETF,0.8666,137720755.0,157958075.0,0.8738,0.877399999,0.8646
2021-01-29,513100,纳指ETF,0.8654,138646441.0,159558265.0,0.873199999,0.8778,0.8614
2021-02-01,513100,纳指ETF,0.861999999,51066953.0,59633000.0,0.852999999,0.8628,0.851
2021-02-02,513100,纳指ETF,0.8882,81598835.0,92276115.0,0.8816,0.888599999,0.8782
2021-02-03,513100,纳指ETF,0.8986,58212472.0,64880890.0,0.9042,0.9042,0.894
2021-02-04,513100,纳指ETF,0.8898,62647028.0,70280820.0,0.891,0.8954,0.8862
2021-02-05,513100,纳指ETF,0.9016,54472351.0,60455160.0,0.8984,0.9026,0.8984
2021-02-08,513100,纳指ETF,0.9074,59407953.0,65418000.0,0.9052,0.9092,0.905
2021-02-09,513100,纳指ETF,0.907199999,44205944.0,48678355.0,0.9098,0.91,0.907
2021-02-10,513100,纳指ETF,0.9106,57817897.0,63653000.0,0.9076,0.911,0.906
2021-02-18,513100,纳指ETF,0.9064,114769984.0,126736105.0,0.903999999,0.908,0.903999999
2021-02-19,513100,纳指ETF,0.9054,54144183.0,59979500.0,0.905,0.905599999,0.901
2021-02-22,513100,纳指ETF,0.8974,75518477.0,83976030.0,0.9048,0.9048,0.8958
2021-02-23,513100,纳指ETF,0.8832,83936733.0,95084115.0,0.8772,0.8868,0.8766
2021-02-24,513100,纳指ETF,0.8678,100189161.0,114892990.0,0.8794,0.8798,0.8646
2021-02-25,513100,纳指ETF,0.8844,64817392.0,73514495.0,0.88,0.8846,0.8784
2021-02-26,513100,纳指ETF,0.8492,148577776.0,174464820.0,0.8502,0.858799999,0.8474
2021-03-01,513100,纳指ETF,0.868399999,80731125.0,93041500.0,0.8618,0.871,0.8618
2021-03-02,513100,纳指ETF,0.8792,63944248.0,72570000.0,0.8856,0.89,0.877399999
2021-03-03,513100,纳指ETF,0.8752,65333173.0,74976500.0,0.869999999,0.8766,0.8642
2021-03-04,513100,纳指ETF,0.8468,94120632.0,111193500.0,0.852999999,0.8532,0.843
2021-03-05,513100,纳指ETF,0.8364,77254187.0,92990000.0,0.8314,0.8372,0.824799999
2021-03-08,513100,纳指ETF,0.8378,66169208.0,78509600.0,0.846,0.849799999,0.836999999
2021-03-09,513100,纳指ETF,0.830599999,82384359.0,99401500.0,0.827399999,0.835399999,0.8234
2021-03-10,513100,纳指ETF,0.8522,63106767.0,74042500.0,0.8542,0.855599999,0.850799999
2021-03-11,513100,纳指ETF,0.8594,88191100.0,103292185.0,0.8516,0.8596,0.8504
2021-03-12,513100,纳指ETF,0.8648,66418806.0,76434680.0,0.8692,0.871599999,0.8644
2021-03-15,513100,纳指ETF,0.8612,42599389.0,49343455.0,0.866799999,0.8696,0.8592
2021-03-16,513100,纳指ETF,0.877399999,69737558.0,79750700.0,0.872,0.8776,0.8706
2021-03-17,513100,纳指ETF,0.876,57378745.0,65580000.0,0.877,0.877,0.873199999
2021-03-18,513100,纳指ETF,0.8826,45043798.0,51089500.0,0.8814,0.8836,0.878999999
2021-03-19,513100,纳指ETF,0.8534,76885037.0,90011810.0,0.855599999,0.8568,0.8516
2021-03-22,513100,纳指ETF,0.8616,44352032.0,51569500.0,0.8548,0.8626,0.8548
2021-03-23,513100,纳指ETF,0.8698,53580474.0,61645470.0,0.8702,0.8712,0.8664
2021-03-24,513100,纳指ETF,0.8702,55343263.0,63560680.0,0.8692,0.872,0.8692
2021-03-25,513100,纳指ETF,0.857,48832985.0,56976500.0,0.8576,0.8592,0.8544
2021-03-26,513100,纳指ETF,0.8644,51925732.0,60296000.0,0.857,0.865199999,0.8566
2021-03-29,513100,纳指ETF,0.8644,57657824.0,66767500.0,0.861999999,0.8662,0.86
2021-03-30,513100,纳指ETF,0.8662,44573415.0,51352000.0,0.8676,0.869,0.8658
2021-03-31,513100,纳指ETF,0.8658,31558521.0,36447500.0,0.8678,0.8696,0.8642
2021-04-01,513100,纳指ETF,0.886,67928485.0,77026000.0,0.8798,0.8864,0.8784
2021-04-02,513100,纳指ETF,0.8958,48882278.0,54521500.0,0.8974,0.8978,0.8952
2021-04-06,513100,纳指ETF,0.9098,71436554.0,78505570.0,0.9118,0.9118,0.9076
2021-04-07,513100,纳指ETF,0.909,57373024.0,63237500.0,0.9094,0.9096,0.9058
2021-04-08,513100,纳指ETF,0.918399999,57261712.0,62489070.0,0.9108,0.9196,0.9108
2021-04-09,513100,纳指ETF,0.921,75474397.0,81770600.0,0.924799999,0.927,0.9192
2021-04-12,513100,纳指ETF,0.927,67835406.0,73240435.0,0.9262,0.9288,0.9252
2021-04-13,513100,纳指ETF,0.925,50858595.0,54902625.0,0.925,0.9284,0.9244
2021-04-14,513100,纳指ETF,0.936999999,55966919.0,59759000.0,0.9336,0.9376,0.9336
2021-04-15,513100,纳指ETF,0.9276,71958091.0,77765000.0,0.927399999,0.9278,0.9236
2021-04-16,513100,纳指ETF,0.9362,61934973.0,66188625.0,0.9346,0.9366,0.9346
2021-04-19,513100,纳指ETF,0.938,44613619.0,47545500.0,0.938,0.940199999,0.9364
2021-04-20,513100,纳指ETF,0.924,68018392.0,73368500.0,0.9278,0.93,0.9236
2021-04-21,513100,纳指ETF,0.917,61925127.0,67774000.0,0.9154,0.9176,0.9118
2021-04-22,513100,纳指ETF,0.9254,36286211.0,39243500.0,0.9234,0.926,0.923
2021-04-23,513100,纳指ETF,0.9144,44007202.0,48074715.0,0.9156,0.916799999,0.914
2021-04-26,513100,纳指ETF,0.9238,50280887.0,54374000.0,0.9256,0.926399999,0.923
2021-04-27,513100,纳指ETF,0.931199999,61163041.0,65711000.0,0.929599999,0.9318,0.9294
2021-04-28,513100,纳指ETF,0.927999999,31727359.0,34193500.0,0.927,0.929599999,0.9268
2021-04-29,513100,纳指ETF,0.930599999,55749184.0,59947215.0,0.928999999,0.9318,0.928999999
2021-04-30,513100,纳指ETF,0.9238,72404746.0,78540810.0,0.924,0.9242,0.919999999
2021-05-06,513100,纳指ETF,0.902399999,82031150.0,91162500.0,0.9,0.902999999,0.898
2021-05-07,513100,纳指ETF,0.9004,95258593.0,105439250.0,0.905,0.907199999,0.899799999
2021-05-10,513100,纳指ETF,0.9074,110083144.0,121459500.0,0.906,0.908,0.9038
2021-05-11,513100,纳指ETF,0.881,80745952.0,91896150.0,0.8816,0.8824,0.8754
2021-05-12,513100,纳指ETF,0.881199999,48149075.0,54741000.0,0.8786,0.8816,0.877
2021-05-13,513100,纳指ETF,0.8692,54821056.0,63235500.0,0.8644,0.8698,0.8644
2021-05-14,513100,纳指ETF,0.8788,75887550.0,86766500.0,0.8742,0.8794,0.873
2021-05-17,513100,纳指ETF,0.8878,68071290.0,76855500.0,0.8852,0.8892,0.8842
2021-05-18,513100,纳指ETF,0.8906,39763525.0,44841500.0,0.8878,0.8914,0.884
2021-05-19,513100,纳指ETF,0.8742,49606381.0,56718000.0,0.8762,0.876399999,0.8726
2021-05-20,513100,纳指ETF,0.876399999,36306163.0,41420500.0,0.8756,0.8778,0.8746
2021-05-21,513100,纳指ETF,0.894,57231506.0,64107500.0,0.892,0.8942,0.8916
2021-05-24,513100,纳指ETF,0.8896,33562675.0,37750000.0,0.8898,0.891,0.8874
2021-05-25,513100,纳指ETF,0.9032,51944039.0,57652500.0,0.8994,0.9032,0.8986
2021-05-26,513100,纳指ETF,0.902,37369161.0,41459000.0,0.902399999,0.902999999,0.9002
2021-05-27,513100,纳指ETF,0.897,48815214.0,54313000.0,0.9018,0.9018,0.8962
2021-05-28,513100,纳指ETF,0.896599999,47702731.0,53108140.0,0.8984,0.8994,0.8956
2021-05-31,513100,纳指ETF,0.894999999,58389919.0,65229540.0,0.896599999,0.898,0.8942
2021-06-01,513100,纳指ETF,0.896599999,43164444.0,48304610.0,0.894999999,0.8968,0.8916
2021-06-02,513100,纳指ETF,0.8924,38166326.0,42767120.0,0.8916,0.896,0.8914
2021-06-03,513100,纳指ETF,0.8946,26085927.0,29150500.0,0.8944,0.8958,0.893
2021-06-04,513100,纳指ETF,0.8878,35505323.0,40042000.0,0.886,0.8882,0.8846
2021-06-07,513100,纳指ETF,0.9002,49342260.0,54847500.0,0.8996,0.9028,0.898
2021-06-08,513100,纳指ETF,0.9034,41487550.0,45860040.0,0.906,0.906199999,0.9032
2021-06-09,513100,纳指ETF,0.904599999,35261472.0,38994000.0,0.9048,0.905,0.9
2021-06-10,513100,纳指ETF,0.9018,31441684.0,34813780.0,0.9036,0.9042,0.901
2021-06-11,513100,纳指ETF,0.9126,45264522.0,49624240.0,0.9116,0.9134,0.911
2021-06-15,513100,纳指ETF,0.9266,66077095.0,71399000.0,0.9212,0.9266,0.9212
2021-06-16,513100,纳指ETF,0.9206,37095044.0,40325500.0,0.919,0.9256,0.919
2021-06-17,513100,纳指ETF,0.9176,53291263.0,58195500.0,0.916,0.9178,0.9126
2021-06-18,513100,纳指ETF,0.9368,91083220.0,97365100.0,0.9344,0.9372,0.932199999
2021-06-21,513100,纳指ETF,0.9282,123928337.0,133639500.0,0.9278,0.930599999,0.924
2021-06-22,513100,纳指ETF,0.9342,78012582.0,83483250.0,0.933,0.9358,0.933
2021-06-23,513100,纳指ETF,0.9486,80606808.0,85062000.0,0.9452,0.9496,0.9452
2021-06-24,513100,纳指ETF,0.9484,47665167.0,50255000.0,0.9486,0.9492,0.9464
2021-06-25,513100,纳指ETF,0.9512,52957702.0,55635500.0,0.952399999,0.9526,0.9506
2021-06-28,513100,纳指ETF,0.9534,48745266.0,51225100.0,0.95,0.9542,0.9472
2021-06-29,513100,纳指ETF,0.9606,49846347.0,51861000.0,0.9602,0.961999999,0.9602
2021-06-30,513100,纳指ETF,0.9674,29935438.0,30981000.0,0.964,0.9678,0.964
2021-07-01,513100,纳指ETF,0.9654,33960748.0,35165000.0,0.9674,0.9674,0.9644
2021-07-02,513100,纳指ETF,0.9656,38961481.0,40371500.0,0.966,0.9666,0.9638
2021-07-05,513100,纳指ETF,0.9766,37745553.0,38676500.0,0.9744,0.977399999,0.9736
2021-07-06,513100,纳指ETF,0.977399999,35604655.0,36459020.0,0.9768,0.9776,0.975799999
2021-07-07,513100,纳指ETF,0.983799999,36238041.0,36870440.0,0.979599999,0.9844,0.979599999
2021-07-08,513100,纳指ETF,0.982,48379711.0,49207665.0,0.9846,0.985,0.981
2021-07-09,513100,纳指ETF,0.980599999,79697588.0,81611315.0,0.975799999,0.981,0.9724
2021-07-12,513100,纳指ETF,0.9868,76023460.0,77053000.0,0.983799999,0.9882,0.983799999
2021-07-13,513100,纳指ETF,0.988,62336002.0,63019000.0,0.9896,0.9908,0.9876
2021-07-14,513100,纳指ETF,0.9876,45193077.0,45773000.0,0.9864,0.988,0.986
2021-07-15,513100,纳指ETF,0.9896,38437793.0,38890410.0,0.9866,0.99,0.9866
2021-07-16,513100,纳指ETF,0.980599999,55659095.0,56761500.0,0.9804,0.9842,0.9786
2021-07-19,513100,纳指ETF,0.974799999,54456673.0,56037500.0,0.9726,0.9752,0.9704
2021-07-20,513100,纳指ETF,0.9726,54245040.0,55817100.0,0.9702,0.973,0.9702
2021-07-21,513100,纳指ETF,0.9786,69790401.0,71361200.0,0.9784,0.98,0.9756
2021-07-22,513100,纳指ETF,0.9876,49260645.0,49960000.0,0.983799999,0.9878,0.983799999
2021-07-23,513100,纳指ETF,0.994999999,48874042.0,49185000.0,0.9924,0.9952,0.992
2021-07-26,513100,纳指ETF,1.0082,102402697.0,101865000.0,1.0022,1.0098,1.002
2021-07-27,513100,纳指ETF,1.006,71573959.0,71067000.0,1.006,1.009,1.005599999
2021-07-28,513100,纳指ETF,0.996,119429397.0,120002500.0,1.0,1.0,0.9926
2021-07-29,513100,纳指ETF,0.9992,88555223.0,88765495.0,0.998,0.999799999,0.9958
2021-07-30,513100,纳指ETF,0.9824,82535423.0,83727500.0,0.988,0.9884,0.9816
2021-08-02,513100,纳指ETF,0.996,83736994.0,84206000.0,0.9924,0.996599999,0.9924
2021-08-03,513100,纳指ETF,0.9936,38518310.0,38818995.0,0.992,0.994,0.9908
2021-08-04,513100,纳指ETF,1.0002,76860520.0,76914570.0,0.9984,1.001,0.998
2021-08-05,513100,纳指ETF,0.9992,32495556.0,32510650.0,1.0006,1.0006,0.9984
2021-08-06,513100,纳指ETF,1.0066,68846740.0,68371550.0,1.007199999,1.009,1.0058
2021-08-09,513100,纳指ETF,1.0016,51883975.0,51828000.0,0.9996,1.0034,0.9986
2021-08-10,513100,纳指ETF,1.006199999,36966994.0,36777500.0,1.0038,1.006199999,1.0038
2021-08-11,513100,纳指ETF,1.0012,56687937.0,56600500.0,1.0038,1.0038,1.0004
2021-08-12,513100,纳指ETF,0.9984,43346735.0,43428005.0,0.9986,0.9992,0.9974
2021-08-13,513100,纳指ETF,1.002,38924121.0,38855000.0,1.002,1.002399999,1.001
2021-08-16,513100,纳指ETF,1.0044,61158428.0,60863000.0,1.0032,1.007,1.002399999
2021-08-17,513100,纳指ETF,1.007799999,65488528.0,65068500.0,1.0032,1.0082,1.0032
2021-08-18,513100,纳指ETF,1.0018,81196315.0,81118980.0,1.002399999,1.0026,0.999
2021-08-19,513100,纳指ETF,0.9844,107280845.0,108398000.0,0.9952,0.9952,0.984
2021-08-20,513100,纳指ETF,0.9936,89937923.0,90541620.0,0.993,0.9944,0.992
2021-08-23,513100,纳指ETF,1.01,72789561.0,72241400.0,1.006,1.010399999,1.0042
2021-08-24,513100,纳指ETF,1.0246,141874901.0,138656500.0,1.0212,1.0252,1.0212
2021-08-25,513100,纳指ETF,1.0236,44994301.0,43976500.0,1.0244,1.0246,1.0214
2021-08-26,513100,纳指ETF,1.0222,54363392.0,53172500.0,1.023199999,1.0236,1.021
2021-08-27,513100,纳指ETF,1.023,89500864.0,87534330.0,1.0172,1.0238,1.0172
2021-08-30,513100,纳指ETF,1.0308,114441614.0,111018500.0,1.0292,1.032,1.0292
2021-08-31,513100,纳指ETF,1.0448,90611529.0,86948115.0,1.039,1.0448,1.0376
2021-09-01,513100,纳指ETF,1.04,131428092.0,126585000.0,1.0396,1.0406,1.036
2021-09-02,513100,纳指ETF,1.038599999,132317577.0,127435500.0,1.04,1.040199999,1.0372
2021-09-03,513100,纳指ETF,1.0364,78100830.0,75325595.0,1.0382,1.0382,1.0352
2021-09-06,513100,纳指ETF,1.039,76244201.0,73385825.0,1.036999999,1.0398,1.036999999
2021-09-07,513100,纳指ETF,1.04,51351432.0,49413500.0,1.038599999,1.04,1.0384
2021-09-08,513100,纳指ETF,1.038599999,47357222.0,45579520.0,1.0392,1.0398,1.038
2021-09-09,513100,纳指ETF,1.033,79798368.0,77301000.0,1.0348,1.0348,1.0302
2021-09-10,513100,纳指ETF,1.029599999,71716841.0,69626500.0,1.0302,1.0316,1.0292
2021-09-13,513100,纳指ETF,1.0244,116376954.0,114053500.0,1.0198,1.025,1.0188
2021-09-14,513100,纳指ETF,1.018399999,60308524.0,59070500.0,1.0224,1.0228,1.018
2021-09-15,513100,纳指ETF,1.0162,43686517.0,43033225.0,1.016,1.0172,1.013599999
2021-09-16,513100,纳指ETF,1.0212,59759313.0,58458000.0,1.0234,1.0236,1.0206
2021-09-17,513100,纳指ETF,1.027,73974027.0,72180595.0,1.0226,1.0272,1.0222
2021-09-22,513100,纳指ETF,1.0018,122737117.0,122794500.0,0.9996,1.002999999,0.996
2021-09-23,513100,纳指ETF,1.011,68106109.0,67459500.0,1.0102,1.0114,1.0086
2021-09-24,513100,纳指ETF,1.013,73374448.0,72256500.0,1.0166,1.0182,1.0128
2021-09-27,513100,纳指ETF,1.0192,76599478.0,75236500.0,1.0164,1.019999999,1.0164
2021-09-28,513100,纳指ETF,1.001,98112826.0,97655500.0,1.0068,1.008,1.000799999
2021-09-29,513100,纳指ETF,0.9868,129722769.0,131994500.0,0.98,0.9872,0.9788
2021-09-30,513100,纳指ETF,0.9888,55756988.0,56541500.0,0.9844,0.989,0.982
2021-10-08,513100,纳指ETF,0.9874,82156390.0,83025500.0,0.9916,0.9932,0.9868
2021-10-11,513100,纳指ETF,0.9762,119478384.0,122348080.0,0.9802,0.981199999,0.9752
2021-10-12,513100,纳指ETF,0.968,74234096.0,76600495.0,0.9708,0.9708,0.9676
2021-10-13,513100,纳指ETF,0.9704,41225489.0,42575540.0,0.967,0.9706,0.9666
2021-10-14,513100,纳指ETF,0.9834,58062247.0,59267570.0,0.976,0.9836,0.976
2021-10-15,513100,纳指ETF,0.9972,81050129.0,81300070.0,0.9946,0.9996,0.9932
2021-10-18,513100,纳指ETF,0.9964,39881649.0,40001000.0,0.998,0.998199999,0.9956
2021-10-19,513100,纳指ETF,1.007799999,65588232.0,65161500.0,1.007799999,1.008,1.0054
2021-10-20,513100,纳指ETF,1.0096,52261325.0,51742500.0,1.01,1.011,1.0084
2021-10-21,513100,纳指ETF,1.0094,195287424.0,193626950.0,1.0084,1.01,1.0054
2021-10-22,513100,纳指ETF,1.013,161460431.0,159410000.0,1.0114,1.013599999,1.0102
2021-10-25,513100,纳指ETF,1.008,43661191.0,43362500.0,1.005,1.0084,1.004599999
2021-10-26,513100,纳指ETF,1.0206,51278644.0,50335725.0,1.0182,1.0212,1.0178
2021-10-27,513100,纳指ETF,1.019,40022758.0,39326535.0,1.019999999,1.019999999,1.016
2021-10-28,513100,纳指ETF,1.023199999,43440259.0,42450540.0,1.0218,1.0244,1.0214
2021-10-29,513100,纳指ETF,1.0244,65334329.0,63679500.0,1.027999999,1.027999999,1.0234
2021-11-01,513100,纳指ETF,1.0416,70169645.0,67389390.0,1.038599999,1.0428,1.0378
2021-11-02,513100,纳指ETF,1.0436,49872304.0,47856730.0,1.0432,1.0436,1.0408
2021-11-03,513100,纳指ETF,1.0486,40970836.0,39082845.0,1.0476,1.049799999,1.0476
2021-11-04,513100,纳指ETF,1.063,90381638.0,85088450.0,1.0602,1.063599999,1.06
2021-11-05,513100,纳指ETF,1.076,81364399.0,75704105.0,1.075,1.0762,1.0708
2021-11-08,513100,纳指ETF,1.0724,91309309.0,85078500.0,1.0754,1.076,1.0714
2021-11-09,513100,纳指ETF,1.0736,93466797.0,87209445.0,1.0718,1.0742,1.0688
2021-11-10,513100,纳指ETF,1.0632,88157608.0,83033500.0,1.0654,1.0654,1.0602
2021-11-11,513100,纳指ETF,1.0544,97818537.0,92908930.0,1.0496,1.0564,1.0494
2021-11-12,513100,纳指ETF,1.053999999,62149290.0,58863500.0,1.056,1.0582,1.0528
2021-11-15,513100,纳指ETF,1.0672,71187020.0,66844000.0,1.065,1.0672,1.0624
2021-11-16,513100,纳指ETF,1.0608,63667497.0,59979500.0,1.065,1.065,1.059
2021-11-17,513100,纳指ETF,1.0694,62379128.0,58321645.0,1.0678,1.0714,1.0678
2021-11-18,513100,纳指ETF,1.0718,58227028.0,54411000.0,1.069,1.0724,1.0688
2021-11-19,513100,纳指ETF,1.0866,90359194.0,83262500.0,1.08,1.0878,1.08
2021-11-22,513100,纳指ETF,1.0896,72777433.0,66724500.0,1.0904,1.0928,1.0888
2021-11-23,513100,纳指ETF,1.0718,123348901.0,114945000.0,1.0754,1.0754,1.0704
2021-11-24,513100,纳指ETF,1.0736,84819465.0,79199500.0,1.0696,1.0738,1.0686
2021-11-25,513100,纳指ETF,1.079,66796665.0,62075175.0,1.0746,1.0792,1.0738
2021-11-26,513100,纳指ETF,1.068,97951614.0,91527000.0,1.0744,1.0744,1.0664
2021-11-29,513100,纳指ETF,1.0644,122340481.0,115174000.0,1.0576,1.065199999,1.0576
2021-11-30,513100,纳指ETF,1.0692,125791996.0,117441000.0,1.0754,1.0774,1.063599999
2021-12-01,513100,纳指ETF,1.069999999,75182117.0,70542000.0,1.0616,1.0706,1.0596
2021-12-02,513100,纳指ETF,1.046,161735501.0,154803005.0,1.0454,1.047,1.0432
2021-12-03,513100,纳指ETF,1.0452,102577270.0,98281500.0,1.0454,1.046599999,1.0392
2021-12-06,513100,纳指ETF,1.030599999,97180851.0,94412655.0,1.027999999,1.0316,1.027
2021-12-07,513100,纳指ETF,1.044,95841587.0,92142500.0,1.0382,1.0446,1.0372
2021-12-08,513100,纳指ETF,1.069999999,98398782.0,92004500.0,1.0692,1.071599999,1.066
2021-12-09,513100,纳指ETF,1.0658,76900729.0,72103035.0,1.0682,1.0692,1.063599999
2021-12-10,513100,纳指ETF,1.056,56734021.0,53697000.0,1.053999999,1.06,1.053999999
2021-12-13,513100,纳指ETF,1.0692,52822249.0,49426000.0,1.0694,1.0706,1.0674
2021-12-14,513100,纳指ETF,1.0522,68006291.0,64613035.0,1.0552,1.0552,1.0512
2021-12-15,513100,纳指ETF,1.043399999,127824306.0,122514035.0,1.0456,1.0456,1.0414
2021-12-16,513100,纳指ETF,1.0694,111546517.0,104737125.0,1.0644,1.0696,1.0622
2021-12-17,513100,纳指ETF,1.0382,181672411.0,174689500.0,1.0444,1.0448,1.0364
2021-12-20,513100,纳指ETF,1.0226,140027963.0,136646500.0,1.024,1.034,1.021
2021-12-21,513100,纳指ETF,1.036,104006770.0,100845000.0,1.026,1.0366,1.026
2021-12-22,513100,纳指ETF,1.0412,96697724.0,92822000.0,1.0426,1.0436,1.0394
2021-12-23,513100,纳指ETF,1.0552,102835431.0,97499275.0,1.053999999,1.0558,1.0522
2021-12-24,513100,纳指ETF,1.0614,64888429.0,61145250.0,1.061999999,1.0632,1.0602
2021-12-27,513100,纳指ETF,1.0662,67604470.0,63426000.0,1.065199999,1.067,1.0642
2021-12-28,513100,纳指ETF,1.081,85708202.0,79358000.0,1.0786,1.0816,1.078
2021-12-29,513100,纳指ETF,1.0804,77395295.0,71734500.0,1.078,1.0806,1.0764
2021-12-30,513100,纳指ETF,1.0744,98563492.0,91670000.0,1.0764,1.08,1.0736
2021-12-31,513100,纳指ETF,1.0728,112435480.0,104990500.0,1.071,1.0736,1.0678
2022-01-04,513100,纳指ETF,1.0812,95061728.0,88087060.0,1.0796,1.0814,1.0764
2022-01-05,513100,纳指ETF,1.0594,118143631.0,111382500.0,1.0654,1.0656,1.057799999
2022-01-06,513100,纳指ETF,1.0302,185911550.0,180313500.0,1.03,1.0358,1.0244
2022-01-07,513100,纳指ETF,1.0376,89415607.0,86363000.0,1.0362,1.0382,1.033
2022-01-10,513100,纳指ETF,1.0284,116407524.0,113733935.0,1.022,1.0288,1.0194
2022-01-11,513100,纳指ETF,1.0202,136706442.0,133762000.0,1.0254,1.0254,1.0188
2022-01-12,513100,纳指ETF,1.0384,113410233.0,109459500.0,1.032,1.0394,1.032
2022-01-14,513100,纳指ETF,1.015,126977793.0,125644069.0,1.01,1.016,1.007
2022-01-17,513100,纳指ETF,1.014,85681333.0,84495400.0,1.015,1.017,1.012
2022-01-18,513100,纳指ETF,1.008,123867339.0,122707900.0,1.015,1.015,1.005
2022-01-19,513100,纳指ETF,0.986,161228736.0,163215300.0,0.99,0.995,0.982
2022-01-20,513100,纳指ETF,0.989,124668997.0,126658000.0,0.981,0.99,0.979
2022-01-21,513100,纳指ETF,0.96,207732080.0,216024299.0,0.964,0.969,0.955
2022-01-24,513100,纳指ETF,0.951,136339736.0,144031480.0,0.948,0.953,0.944
2022-01-25,513100,纳指ETF,0.93,265073903.0,284406900.0,0.938,0.943,0.925
2022-01-26,513100,纳指ETF,0.925,200515988.0,216999200.0,0.922,0.926,0.921
2022-01-27,513100,纳指ETF,0.905,233661353.0,257177600.0,0.912,0.917,0.903
2022-01-28,513100,纳指ETF,0.919,227565967.0,247548476.0,0.917,0.924,0.915
2022-02-07,513100,纳指ETF,0.956,203752782.0,214371503.0,0.948,0.957,0.945
2022-02-08,513100,纳指ETF,0.95,112928585.0,119095700.0,0.95,0.951,0.946
2022-02-09,513100,纳指ETF,0.966,118814160.0,123413112.0,0.96,0.967,0.96
2022-02-10,513100,纳指ETF,0.98,129956854.0,132865200.0,0.98,0.981,0.975
2022-02-11,513100,纳指ETF,0.952,169668468.0,177886401.0,0.958,0.959,0.949
2022-02-14,513100,纳指ETF,0.933,145936506.0,156621100.0,0.931,0.935,0.93
2022-02-15,513100,纳指ETF,0.933,138578388.0,148542900.0,0.932,0.936,0.93
2022-02-16,513100,纳指ETF,0.949,151229068.0,159283000.0,0.948,0.952,0.947
2022-02-17,513100,纳指ETF,0.942,141965089.0,150297850.0,0.948,0.949,0.939
2022-02-18,513100,纳指ETF,0.933,187810390.0,202283624.0,0.921,0.934,0.92
2022-02-21,513100,纳指ETF,0.931,149458709.0,161946000.0,0.92,0.934,0.918
2022-02-22,513100,纳指ETF,0.893,325842050.0,363468000.0,0.902,0.911,0.89
2022-02-23,513100,纳指ETF,0.908,156003350.0,172073200.0,0.905,0.91,0.902
2022-02-24,513100,纳指ETF,0.857,464416847.0,535979560.0,0.875,0.876,0.854
2022-02-25,513100,纳指ETF,0.894,419073494.0,469019955.0,0.895,0.898,0.889
2022-02-28,513100,纳指ETF,0.896,217527949.0,243026494.0,0.9,0.9,0.89
2022-03-01,513100,纳指ETF,0.919,206222389.0,225111698.0,0.914,0.92,0.913
2022-03-02,513100,纳指ETF,0.905,124257126.0,137175300.0,0.906,0.91,0.902
2022-03-03,513100,纳指ETF,0.92,121485124.0,132419852.0,0.918,0.92,0.915
2022-03-04,513100,纳指ETF,0.902,190917455.0,212072817.0,0.896,0.905,0.895
2022-03-07,513100,纳指ETF,0.881,261212442.0,297439324.0,0.88,0.883,0.874
2022-03-08,513100,纳指ETF,0.852,350416786.0,408814900.0,0.866,0.866,0.847
2022-03-09,513100,纳指ETF,0.862,256466167.0,299040431.0,0.856,0.862,0.852
2022-03-10,513100,纳指ETF,0.884,176269211.0,199142017.0,0.885,0.888,0.882
2022-03-11,513100,纳指ETF,0.879,146530340.0,167670763.0,0.872,0.879,0.87
2022-03-14,513100,纳指ETF,0.868,399601717.0,461177000.0,0.868,0.871,0.863
2022-03-15,513100,纳指ETF,0.851,189290792.0,221669790.0,0.853,0.859,0.85
2022-03-16,513100,纳指ETF,0.883,270713269.0,308687290.0,0.874,0.885,0.869
2022-03-17,513100,纳指ETF,0.91,212588633.0,234725718.0,0.904,0.911,0.903
2022-03-18,513100,纳指ETF,0.91,138718603.0,152602729.0,0.909,0.912,0.906
2022-03-21,513100,纳指ETF,0.93,317695144.0,341561900.0,0.931,0.933,0.927
2022-03-22,513100,纳指ETF,0.932,150247764.0,161685943.0,0.927,0.932,0.927
2022-03-23,513100,纳指ETF,0.955,167913454.0,176053000.0,0.953,0.956,0.951
2022-03-24,513100,纳指ETF,0.946,165394667.0,174983875.0,0.942,0.95,0.941
2022-03-25,513100,纳指ETF,0.963,256377984.0,266644085.0,0.96,0.963,0.959
2022-03-28,513100,纳指ETF,0.958,162992086.0,170040800.0,0.959,0.961,0.956
2022-03-29,513100,纳指ETF,0.978,160428580.0,164447175.0,0.975,0.979,0.974
2022-03-30,513100,纳指ETF,0.99,179139554.0,180703500.0,0.992,0.994,0.988
2022-03-31,513100,纳指ETF,0.983,262607893.0,267237268.0,0.984,0.985,0.98
2022-04-01,513100,纳指ETF,0.973,456108275.0,469600162.0,0.967,0.976,0.966
2022-04-06,513100,纳指ETF,0.967,223935150.0,232076106.0,0.964,0.968,0.963
2022-04-07,513100,纳指ETF,0.947,231469579.0,244946203.0,0.944,0.948,0.943
2022-04-08,513100,纳指ETF,0.953,155102843.0,163520704.0,0.946,0.954,0.945
2022-04-11,513100,纳指ETF,0.929,259599680.0,279102700.0,0.934,0.935,0.926
2022-04-12,513100,纳指ETF,0.911,446485306.0,491491232.0,0.91,0.912,0.905
2022-04-13,513100,纳指ETF,0.917,289520511.0,316492813.0,0.912,0.919,0.91
2022-04-14,513100,纳指ETF,0.931,257265132.0,276754500.0,0.927,0.932,0.927
2022-04-15,513100,纳指ETF,0.905,305429654.0,337691877.0,0.906,0.908,0.903
2022-04-18,513100,纳指ETF,0.9,205325452.0,228519900.0,0.898,0.901,0.896
2022-04-19,513100,纳指ETF,0.913,190755988.0,209456200.0,0.909,0.914,0.908
2022-04-20,513100,纳指ETF,0.924,304593612.0,329873200.0,0.923,0.925,0.922
2022-04-21,513100,纳指ETF,0.928,339424957.0,366028039.0,0.923,0.932,0.922
2022-04-22,513100,纳指ETF,0.911,262953235.0,290495763.0,0.901,0.911,0.9
2022-04-25,513100,纳指ETF,0.883,436376715.0,491395400.0,0.885,0.893,0.882
2022-04-26,513100,纳指ETF,0.904,355020471.0,391987600.0,0.905,0.908,0.903
2022-04-27,513100,纳指ETF,0.881,564081434.0,643972300.0,0.875,0.882,0.872
2022-04-28,513100,纳指ETF,0.893,342892067.0,386891759.0,0.882,0.894,0.881
2022-04-29,513100,纳指ETF,0.905,545703553.0,603317800.0,0.902,0.908,0.901
2022-05-05,513100,纳指ETF,0.913,525763617.0,573678187.0,0.915,0.919,0.912
2022-05-06,513100,纳指ETF,0.878,485698587.0,554291800.0,0.873,0.882,0.87
2022-05-09,513100,纳指ETF,0.866,290470755.0,335587120.0,0.868,0.87,0.863
2022-05-10,513100,纳指ETF,0.855,484168744.0,572165516.0,0.84,0.856,0.838
2022-05-11,513100,纳指ETF,0.859,500483630.0,583229195.0,0.856,0.861,0.854
2022-05-12,513100,纳指ETF,0.83,682099734.0,818633700.0,0.837,0.84,0.827
2022-05-13,513100,纳指ETF,0.844,480626625.0,571960000.0,0.838,0.845,0.837
2022-05-16,513100,纳指ETF,0.855,554129782.0,645712101.0,0.864,0.865,0.851
2022-05-17,513100,纳指ETF,0.859,339108774.0,396296201.0,0.854,0.859,0.852
2022-05-18,513100,纳指ETF,0.864,349848392.0,404410042.0,0.867,0.868,0.862
2022-05-19,513100,纳指ETF,0.828,528945726.0,639645164.0,0.825,0.831,0.824
2022-05-20,513100,纳指ETF,0.833,479878045.0,577517598.0,0.831,0.834,0.83
2022-05-23,513100,纳指ETF,0.837,313864564.0,377369900.0,0.832,0.838,0.828
2022-05-24,513100,纳指ETF,0.813,369291255.0,449301301.0,0.83,0.831,0.81
2022-05-25,513100,纳指ETF,0.818,248255387.0,303982262.0,0.813,0.819,0.813
2022-05-26,513100,纳指ETF,0.822,284708182.0,346554500.0,0.823,0.824,0.819
2022-05-27,513100,纳指ETF,0.848,445515897.0,526740659.0,0.841,0.849,0.841
2022-05-30,513100,纳指ETF,0.875,366190168.0,419158169.0,0.878,0.879,0.871
2022-05-31,513100,纳指ETF,0.868,264992036.0,304673056.0,0.871,0.872,0.867
2022-06-01,513100,纳指ETF,0.868,203331254.0,234075103.0,0.87,0.871,0.866
2022-06-02,513100,纳指ETF,0.86,229395613.0,266379700.0,0.863,0.864,0.859
2022-06-06,513100,纳指ETF,0.861,434969080.0,506240698.0,0.858,0.862,0.855
2022-06-07,513100,纳指ETF,0.854,271338831.0,317614553.0,0.856,0.857,0.852
2022-06-08,513100,纳指ETF,0.866,235720640.0,272508301.0,0.865,0.866,0.863
2022-06-09,513100,纳指ETF,0.861,204402362.0,237320595.0,0.862,0.863,0.859
2022-06-10,513100,纳指ETF,0.847,318720697.0,377650358.0,0.842,0.848,0.84
2022-06-13,513100,纳指ETF,0.804,600739044.0,742315964.0,0.818,0.818,0.802
2022-06-14,513100,纳指ETF,0.799,467766208.0,588483754.0,0.788,0.801,0.788
2022-06-15,513100,纳指ETF,0.803,618348741.0,774617995.0,0.798,0.805,0.794
2022-06-16,513100,纳指ETF,0.798,583968033.0,721408267.0,0.817,0.818,0.798
2022-06-17,513100,纳指ETF,0.791,467924031.0,595808900.0,0.778,0.792,0.776
2022-06-20,513100,纳指ETF,0.796,405675724.0,513585800.0,0.793,0.796,0.785
2022-06-21,513100,纳指ETF,0.805,317021148.0,395104089.0,0.797,0.808,0.795
2022-06-22,513100,纳指ETF,0.802,387642803.0,481873623.0,0.808,0.81,0.802
2022-06-23,513100,纳指ETF,0.815,376108149.0,465144183.0,0.806,0.816,0.805
2022-06-24,513100,纳指ETF,0.824,337400018.0,409996385.0,0.817,0.827,0.817
2022-06-27,513100,纳指ETF,0.837,390847894.0,465797051.0,0.84,0.842,0.836
2022-06-28,513100,纳指ETF,0.828,544677524.0,657102131.0,0.833,0.834,0.825
2022-06-29,513100,纳指ETF,0.806,377666293.0,467609576.0,0.805,0.811,0.805
2022-06-30,513100,纳指ETF,0.801,333486378.0,414441463.0,0.806,0.808,0.8
2022-07-01,513100,纳指ETF,0.799,326834325.0,409400937.0,0.801,0.802,0.794
2022-07-04,513100,纳指ETF,0.802,362410672.0,453381020.0,0.8,0.803,0.796
2022-07-05,513100,纳指ETF,0.814,278127982.0,343310165.0,0.806,0.815,0.805
2022-07-06,513100,纳指ETF,0.819,372965189.0,455041624.0,0.822,0.825,0.815
2022-07-07,513100,纳指ETF,0.829,310772951.0,376820800.0,0.821,0.829,0.82
2022-07-08,513100,纳指ETF,0.835,278773573.0,332803344.0,0.839,0.841,0.834
2022-07-11,513100,纳指ETF,0.828,283410744.0,341335200.0,0.832,0.835,0.827
2022-07-12,513100,纳指ETF,0.816,198114108.0,242763300.0,0.815,0.819,0.814
2022-07-13,513100,纳指ETF,0.821,239525596.0,293281700.0,0.815,0.821,0.814
2022-07-14,513100,纳指ETF,0.812,283148001.0,348156100.0,0.814,0.816,0.811
2022-07-15,513100,纳指ETF,0.821,213505541.0,260030242.0,0.818,0.823,0.818
2022-07-18,513100,纳指ETF,0.841,256690117.0,306670993.0,0.834,0.842,0.832
2022-07-19,513100,纳指ETF,0.829,208850023.0,251702900.0,0.829,0.832,0.827
2022-07-20,513100,纳指ETF,0.856,381017410.0,446567004.0,0.852,0.857,0.85
2022-07-21,513100,纳指ETF,0.861,316491200.0,367139163.0,0.861,0.865,0.86
2022-07-22,513100,纳指ETF,0.867,296316907.0,341366126.0,0.868,0.87,0.866
2022-07-25,513100,纳指ETF,0.854,332327234.0,388803800.0,0.858,0.858,0.851
2022-07-26,513100,纳指ETF,0.849,221878449.0,261577500.0,0.847,0.851,0.846
2022-07-27,513100,纳指ETF,0.849,254462598.0,299657440.0,0.846,0.852,0.845
2022-07-28,513100,纳指ETF,0.864,296358704.0,342743848.0,0.867,0.868,0.863
2022-07-29,513100,纳指ETF,0.888,340115052.0,383910302.0,0.884,0.888,0.884
2022-08-01,513100,纳指ETF,0.886,216874470.0,244538392.0,0.888,0.888,0.885
2022-08-02,513100,纳指ETF,0.886,398254109.0,449556570.0,0.888,0.889,0.883
2022-08-03,513100,纳指ETF,0.886,171831385.0,193918200.0,0.886,0.888,0.884
2022-08-04,513100,纳指ETF,0.911,228403533.0,251056893.0,0.909,0.911,0.908
2022-08-05,513100,纳指ETF,0.915,159756378.0,174295390.0,0.916,0.918,0.915
2022-08-08,513100,纳指ETF,0.912,172424848.0,189823730.0,0.907,0.913,0.905
2022-08-09,513100,纳指ETF,0.905,189171903.0,208958900.0,0.906,0.908,0.903
2022-08-10,513100,纳指ETF,0.892,198015951.0,221813470.0,0.895,0.895,0.89
2022-08-11,513100,纳指ETF,0.923,320889588.0,348449517.0,0.92,0.924,0.918
2022-08-12,513100,纳指ETF,0.914,173376187.0,189858500.0,0.914,0.915,0.912
2022-08-15,513100,纳指ETF,0.931,163425681.0,175581909.0,0.929,0.932,0.928
2022-08-16,513100,纳指ETF,0.942,158386595.0,168046743.0,0.941,0.944,0.941
2022-08-17,513100,纳指ETF,0.939,133270871.0,141763300.0,0.941,0.942,0.939
2022-08-18,513100,纳指ETF,0.926,199941475.0,215268786.0,0.928,0.931,0.925
2022-08-19,513100,纳指ETF,0.928,235233592.0,252330900.0,0.933,0.935,0.927
2022-08-22,513100,纳指ETF,0.912,285446563.0,312340700.0,0.915,0.916,0.911
2022-08-23,513100,纳指ETF,0.895,337404474.0,376331700.0,0.898,0.9,0.892
2022-08-24,513100,纳指ETF,0.898,324766843.0,362756124.0,0.896,0.899,0.892
2022-08-25,513100,纳指ETF,0.91,198266543.0,219172252.0,0.901,0.91,0.9
2022-08-26,513100,纳指ETF,0.915,205226471.0,224442784.0,0.916,0.916,0.912
2022-08-29,513100,纳指ETF,0.879,369829614.0,422742700.0,0.872,0.879,0.87
2022-08-30,513100,纳指ETF,0.883,188371535.0,214044000.0,0.878,0.884,0.877
2022-08-31,513100,纳指ETF,0.875,294519193.0,337001600.0,0.873,0.877,0.872
2022-09-01,513100,纳指ETF,0.854,389780656.0,455147400.0,0.859,0.86,0.852
2022-09-02,513100,纳指ETF,0.863,330987321.0,384297900.0,0.863,0.864,0.859
2022-09-05,513100,纳指ETF,0.856,228188951.0,267295400.0,0.853,0.856,0.852
2022-09-06,513100,纳指ETF,0.862,187930752.0,218543448.0,0.861,0.862,0.858
2022-09-07,513100,纳指ETF,0.853,308922897.0,363111100.0,0.848,0.854,0.848
2022-09-08,513100,纳指ETF,0.87,390457249.0,449586420.0,0.868,0.871,0.867
2022-09-09,513100,纳指ETF,0.873,254402278.0,291393500.0,0.874,0.875,0.871
2022-09-13,513100,纳指ETF,0.898,296713490.0,331191917.0,0.894,0.899,0.894
2022-09-14,513100,纳指ETF,0.856,413635996.0,484297100.0,0.854,0.856,0.851
2022-09-15,513100,纳指ETF,0.858,192204322.0,223570600.0,0.859,0.862,0.858
2022-09-16,513100,纳指ETF,0.841,164482098.0,195005300.0,0.845,0.845,0.84
2022-09-19,513100,纳指ETF,0.84,257919184.0,306446259.0,0.842,0.845,0.838
2022-09-20,513100,纳指ETF,0.855,235844233.0,276275850.0,0.851,0.856,0.85
2022-09-21,513100,纳指ETF,0.85,253555116.0,298344200.0,0.85,0.852,0.847
2022-09-22,513100,纳指ETF,0.834,526428025.0,632425080.0,0.83,0.836,0.828
2022-09-23,513100,纳指ETF,0.829,173688410.0,209359500.0,0.829,0.832,0.828
2022-09-26,513100,纳指ETF,0.816,344766913.0,421057600.0,0.818,0.822,0.816
2022-09-27,513100,纳指ETF,0.831,353155477.0,427599900.0,0.823,0.831,0.822
2022-09-28,513100,纳指ETF,0.82,485943854.0,592321700.0,0.826,0.827,0.817
2022-09-29,513100,纳指ETF,0.833,366705994.0,439597327.0,0.834,0.837,0.829
2022-09-30,513100,纳指ETF,0.812,435943702.0,538349608.0,0.812,0.813,0.807
2022-10-10,513100,纳指ETF,0.792,304462283.0,382266100.0,0.799,0.8,0.792
2022-10-11,513100,纳指ETF,0.792,249818049.0,314305100.0,0.796,0.797,0.792
2022-10-12,513100,纳指ETF,0.797,336267331.0,424650008.0,0.791,0.799,0.787
2022-10-13,513100,纳指ETF,0.79,246662733.0,312628100.0,0.789,0.791,0.787
2022-10-14,513100,纳指ETF,0.811,487384047.0,602551306.0,0.804,0.813,0.803
2022-10-17,513100,纳指ETF,0.793,479432191.0,607095300.0,0.791,0.795,0.786
2022-10-18,513100,纳指ETF,0.824,606442200.0,739138700.0,0.816,0.83,0.814
2022-10-19,513100,纳指ETF,0.821,404455723.0,490451160.0,0.829,0.83,0.82
2022-10-20,513100,纳指ETF,0.812,383888040.0,473932600.0,0.809,0.815,0.806
2022-10-21,513100,纳指ETF,0.81,195238331.0,241070768.0,0.81,0.812,0.808
2022-10-24,513100,纳指ETF,0.833,667368573.0,799802365.0,0.836,0.838,0.831
2022-10-25,513100,纳指ETF,0.848,337787361.0,399307551.0,0.844,0.85,0.842
2022-10-26,513100,纳指ETF,0.842,344885248.0,408050741.0,0.847,0.848,0.841
2022-10-27,513100,纳指ETF,0.837,272313026.0,325528600.0,0.836,0.84,0.833
2022-10-28,513100,纳指ETF,0.811,348243401.0,426855347.0,0.823,0.825,0.81
2022-10-31,513100,纳指ETF,0.849,355493839.0,419760324.0,0.845,0.85,0.844
2022-11-01,513100,纳指ETF,0.851,345517353.0,407218158.0,0.848,0.852,0.846
2022-11-02,513100,纳指ETF,0.838,408799981.0,487714000.0,0.841,0.841,0.837
2022-11-03,513100,纳指ETF,0.813,452422492.0,556574200.0,0.812,0.815,0.811
2022-11-04,513100,纳指ETF,0.814,713927749.0,888794121.0,0.801,0.815,0.797
2022-11-07,513100,纳指ETF,0.815,308151009.0,380290500.0,0.803,0.816,0.803
2022-11-08,513100,纳指ETF,0.816,245522922.0,300939938.0,0.82,0.82,0.813
2022-11-09,513100,纳指ETF,0.818,289933655.0,353531100.0,0.816,0.822,0.816
2022-11-10,513100,纳指ETF,0.808,181172374.0,224596815.0,0.805,0.809,0.804
2022-11-11,513100,纳指ETF,0.854,650802341.0,764368480.0,0.856,0.858,0.847
2022-11-14,513100,纳指ETF,0.848,285185492.0,334921050.0,0.856,0.857,0.848
2022-11-15,513100,纳指ETF,0.855,307613582.0,361178636.0,0.848,0.856,0.846
2022-11-16,513100,纳指ETF,0.861,421197739.0,490985900.0,0.854,0.863,0.852
2022-11-17,513100,纳指ETF,0.856,217953465.0,255365832.0,0.852,0.856,0.851
2022-11-18,513100,纳指ETF,0.853,250649539.0,293464142.0,0.854,0.857,0.851
2022-11-21,513100,纳指ETF,0.85,204784728.0,240632700.0,0.85,0.853,0.849
2022-11-22,513100,纳指ETF,0.843,177365381.0,210073800.0,0.846,0.848,0.841
2022-11-23,513100,纳指ETF,0.853,203725024.0,239192898.0,0.85,0.854,0.85
2022-11-24,513100,纳指ETF,0.863,259387900.0,300554820.0,0.863,0.865,0.862
2022-11-25,513100,纳指ETF,0.865,133469877.0,154108884.0,0.868,0.868,0.865
2022-11-28,513100,纳指ETF,0.854,258766685.0,302338286.0,0.858,0.859,0.853
2022-11-29,513100,纳指ETF,0.852,376399521.0,442679714.0,0.851,0.853,0.848
2022-11-30,513100,纳指ETF,0.842,254642387.0,302801700.0,0.842,0.843,0.839
2022-12-01,513100,纳指ETF,0.868,431078311.0,497469030.0,0.867,0.869,0.864
2022-12-02,513100,纳指ETF,0.863,173347024.0,200865480.0,0.862,0.865,0.861
2022-12-05,513100,纳指ETF,0.854,265986199.0,311062400.0,0.857,0.858,0.853
2022-12-06,513100,纳指ETF,0.844,343878119.0,408143000.0,0.842,0.845,0.841
2022-12-07,513100,纳指ETF,0.835,356325981.0,428277105.0,0.83,0.835,0.829
2022-12-08,513100,纳指ETF,0.832,243285731.0,292876700.0,0.83,0.832,0.829
2022-12-09,513100,纳指ETF,0.833,262379608.0,314737300.0,0.837,0.838,0.832
2022-12-12,513100,纳指ETF,0.825,255151204.0,309283300.0,0.825,0.826,0.824
2022-12-13,513100,纳指ETF,0.838,299146823.0,358301215.0,0.833,0.838,0.832
2022-12-14,513100,纳指ETF,0.848,247540566.0,292862820.0,0.844,0.848,0.844
2022-12-15,513100,纳指ETF,0.835,228719111.0,273227250.0,0.84,0.841,0.835
2022-12-16,513100,纳指ETF,0.816,358492060.0,440419845.0,0.812,0.817,0.81
2022-12-19,513100,纳指ETF,0.813,147278257.0,181114700.0,0.814,0.815,0.812
2022-12-20,513100,纳指ETF,0.802,369395861.0,459364100.0,0.806,0.808,0.8
2022-12-21,513100,纳指ETF,0.809,258432855.0,319973959.0,0.806,0.81,0.805
2022-12-22,513100,纳指ETF,0.811,189955550.0,233621342.0,0.816,0.816,0.81
2022-12-23,513100,纳指ETF,0.801,230174912.0,288029642.0,0.798,0.802,0.796
2022-12-26,513100,纳指ETF,0.802,118331562.0,147857376.0,0.802,0.803,0.798
2022-12-27,513100,纳指ETF,0.808,193493025.0,239560553.0,0.805,0.81,0.804
2022-12-28,513100,纳指ETF,0.799,301220541.0,377584800.0,0.797,0.801,0.796
2022-12-29,513100,纳指ETF,0.795,192989862.0,243475613.0,0.793,0.796,0.79
2022-12-30,513100,纳指ETF,0.799,240251385.0,299850150.0,0.802,0.804,0.798
2023-01-03,513100,纳指ETF,0.806,250424669.0,312332674.0,0.797,0.809,0.795
2023-01-04,513100,纳指ETF,0.804,145215892.0,180867708.0,0.801,0.805,0.8
2023-01-05,513100,纳指ETF,0.805,291206822.0,362286200.0,0.804,0.806,0.802
2023-01-06,513100,纳指ETF,0.799,340506187.0,426590000.0,0.799,0.8,0.796
2023-01-09,513100,纳指ETF,0.809,247146635.0,306390300.0,0.805,0.809,0.805
2023-01-10,513100,纳指ETF,0.805,192202904.0,238440400.0,0.808,0.808,0.804
2023-01-11,513100,纳指ETF,0.81,187754202.0,231791540.0,0.81,0.811,0.809
2023-01-12,513100,纳指ETF,0.818,185563507.0,226848201.0,0.817,0.819,0.817
2023-01-13,513100,纳指ETF,0.815,158791276.0,194646300.0,0.819,0.819,0.814
2023-01-16,513100,纳指ETF,0.815,154096050.0,188586387.0,0.817,0.819,0.814
2023-01-17,513100,纳指ETF,0.82,196896242.0,240845800.0,0.816,0.821,0.815
2023-01-18,513100,纳指ETF,0.821,165301044.0,201284614.0,0.819,0.823,0.819
2023-01-19,513100,纳指ETF,0.81,270071613.0,333704228.0,0.811,0.812,0.806
2023-01-20,513100,纳指ETF,0.815,212517405.0,262293199.0,0.807,0.816,0.806
2023-01-30,513100,纳指ETF,0.844,509438273.0,601973817.0,0.843,0.85,0.842
2023-01-31,513100,纳指ETF,0.832,161528535.0,193552000.0,0.835,0.837,0.832
2023-02-01,513100,纳指ETF,0.847,221268472.0,262315164.0,0.841,0.847,0.84
2023-02-02,513100,纳指ETF,0.862,253835245.0,294593482.0,0.864,0.865,0.86
2023-02-03,513100,纳指ETF,0.87,479434718.0,549983924.0,0.873,0.874,0.87
2023-02-06,513100,纳指ETF,0.865,657007541.0,757582264.0,0.87,0.873,0.863
2023-02-07,513100,纳指ETF,0.866,178993852.0,206473600.0,0.867,0.868,0.865
2023-02-08,513100,纳指ETF,0.882,307398650.0,349205600.0,0.878,0.883,0.878
2023-02-09,513100,纳指ETF,0.873,330739731.0,379246300.0,0.871,0.874,0.869
2023-02-10,513100,纳指ETF,0.86,192579570.0,223658784.0,0.863,0.864,0.859
2023-02-13,513100,纳指ETF,0.859,179234609.0,209100454.0,0.856,0.86,0.855
2023-02-14,513100,纳指ETF,0.871,250170998.0,287505362.0,0.869,0.872,0.868
2023-02-15,513100,纳指ETF,0.873,288749896.0,330511767.0,0.875,0.876,0.871
2023-02-16,513100,纳指ETF,0.89,282206174.0,317199635.0,0.888,0.891,0.888
2023-02-17,513100,纳指ETF,0.865,315159101.0,362997800.0,0.87,0.872,0.865
2023-02-20,513100,纳指ETF,0.868,336701611.0,389325702.0,0.863,0.868,0.863
2023-02-21,513100,纳指ETF,0.866,191878308.0,221860300.0,0.865,0.867,0.864
2023-02-22,513100,纳指ETF,0.85,297221986.0,349025600.0,0.851,0.854,0.85
2023-02-23,513100,纳指ETF,0.857,142880234.0,166931500.0,0.855,0.857,0.854
2023-02-24,513100,纳指ETF,0.86,153145704.0,178302700.0,0.86,0.861,0.857
2023-02-27,513100,纳指ETF,0.852,129912644.0,152308000.0,0.853,0.854,0.852
2023-02-28,513100,纳指ETF,0.855,137493501.0,160632000.0,0.857,0.858,0.854
2023-03-01,513100,纳指ETF,0.852,275763108.0,324083618.0,0.85,0.853,0.849
2023-03-02,513100,纳指ETF,0.84,427516730.0,509677953.0,0.845,0.846,0.835
2023-03-03,513100,纳指ETF,0.849,234284733.0,276514364.0,0.847,0.849,0.845
2023-03-06,513100,纳指ETF,0.871,452856509.0,521506400.0,0.865,0.874,0.864
2023-03-07,513100,纳指ETF,0.872,253812613.0,290657900.0,0.874,0.875,0.871
2023-03-08,513100,纳指ETF,0.864,152523607.0,176449500.0,0.866,0.867,0.863
2023-03-09,513100,纳指ETF,0.868,137901059.0,158941600.0,0.866,0.87,0.865
2023-03-10,513100,纳指ETF,0.848,302188872.0,355447800.0,0.851,0.853,0.847
2023-03-13,513100,纳指ETF,0.854,396522122.0,467437500.0,0.844,0.855,0.843
2023-03-14,513100,纳指ETF,0.841,529579419.0,628986800.0,0.846,0.847,0.839
2023-03-15,513100,纳指ETF,0.859,404668502.0,471607513.0,0.857,0.86,0.856
2023-03-16,513100,纳指ETF,0.863,227465904.0,262918300.0,0.864,0.867,0.862
2023-03-17,513100,纳指ETF,0.884,377226118.0,426888390.0,0.884,0.886,0.882
2023-03-20,513100,纳指ETF,0.873,345994951.0,393798101.0,0.881,0.883,0.872
2023-03-21,513100,纳指ETF,0.882,129060132.0,146441902.0,0.88,0.882,0.879
2023-03-22,513100,纳指ETF,0.895,219190335.0,245124529.0,0.893,0.896,0.893
2023-03-23,513100,纳指ETF,0.884,319983686.0,362637000.0,0.882,0.884,0.881
2023-03-24,513100,纳指ETF,0.891,284914297.0,320630313.0,0.888,0.891,0.886
2023-03-27,513100,纳指ETF,0.899,267172867.0,297449103.0,0.897,0.901,0.896
2023-03-28,513100,纳指ETF,0.893,191359360.0,214767101.0,0.891,0.894,0.888
2023-03-29,513100,纳指ETF,0.893,170648248.0,191286301.0,0.89,0.895,0.889
2023-03-30,513100,纳指ETF,0.903,326675174.0,361707520.0,0.902,0.905,0.902
2023-03-31,513100,纳指ETF,0.908,229773424.0,252616000.0,0.912,0.913,0.907
2023-04-03,513100,纳指ETF,0.92,288770357.0,313958238.0,0.919,0.921,0.918
2023-04-04,513100,纳指ETF,0.922,216484190.0,235249886.0,0.921,0.922,0.919
2023-04-06,513100,纳指ETF,0.906,215580344.0,237890875.0,0.907,0.908,0.905
2023-04-07,513100,纳指ETF,0.914,132538256.0,144865745.0,0.915,0.916,0.914
2023-04-10,513100,纳指ETF,0.91,138871245.0,152295884.0,0.914,0.914,0.909
2023-04-11,513100,纳指ETF,0.915,142624219.0,155919900.0,0.915,0.916,0.913
2023-04-12,513100,纳指ETF,0.908,185254710.0,203895091.0,0.91,0.911,0.907
2023-04-13,513100,纳指ETF,0.902,249653123.0,277289436.0,0.899,0.903,0.898
2023-04-14,513100,纳指ETF,0.91,180432451.0,197776300.0,0.915,0.915,0.91
2023-04-17,513100,纳指ETF,0.914,155048915.0,169500970.0,0.915,0.916,0.914
2023-04-18,513100,纳指ETF,0.914,143331276.0,156865900.0,0.914,0.915,0.913
2023-04-19,513100,纳指ETF,0.912,115516077.0,126508300.0,0.914,0.915,0.912
2023-04-20,513100,纳指ETF,0.912,266041562.0,291398900.0,0.913,0.915,0.911
2023-04-21,513100,纳指ETF,0.908,141783550.0,155952500.0,0.91,0.911,0.908
2023-04-24,513100,纳指ETF,0.906,226874648.0,249951350.0,0.908,0.911,0.905
2023-04-25,513100,纳指ETF,0.906,176962578.0,195185775.0,0.908,0.908,0.905
2023-04-26,513100,纳指ETF,0.904,244314877.0,269685900.0,0.907,0.908,0.904
2023-04-27,513100,纳指ETF,0.905,165956480.0,183348500.0,0.905,0.907,0.904
2023-04-28,513100,纳指ETF,0.923,271874450.0,294887900.0,0.921,0.923,0.92
2023-05-04,513100,纳指ETF,0.918,183362451.0,200071600.0,0.916,0.919,0.914
2023-05-05,513100,纳指ETF,0.916,80388627.0,87818270.0,0.915,0.916,0.915
2023-05-08,513100,纳指ETF,0.93,236840616.0,254849310.0,0.93,0.931,0.928
2023-05-09,513100,纳指ETF,0.93,160005529.0,171802700.0,0.931,0.932,0.93
2023-05-10,513100,纳指ETF,0.93,119270336.0,128514170.0,0.927,0.93,0.926
2023-05-11,513100,纳指ETF,0.942,196339953.0,208651400.0,0.94,0.942,0.94
2023-05-12,513100,纳指ETF,0.946,171166296.0,180740300.0,0.947,0.948,0.946
2023-05-15,513100,纳指ETF,0.944,137005361.0,145354400.0,0.943,0.944,0.941
2023-05-16,513100,纳指ETF,0.947,201929979.0,213231300.0,0.947,0.948,0.946
2023-05-17,513100,纳指ETF,0.953,223694919.0,234354800.0,0.954,0.956,0.953
2023-05-18,513100,纳指ETF,0.968,245329037.0,253753800.0,0.965,0.969,0.964
2023-05-19,513100,纳指ETF,0.99,541216980.0,545015004.0,0.992,0.996,0.989
2023-05-22,513100,纳指ETF,0.984,326411017.0,331928732.0,0.985,0.986,0.981
2023-05-23,513100,纳指ETF,0.992,309547101.0,311560132.0,0.993,0.996,0.991
2023-05-24,513100,纳指ETF,0.977,402691164.0,411209600.0,0.982,0.982,0.976
2023-05-25,513100,纳指ETF,0.993,345633582.0,349645900.0,0.987,0.993,0.986
2023-05-26,513100,纳指ETF,0.996,311549389.0,312378200.0,1.0,1.001,0.995
2023-05-29,513100,纳指ETF,1.032,364438891.0,353792400.0,1.029,1.033,1.028
2023-05-30,513100,纳指ETF,1.035,439222284.0,424779755.0,1.032,1.037,1.029
2023-05-31,513100,纳指ETF,1.031,331394948.0,320800538.0,1.034,1.036,1.029
2023-06-01,513100,纳指ETF,1.03,300526261.0,292423060.0,1.028,1.03,1.024
2023-06-02,513100,纳指ETF,1.043,453129345.0,435042500.0,1.041,1.044,1.039
2023-06-05,513100,纳指ETF,1.048,289139215.0,276339200.0,1.048,1.048,1.044
2023-06-06,513100,纳指ETF,1.049,361702045.0,344421473.0,1.05,1.052,1.048
2023-06-07,513100,纳指ETF,1.052,275674849.0,262282451.0,1.05,1.053,1.049
2023-06-08,513100,纳指ETF,1.03,489477471.0,473669200.0,1.036,1.038,1.03
2023-06-09,513100,纳指ETF,1.047,367573664.0,351280102.0,1.045,1.048,1.044
2023-06-12,513100,纳指ETF,1.059,265389732.0,250996433.0,1.055,1.06,1.054
2023-06-13,513100,纳指ETF,1.085,708866735.0,656003300.0,1.079,1.086,1.076
2023-06-14,513100,纳指ETF,1.086,329643733.0,303396000.0,1.089,1.091,1.084
2023-06-15,513100,纳指ETF,1.091,619291117.0,566478400.0,1.093,1.096,1.091
2023-06-16,513100,纳指ETF,1.1,606589834.0,551909131.0,1.098,1.101,1.096
2023-06-19,513100,纳指ETF,1.096,549571925.0,501878700.0,1.097,1.097,1.093
2023-06-20,513100,纳指ETF,1.095,315357716.0,287869100.0,1.096,1.097,1.094
2023-06-21,513100,纳指ETF,1.1,414152896.0,376469100.0,1.1,1.102,1.098
2023-06-26,513100,纳指ETF,1.091,432681747.0,396418900.0,1.091,1.093,1.09
2023-06-27,513100,纳指ETF,1.076,628360899.0,584611600.0,1.077,1.077,1.073
2023-06-28,513100,纳指ETF,1.09,378328884.0,347313900.0,1.088,1.091,1.087
2023-06-29,513100,纳指ETF,1.099,305009895.0,277381100.0,1.098,1.101,1.098
2023-06-30,513100,纳指ETF,1.1,207081842.0,188385900.0,1.099,1.1,1.098
2023-07-03,513100,纳指ETF,1.118,559294621.0,501474535.0,1.116,1.12,1.113
2023-07-04,513100,纳指ETF,1.112,435622891.0,390998822.0,1.114,1.116,1.111
2023-07-05,513100,纳指ETF,1.11,358890678.0,322573100.0,1.112,1.114,1.11
2023-07-06,513100,纳指ETF,1.111,362393974.0,325735700.0,1.115,1.116,1.109
2023-07-07,513100,纳指ETF,1.106,377423853.0,341346571.0,1.106,1.107,1.104
2023-07-10,513100,纳指ETF,1.095,441085218.0,401941568.0,1.101,1.101,1.095
2023-07-11,513100,纳指ETF,1.101,378189881.0,343858714.0,1.1,1.102,1.096
2023-07-12,513100,纳指ETF,1.102,323008308.0,293074373.0,1.104,1.104,1.1
2023-07-13,513100,纳指ETF,1.118,571648893.0,511885800.0,1.113,1.12,1.112
2023-07-14,513100,纳指ETF,1.126,447137169.0,396774800.0,1.129,1.13,1.125
2023-07-17,513100,纳指ETF,1.132,352685239.0,312565100.0,1.126,1.132,1.125
2023-07-18,513100,纳指ETF,1.142,490885164.0,430085954.0,1.14,1.144,1.139
2023-07-19,513100,纳指ETF,1.163,629856534.0,543535700.0,1.153,1.164,1.153
2023-07-20,513100,纳指ETF,1.147,830628768.0,721832325.0,1.152,1.153,1.147
2023-07-21,513100,纳指ETF,1.128,653943003.0,580808061.0,1.124,1.128,1.122
2023-07-24,513100,纳指ETF,1.132,461759302.0,408726800.0,1.124,1.134,1.123
2023-07-25,513100,纳指ETF,1.128,541073456.0,480358373.0,1.131,1.131,1.124
2023-07-26,513100,纳指ETF,1.131,380451560.0,336560400.0,1.13,1.132,1.129
2023-07-27,513100,纳指ETF,1.141,657039986.0,578479673.0,1.131,1.143,1.13
2023-07-28,513100,纳指ETF,1.134,715486815.0,631041274.0,1.133,1.137,1.131
2023-07-31,513100,纳指ETF,1.149,686548904.0,598807900.0,1.146,1.151,1.142
2023-08-01,513100,纳指ETF,1.153,389459491.0,337606000.0,1.151,1.155,1.151
2023-08-02,513100,纳指ETF,1.137,627599060.0,548594898.0,1.149,1.149,1.137
2023-08-03,513100,纳指ETF,1.118,649167637.0,578883523.0,1.121,1.124,1.118
2023-08-04,513100,纳指ETF,1.128,690670547.0,614584798.0,1.121,1.13,1.119
2023-08-07,513100,纳指ETF,1.118,589762001.0,527355000.0,1.121,1.122,1.116
2023-08-08,513100,纳指ETF,1.12,409184557.0,364620000.0,1.123,1.124,1.12
2023-08-09,513100,纳指ETF,1.119,465948809.0,416833300.0,1.119,1.12,1.116
2023-08-10,513100,纳指ETF,1.109,454389682.0,410588923.0,1.107,1.11,1.104
2023-08-11,513100,纳指ETF,1.11,362188540.0,326562000.0,1.111,1.112,1.107
2023-08-14,513100,纳指ETF,1.103,555460100.0,504286921.0,1.104,1.105,1.098
2023-08-15,513100,纳指ETF,1.124,586836026.0,521785880.0,1.119,1.128,1.119
2023-08-16,513100,纳指ETF,1.112,345406703.0,310689200.0,1.113,1.114,1.11
2023-08-17,513100,纳指ETF,1.104,544736359.0,495157300.0,1.098,1.104,1.097
2023-08-18,513100,纳指ETF,1.083,677229199.0,625137666.0,1.086,1.087,1.08
2023-08-21,513100,纳指ETF,1.086,440516215.0,405742700.0,1.084,1.087,1.084
2023-08-22,513100,纳指ETF,1.104,442416058.0,402321770.0,1.098,1.104,1.096
2023-08-23,513100,纳指ETF,1.104,343276950.255,310904551.0,1.104,1.106,1.102
2023-08-24,513100,纳指ETF,1.134,915294954.0,808191300.0,1.127,1.137,1.127
2023-08-25,513100,纳指ETF,1.091,560786790.0,512569700.0,1.097,1.098,1.089
2023-08-28,513100,纳指ETF,1.105,424034077.0,384373403.0,1.102,1.106,1.101
2023-08-29,513100,纳指ETF,1.111,379512974.0,341034100.0,1.113,1.115,1.111
2023-08-30,513100,纳指ETF,1.135,597672372.0,526348797.0,1.135,1.137,1.133
2023-08-31,513100,纳指ETF,1.14,471300613.0,412905900.0,1.141,1.143,1.139
2023-09-01,513100,纳指ETF,1.139,368333133.0,323287420.0,1.138,1.141,1.137
2023-09-04,513100,纳指ETF,1.142,301736039.0,264596203.0,1.14,1.143,1.138
2023-09-05,513100,纳指ETF,1.141,173293000.0,151792100.0,1.141,1.143,1.14
2023-09-06,513100,纳指ETF,1.143,213750744.0,186619386.0,1.146,1.147,1.143
2023-09-07,513100,纳指ETF,1.134,366209444.0,322518362.0,1.137,1.138,1.133
2023-09-08,513100,纳指ETF,1.141,335141320.0,295158100.0,1.131,1.141,1.13
2023-09-11,513100,纳指ETF,1.134,457604811.0,403239000.0,1.136,1.137,1.132
2023-09-12,513100,纳指ETF,1.141,266143006.0,233377000.0,1.141,1.142,1.139
2023-09-13,513100,纳指ETF,1.128,378459156.0,335466200.0,1.128,1.13,1.126
2023-09-14,513100,纳指ETF,1.136,415523723.0,365659700.0,1.133,1.139,1.132
2023-09-15,513100,纳指ETF,1.142,380662485.0,333178600.0,1.145,1.145,1.14
2023-09-18,513100,纳指ETF,1.124,296802280.0,264015600.0,1.124,1.126,1.122
2023-09-19,513100,纳指ETF,1.123,243388678.0,216408500.0,1.126,1.127,1.122
2023-09-20,513100,纳指ETF,1.124,370892218.0,330712700.0,1.122,1.124,1.12
2023-09-21,513100,纳指ETF,1.103,576471819.0,523042100.0,1.105,1.106,1.1
2023-09-22,513100,纳指ETF,1.092,559297772.0,514059930.0,1.085,1.093,1.084
2023-09-25,513100,纳指ETF,1.094,318704232.0,291623200.0,1.089,1.095,1.089
2023-09-26,513100,纳指ETF,1.085,403515519.0,370313500.0,1.092,1.094,1.085
2023-09-27,513100,纳指ETF,1.081,532609640.0,493765850.0,1.078,1.082,1.076
2023-09-28,513100,纳指ETF,1.08,426777016.0,394664300.0,1.085,1.085,1.079
2023-10-09,513100,纳指ETF,1.096,745196302.0,679979921.0,1.099,1.1,1.092
2023-10-10,513100,纳指ETF,1.111,551155362.0,496692509.0,1.109,1.112,1.108
2023-10-11,513100,纳指ETF,1.118,420544394.0,376368470.0,1.116,1.12,1.115
2023-10-12,513100,纳指ETF,1.128,321384504.0,284765100.0,1.129,1.13,1.127
2023-10-13,513100,纳指ETF,1.122,348124202.0,310462400.0,1.122,1.124,1.119
2023-10-16,513100,纳指ETF,1.111,421913645.0,379949800.0,1.112,1.112,1.108
2023-10-17,513100,纳指ETF,1.119,303480914.0,271070421.0,1.12,1.121,1.118
2023-10-18,513100,纳指ETF,1.114,258865948.0,232191800.0,1.115,1.116,1.114
2023-10-19,513100,纳指ETF,1.1,553580663.0,503153393.0,1.104,1.105,1.097
2023-10-20,513100,纳指ETF,1.086,688765686.0,634007732.0,1.086,1.089,1.085
2023-10-23,513100,纳指ETF,1.079,399158935.0,370554500.0,1.076,1.079,1.075
2023-10-24,513100,纳指ETF,1.086,449006206.0,414964593.0,1.081,1.087,1.078
2023-10-25,513100,纳指ETF,1.082,466954609.0,430077800.0,1.088,1.089,1.082
2023-10-26,513100,纳指ETF,1.049,668894573.0,636909800.0,1.053,1.054,1.048
2023-10-27,513100,纳指ETF,1.053,569142414.0,540893200.0,1.047,1.056,1.047
2023-10-30,513100,纳指ETF,1.055,246903928.0,234359000.0,1.053,1.055,1.052
2023-10-31,513100,纳指ETF,1.054,262348364.0,248581400.0,1.057,1.058,1.052
2023-11-01,513100,纳指ETF,1.069,553330394.0,519130200.0,1.061,1.07,1.06
2023-11-02,513100,纳指ETF,1.091,554284496.0,507815400.0,1.09,1.094,1.089
2023-11-03,513100,纳指ETF,1.099,266646780.0,242342600.0,1.102,1.102,1.098
2023-11-06,513100,纳指ETF,1.111,326474591.0,293878982.0,1.11,1.112,1.11
2023-11-07,513100,纳指ETF,1.11,399810516.0,359851789.0,1.112,1.113,1.109
2023-11-08,513100,纳指ETF,1.12,286584955.0,255567954.0,1.122,1.123,1.12
2023-11-09,513100,纳指ETF,1.127,346183536.0,307796700.0,1.123,1.127,1.122
2023-11-10,513100,纳指ETF,1.116,284596490.0,255039794.0,1.117,1.117,1.115
2023-11-13,513100,纳指ETF,1.14,341774283.0,300123000.0,1.14,1.141,1.137
2023-11-14,513100,纳指ETF,1.144,362432460.0,317177028.0,1.14,1.145,1.139
2023-11-15,513100,纳指ETF,1.164,504904810.0,433517600.0,1.166,1.166,1.163
2023-11-16,513100,纳指ETF,1.159,257059296.0,221715657.0,1.159,1.161,1.158
2023-11-17,513100,纳指ETF,1.161,317577031.0,273472400.0,1.16,1.163,1.16
2023-11-20,513100,纳指ETF,1.145,512805113.0,446698600.0,1.154,1.154,1.143
2023-11-21,513100,纳指ETF,1.158,272854154.0,235581449.0,1.159,1.16,1.157
2023-11-22,513100,纳指ETF,1.15,284947010.0,247952270.0,1.148,1.151,1.147
2023-11-23,513100,纳指ETF,1.156,203015622.0,175496031.0,1.158,1.159,1.155
2023-11-24,513100,纳指ETF,1.157,146231936.0,126372090.0,1.157,1.158,1.156
2023-11-27,513100,纳指ETF,1.151,167749200.0,145850400.0,1.151,1.152,1.149
2023-11-28,513100,纳指ETF,1.154,158990403.0,137778251.0,1.153,1.155,1.152
2023-11-29,513100,纳指ETF,1.154,192513606.0,166750244.0,1.155,1.156,1.153
2023-11-30,513100,纳指ETF,1.153,336873559.0,291833000.0,1.156,1.156,1.153
2023-12-01,513100,纳指ETF,1.148,281214515.0,244954644.0,1.148,1.15,1.146
2023-12-04,513100,纳指ETF,1.15,263443151.0,229266100.0,1.148,1.15,1.148
2023-12-05,513100,纳指ETF,1.137,351767285.0,308765200.0,1.141,1.142,1.136
2023-12-06,513100,纳指ETF,1.153,309251792.0,268357598.0,1.152,1.154,1.151
2023-12-07,513100,纳指ETF,1.14,399429039.0,349822900.0,1.143,1.144,1.14
2023-12-08,513100,纳指ETF,1.157,382881582.0,331227400.0,1.156,1.157,1.154
2023-12-11,513100,纳指ETF,1.164,379606391.0,325904070.0,1.164,1.167,1.163
2023-12-12,513100,纳指ETF,1.178,434035238.0,368437462.0,1.177,1.18,1.176
2023-12-13,513100,纳指ETF,1.191,501098575.0,421197124.0,1.188,1.191,1.188
2023-12-14,513100,纳指ETF,1.204,682505418.0,567308048.0,1.202,1.205,1.2
2023-12-15,513100,纳指ETF,1.193,324544341.0,272183700.0,1.193,1.194,1.191
2023-12-18,513100,纳指ETF,1.202,572452290.0,476596700.0,1.198,1.203,1.198
2023-12-19,513100,纳指ETF,1.209,435066465.0,360080582.0,1.208,1.209,1.207
2023-12-20,513100,纳指ETF,1.216,445003675.0,366537976.0,1.213,1.216,1.213
2023-12-21,513100,纳指ETF,1.2,669791816.0,558566900.0,1.2,1.201,1.197
2023-12-22,513100,纳指ETF,1.206,494881980.0,410295400.0,1.206,1.208,1.204
2023-12-25,513100,纳指ETF,1.207,367557966.0,304472900.0,1.21,1.21,1.206
2023-12-26,513100,纳指ETF,1.215,492775816.0,406396000.0,1.21,1.215,1.209
2023-12-27,513100,纳指ETF,1.219,355233013.0,291439700.0,1.218,1.22,1.217
2023-12-28,513100,纳指ETF,1.216,451684049.0,370830860.0,1.221,1.221,1.215
2023-12-29,513100,纳指ETF,1.213,343910746.0,283905478.0,1.212,1.213,1.209
2024-01-02,513100,纳指ETF,1.21,399605999.0,330084796.0,1.21,1.212,1.209
2024-01-03,513100,纳指ETF,1.191,813106911.0,682674776.0,1.193,1.193,1.189
2024-01-04,513100,纳指ETF,1.185,508450592.0,430004153.0,1.182,1.185,1.181
2024-01-05,513100,纳指ETF,1.176,506328441.0,429344300.0,1.179,1.181,1.175
2024-01-08,513100,纳指ETF,1.179,268517134.0,227668702.0,1.18,1.181,1.177
2024-01-09,513100,纳指ETF,1.209,986012899.0,817911800.0,1.203,1.209,1.202
2024-01-10,513100,纳指ETF,1.209,559959006.0,462746200.0,1.213,1.214,1.208
2024-01-11,513100,纳指ETF,1.223,570443306.0,466658734.0,1.221,1.224,1.22
2024-01-12,513100,纳指ETF,1.219,475952467.0,390818942.0,1.218,1.22,1.216
2024-01-15,513100,纳指ETF,1.227,590704749.0,482758099.0,1.221,1.228,1.22
2024-01-16,513100,纳指ETF,1.215,642495849.0,527647998.0,1.221,1.221,1.214
2024-01-17,513100,纳指ETF,1.214,690424567.0,566548500.0,1.224,1.224,1.213
2024-01-18,513100,纳指ETF,1.217,527906490.0,434179900.0,1.215,1.218,1.214
2024-01-19,513100,纳指ETF,1.242,847405418.0,683256300.0,1.237,1.242,1.237
2024-01-22,513100,纳指ETF,1.28,1761449109.0,1381728546.0,1.269,1.283,1.269
2024-01-23,513100,纳指ETF,1.271,799993786.0,628692082.0,1.277,1.277,1.268
2024-01-24,513100,纳指ETF,1.278,1027956798.0,802238702.0,1.278,1.287,1.276
2024-01-25,513100,纳指ETF,1.271,747494223.0,587138299.0,1.276,1.277,1.269
2024-01-26,513100,纳指ETF,1.261,803115362.0,637029448.0,1.262,1.265,1.255
2024-01-29,513100,纳指ETF,1.272,542552974.0,428316928.0,1.261,1.274,1.261
2024-01-30,513100,纳指ETF,1.292,917408956.0,711595700.0,1.286,1.296,1.283
2024-01-31,513100,纳指ETF,1.264,1087682721.0,857565000.0,1.268,1.273,1.263
2024-02-01,513100,纳指ETF,1.252,408039919.0,325844500.0,1.251,1.255,1.251
2024-02-02,513100,纳指ETF,1.283,748757799.0,583781341.0,1.278,1.285,1.278
2024-02-05,513100,纳指ETF,1.289,568337188.0,440470605.0,1.295,1.296,1.286
2024-02-06,513100,纳指ETF,1.291,697623439.0,541262295.0,1.289,1.291,1.286
2024-02-07,513100,纳指ETF,1.279,467258174.0,364087800.0,1.286,1.288,1.278
2024-02-08,513100,纳指ETF,1.308,795636085.0,610748319.0,1.298,1.31,1.296
2024-02-19,513100,纳指ETF,1.301,761279749.0,586704856.0,1.296,1.303,1.292
2024-02-20,513100,纳指ETF,1.299,457049807.0,352708689.0,1.298,1.301,1.292
2024-02-21,513100,纳指ETF,1.282,688278128.0,536271465.0,1.285,1.286,1.281
2024-02-22,513100,纳指ETF,1.304,646178243.0,497062121.0,1.301,1.304,1.296
2024-02-23,513100,纳指ETF,1.321,648578473.0,490800538.0,1.322,1.325,1.319
2024-02-26,513100,纳指ETF,1.308,444587260.0,339388900.0,1.311,1.313,1.308
2024-02-27,513100,纳指ETF,1.306,598982715.0,458517945.0,1.308,1.311,1.303
2024-02-28,513100,纳指ETF,1.309,457204401.0,349453480.0,1.309,1.31,1.306
2024-02-29,513100,纳指ETF,1.3,570874233.0,439180063.0,1.301,1.302,1.298
2024-03-01,513100,纳指ETF,1.321,903859342.0,686030500.0,1.314,1.322,1.312
2024-03-04,513100,纳指ETF,1.339,698788627.0,522364727.0,1.337,1.34,1.336
2024-03-05,513100,纳指ETF,1.329,636335720.0,479219665.0,1.326,1.331,1.326
2024-03-06,513100,纳指ETF,1.324,962632964.0,731243628.0,1.313,1.325,1.31
2024-03-07,513100,纳指ETF,1.315,707757378.0,536874100.0,1.321,1.323,1.314
2024-03-08,513100,纳指ETF,1.337,645302432.0,482551755.0,1.337,1.34,1.336
2024-03-11,513100,纳指ETF,1.317,770539656.0,585343845.0,1.317,1.318,1.314
2024-03-12,513100,纳指ETF,1.322,569181693.0,431532469.0,1.318,1.322,1.317
2024-03-13,513100,纳指ETF,1.33,873240805.0,656225900.0,1.335,1.335,1.327
2024-03-14,513100,纳指ETF,1.324,450500096.0,340340328.0,1.323,1.325,1.322
2024-03-15,513100,纳指ETF,1.316,456799114.0,347131128.0,1.316,1.318,1.314
2024-03-18,513100,纳指ETF,1.316,770031584.0,587470285.0,1.307,1.317,1.306
2024-03-19,513100,纳指ETF,1.309,744246103.0,568240400.0,1.311,1.312,1.308
2024-03-20,513100,纳指ETF,1.314,396776525.0,301790000.0,1.315,1.316,1.314
2024-03-21,513100,纳指ETF,1.337,871280886.0,652655970.0,1.337,1.338,1.332
2024-03-22,513100,纳指ETF,1.338,850774249.0,636301988.0,1.335,1.34,1.334
2024-03-25,513100,纳指ETF,1.334,717310195.0,536504072.0,1.34,1.341,1.334
2024-03-26,513100,纳指ETF,1.341,472245675.0,353079180.0,1.334,1.342,1.334
2024-03-27,513100,纳指ETF,1.342,370066268.0,276428600.0,1.335,1.342,1.335
2024-03-28,513100,纳指ETF,1.339,601758039.0,449140500.0,1.343,1.343,1.338
2024-03-29,513100,纳指ETF,1.337,192180365.0,143801100.0,1.338,1.338,1.335
2024-04-01,513100,纳指ETF,1.344,512680950.0,381485200.0,1.346,1.348,1.342
2024-04-02,513100,纳指ETF,1.34,390391243.0,291549624.0,1.337,1.341,1.336
2024-04-03,513100,纳指ETF,1.327,476768472.0,358786960.0,1.327,1.331,1.326
2024-04-08,513100,纳指ETF,1.326,354154760.0,266723200.0,1.327,1.331,1.326
2024-04-09,513100,纳指ETF,1.328,319058574.0,240444821.0,1.327,1.329,1.325
2024-04-10,513100,纳指ETF,1.333,288967120.0,216970300.0,1.331,1.333,1.33
2024-04-11,513100,纳指ETF,1.321,364927643.0,276186822.0,1.321,1.323,1.32
2024-04-12,513100,纳指ETF,1.341,648527623.0,483653580.0,1.342,1.343,1.339
2024-04-15,513100,纳指ETF,1.329,567732170.0,428297600.0,1.323,1.33,1.322
2024-04-16,513100,纳指ETF,1.293,1030676823.0,795761793.0,1.299,1.301,1.291
2024-04-17,513100,纳指ETF,1.292,654780023.0,505244660.0,1.297,1.301,1.29
2024-04-18,513100,纳指ETF,1.289,543948439.0,423515900.0,1.281,1.289,1.28
2024-04-19,513100,纳指ETF,1.264,1239946552.0,985531800.0,1.264,1.266,1.251
2024-04-22,513100,纳指ETF,1.256,562420676.0,449002200.0,1.25,1.257,1.249
2024-04-23,513100,纳指ETF,1.259,745047762.0,592201200.0,1.26,1.261,1.256
2024-04-24,513100,纳指ETF,1.289,621450413.0,482176890.0,1.287,1.292,1.285
2024-04-25,513100,纳指ETF,1.268,544006678.0,428489000.0,1.274,1.274,1.266
2024-04-26,513100,纳指ETF,1.29,645980511.0,500909805.0,1.288,1.292,1.288
2024-04-29,513100,纳指ETF,1.298,554423946.0,426804500.0,1.301,1.302,1.297
2024-04-30,513100,纳指ETF,1.299,510410268.0,393013368.0,1.297,1.301,1.297
2024-05-06,513100,纳指ETF,1.302,440118136.0,338164500.0,1.301,1.303,1.3
2024-05-07,513100,纳指ETF,1.315,306521263.0,232961310.0,1.314,1.317,1.314
2024-05-08,513100,纳指ETF,1.317,317938960.0,241399910.0,1.319,1.319,1.315
2024-05-09,513100,纳指ETF,1.314,409268216.0,311227300.0,1.315,1.317,1.313
2024-05-10,513100,纳指ETF,1.321,340925402.0,258398200.0,1.319,1.322,1.318
2024-05-13,513100,纳指ETF,1.326,300921920.0,227000500.0,1.323,1.328,1.322
2024-05-14,513100,纳指ETF,1.326,235260758.0,177443600.0,1.325,1.328,1.325
2024-05-15,513100,纳指ETF,1.335,415412728.0,310927328.0,1.336,1.338,1.334
2024-05-16,513100,纳指ETF,1.358,614044858.0,452438000.0,1.356,1.359,1.356
2024-05-17,513100,纳指ETF,1.355,465506383.0,343516959.0,1.355,1.356,1.354
2024-05-20,513100,纳指ETF,1.357,359142420.0,264668931.0,1.357,1.358,1.356
2024-05-21,513100,纳指ETF,1.364,407850667.0,298989500.0,1.365,1.366,1.363
2024-05-22,513100,纳指ETF,1.369,401619288.0,293290100.0,1.369,1.37,1.368
2024-05-23,513100,纳指ETF,1.381,567612592.0,411585772.0,1.375,1.382,1.374
2024-05-24,513100,纳指ETF,1.358,928595408.0,682183280.0,1.364,1.365,1.357
2024-05-27,513100,纳指ETF,1.374,522033327.0,380288400.0,1.371,1.375,1.37
2024-05-28,513100,纳指ETF,1.38,357275211.0,259090000.0,1.377,1.381,1.376
2024-05-29,513100,纳指ETF,1.374,532223326.0,386641800.0,1.38,1.381,1.373
2024-05-30,513100,纳指ETF,1.359,465068045.0,341573581.0,1.364,1.365,1.359
2024-05-31,513100,纳指ETF,1.353,557152711.0,412582100.0,1.348,1.353,1.347
2024-06-03,513100,纳指ETF,1.359,752798428.0,553954200.0,1.359,1.361,1.356
2024-06-04,513100,纳指ETF,1.355,324230620.0,238751900.0,1.359,1.36,1.355
2024-06-05,513100,纳指ETF,1.366,437680268.0,320443100.0,1.364,1.368,1.362
2024-06-06,513100,纳指ETF,1.393,655883712.0,470790300.0,1.393,1.394,1.391
2024-06-07,513100,纳指ETF,1.394,318464679.0,228549060.0,1.392,1.395,1.392
2024-06-11,513100,纳指ETF,1.395,420629110.0,301305900.0,1.396,1.397,1.395
2024-06-12,513100,纳指ETF,1.408,448441885.0,318515500.0,1.408,1.409,1.407
2024-06-13,513100,纳指ETF,1.436,682101579.0,475842300.0,1.434,1.436,1.431
2024-06-14,513100,纳指ETF,1.435,552649176.0,385072072.0,1.434,1.437,1.434
2024-06-17,513100,纳指ETF,1.441,561664880.0,389770000.0,1.439,1.442,1.439
2024-06-18,513100,纳指ETF,1.46,873510997.0,599019600.0,1.457,1.461,1.457
2024-06-19,513100,纳指ETF,1.462,651234413.0,445511700.0,1.461,1.464,1.46
2024-06-20,513100,纳指ETF,1.472,908068890.0,618247680.0,1.465,1.473,1.464
2024-06-21,513100,纳指ETF,1.45,924377905.0,637573300.0,1.453,1.453,1.448
2024-06-24,513100,纳指ETF,1.444,565095509.0,391529500.0,1.443,1.446,1.441
2024-06-25,513100,纳指ETF,1.429,829151771.0,580374800.0,1.426,1.431,1.426
2024-06-26,513100,纳指ETF,1.456,968954961.0,667922000.0,1.447,1.457,1.447
2024-06-27,513100,纳指ETF,1.455,637021629.0,438167600.0,1.45,1.456,1.449
2024-06-28,513100,纳指ETF,1.475,1029961319.0,699152174.0,1.466,1.479,1.466
2024-07-01,513100,纳指ETF,1.473,1097782092.0,747112200.0,1.467,1.475,1.463
2024-07-02,513100,纳指ETF,1.474,1219582651.0,825247300.0,1.482,1.485,1.471
2024-07-03,513100,纳指ETF,1.501,1268117887.0,846028672.0,1.496,1.504,1.491
2024-07-04,513100,纳指ETF,1.51,1763045031.0,1156836100.0,1.52,1.54,1.5
2024-07-05,513100,纳指ETF,1.529,1147229187.0,754103700.0,1.512,1.534,1.512
2024-07-08,513100,纳指ETF,1.552,850396041.0,550455600.0,1.547,1.557,1.537
2024-07-09,513100,纳指ETF,1.568,1198427326.0,765547700.0,1.559,1.572,1.558
2024-07-10,513100,纳指ETF,1.548,1486253452.0,957811300.0,1.57,1.571,1.542
2024-07-11,513100,纳指ETF,1.555,1230531821.0,790337600.0,1.568,1.57,1.551
2024-07-12,513100,纳指ETF,1.492,1561380342.0,1042568599.0,1.505,1.509,1.491
2024-07-15,513100,纳指ETF,1.539,1384355021.0,908223700.0,1.505,1.541,1.505
2024-07-16,513100,纳指ETF,1.536,1064050030.0,688730872.0,1.544,1.558,1.534
2024-07-17,513100,纳指ETF,1.522,768286837.0,504214572.0,1.534,1.534,1.513
2024-07-18,513100,纳指ETF,1.495,1262599319.0,853664094.0,1.466,1.497,1.464
2024-07-19,513100,纳指ETF,1.471,736918893.0,499079920.0,1.477,1.483,1.47
2024-07-22,513100,纳指ETF,1.463,1071024598.0,735690400.0,1.46,1.466,1.449
2024-07-23,513100,纳指ETF,1.477,823639124.0,556761100.0,1.483,1.488,1.469
2024-07-24,513100,纳指ETF,1.448,964919804.0,662058791.0,1.465,1.471,1.447
2024-07-25,513100,纳指ETF,1.407,1453392518.0,1032730335.0,1.41,1.414,1.398
2024-07-26,513100,纳指ETF,1.409,1111923067.0,792486715.0,1.396,1.411,1.396
2024-07-29,513100,纳指ETF,1.437,1035826213.0,725155700.0,1.428,1.438,1.422
2024-07-30,513100,纳指ETF,1.42,1060686024.0,747870785.0,1.422,1.426,1.411
2024-07-31,513100,纳指ETF,1.429,862712907.0,607625262.0,1.412,1.432,1.409
2024-08-01,513100,纳指ETF,1.463,990907955.0,675859300.0,1.463,1.472,1.462
2024-08-02,513100,纳指ETF,1.396,1491470874.0,1058402500.0,1.411,1.429,1.388
2024-08-05,513100,纳指ETF,1.287,2853557071.0,2187290597.0,1.33,1.339,1.262
2024-08-06,513100,纳指ETF,1.332,1797753586.0,1346569500.0,1.335,1.342,1.324
2024-08-07,513100,纳指ETF,1.334,1332653600.0,993712287.0,1.332,1.35,1.33
2024-08-08,513100,纳指ETF,1.314,1214313735.0,925508555.0,1.312,1.319,1.305
2024-08-09,513100,纳指ETF,1.35,778137099.0,576241448.0,1.355,1.355,1.341
2024-08-12,513100,纳指ETF,1.365,607200654.0,446492941.0,1.355,1.366,1.353
2024-08-13,513100,纳指ETF,1.379,531395996.0,387263700.0,1.368,1.381,1.367
2024-08-14,513100,纳指ETF,1.413,1011927916.0,716526469.0,1.412,1.419,1.404
2024-08-15,513100,纳指ETF,1.422,813304921.0,572353300.0,1.417,1.425,1.414
2024-08-16,513100,纳指ETF,1.469,1199835449.0,819191087.0,1.462,1.472,1.457
2024-08-19,513100,纳指ETF,1.442,1062345882.0,730986481.0,1.47,1.47,1.44
2024-08-20,513100,纳指ETF,1.468,803034720.0,547346357.0,1.468,1.471,1.464
2024-08-21,513100,纳指ETF,1.469,501187674.0,342792700.0,1.462,1.47,1.455
2024-08-22,513100,纳指ETF,1.471,837091535.0,568427800.0,1.477,1.483,1.466
2024-08-23,513100,纳指ETF,1.457,809863436.0,557658800.0,1.449,1.459,1.447
2024-08-26,513100,纳指ETF,1.46,549032764.0,375093200.0,1.47,1.47,1.46
2024-08-27,513100,纳指ETF,1.442,612541668.0,424309226.0,1.447,1.449,1.44
2024-08-28,513100,纳指ETF,1.442,760050936.0,527279099.0,1.441,1.446,1.438
2024-08-29,513100,纳指ETF,1.407,1018532943.0,722998583.0,1.41,1.414,1.405
2024-08-30,513100,纳指ETF,1.417,690199689.0,488303200.0,1.413,1.418,1.41
2024-09-02,513100,纳指ETF,1.429,517278745.0,362017400.0,1.429,1.43,1.427
2024-09-03,513100,纳指ETF,1.431,411923850.0,287521300.0,1.431,1.436,1.429
2024-09-04,513100,纳指ETF,1.356,1567023375.0,1146018600.0,1.374,1.377,1.354
2024-09-05,513100,纳指ETF,1.36,570247808.0,418078202.0,1.366,1.369,1.358
2024-09-06,513100,纳指ETF,1.372,1141811906.0,833462300.0,1.351,1.384,1.351
2024-09-09,513100,纳指ETF,1.364,741657926.0,548168600.0,1.349,1.366,1.343
2024-09-10,513100,纳指ETF,1.368,612238602.0,446037240.0,1.375,1.377,1.367
2024-09-11,513100,纳指ETF,1.377,613644268.0,446167925.0,1.381,1.382,1.369
2024-09-12,513100,纳指ETF,1.421,925906001.0,653559375.0,1.414,1.423,1.412
2024-09-13,513100,纳指ETF,1.435,647791882.0,452125900.0,1.432,1.437,1.429
2024-09-18,513100,纳指ETF,1.424,658429018.0,461349400.0,1.433,1.433,1.423
2024-09-19,513100,纳指ETF,1.44,718034473.0,501183300.0,1.429,1.441,1.427
2024-09-20,513100,纳指ETF,1.443,646890663.0,445915200.0,1.456,1.457,1.442
2024-09-23,513100,纳指ETF,1.449,461559666.0,318035600.0,1.45,1.457,1.448
2024-09-24,513100,纳指ETF,1.441,760945961.0,529007650.0,1.45,1.45,1.429
2024-09-25,513100,纳指ETF,1.43,686141282.0,479609300.0,1.431,1.437,1.426
2024-09-26,513100,纳指ETF,1.445,802490965.0,556366300.0,1.445,1.448,1.438
2024-09-27,513100,纳指ETF,1.414,704246568.0,495059500.0,1.426,1.431,1.41
2024-09-30,513100,纳指ETF,1.409,2242037868.0,1594940944.0,1.401,1.414,1.389
2024-10-08,513100,纳指ETF,1.403,1428519780.0,1021480000.0,1.39,1.41,1.382
2024-10-09,513100,纳指ETF,1.427,1106940571.0,775542151.0,1.43,1.432,1.42
2024-10-10,513100,纳指ETF,1.443,1058464102.0,733961799.0,1.439,1.446,1.436
2024-10-11,513100,纳指ETF,1.445,793335929.0,549246400.0,1.445,1.447,1.442
2024-10-14,513100,纳指ETF,1.446,557548997.0,385952300.0,1.447,1.447,1.443
2024-10-15,513100,纳指ETF,1.476,870387399.0,591900900.0,1.46,1.477,1.459
2024-10-16,513100,纳指ETF,1.459,821853628.0,563418200.0,1.455,1.465,1.453
2024-10-17,513100,纳指ETF,1.468,765805597.0,524658397.0,1.457,1.47,1.453
2024-10-18,513100,纳指ETF,1.459,991092992.0,679283398.0,1.461,1.464,1.453
2024-10-21,513100,纳指ETF,1.461,797425128.0,545312500.0,1.464,1.465,1.459
2024-10-22,513100,纳指ETF,1.459,512050570.0,350487443.0,1.464,1.464,1.458
2024-10-23,513100,纳指ETF,1.465,563887086.0,385005635.0,1.465,1.466,1.463
2024-10-24,513100,纳指ETF,1.449,678552263.0,468262227.0,1.452,1.453,1.447
2024-10-25,513100,纳指ETF,1.455,414031455.0,284498104.0,1.456,1.457,1.453
2024-10-28,513100,纳指ETF,1.473,710771996.0,482418500.0,1.473,1.475,1.471
2024-10-29,513100,纳指ETF,1.47,533894573.0,363815500.0,1.466,1.472,1.464
2024-10-30,513100,纳指ETF,1.484,889568947.0,599142400.0,1.485,1.488,1.481
2024-10-31,513100,纳指ETF,1.459,795604295.0,543956601.0,1.463,1.467,1.457
2024-11-01,513100,纳指ETF,1.442,698786312.0,485435173.0,1.433,1.444,1.433
2024-11-04,513100,纳指ETF,1.443,611778158.0,423679100.0,1.441,1.449,1.441
2024-11-05,513100,纳指ETF,1.438,556210662.0,387236700.0,1.435,1.439,1.433
2024-11-06,513100,纳指ETF,1.489,2077444802.0,1408645600.0,1.463,1.49,1.457
2024-11-07,513100,纳指ETF,1.512,1742505984.0,1150514691.0,1.515,1.522,1.51
2024-11-08,513100,纳指ETF,1.525,946726694.0,621573200.0,1.525,1.526,1.52
2024-11-11,513100,纳指ETF,1.534,697591571.0,455232200.0,1.53,1.535,1.529
2024-11-12,513100,纳指ETF,1.536,1031303307.0,671376500.0,1.535,1.538,1.534
2024-11-13,513100,纳指ETF,1.527,816627578.0,534654200.0,1.53,1.53,1.525
2024-11-14,513100,纳指ETF,1.529,688877445.0,450356234.0,1.528,1.531,1.527
2024-11-15,513100,纳指ETF,1.51,768560090.0,508226800.0,1.514,1.515,1.507
2024-11-18,513100,纳指ETF,1.499,875864387.0,585646900.0,1.491,1.499,1.49
2024-11-19,513100,纳指ETF,1.504,810715565.0,540145900.0,1.496,1.505,1.494
2024-11-20,513100,纳指ETF,1.521,742917702.0,489366000.0,1.517,1.521,1.516
2024-11-21,513100,纳指ETF,1.51,708466317.0,469237200.0,1.51,1.512,1.508
2024-11-22,513100,纳指ETF,1.521,639541430.0,420789600.0,1.519,1.522,1.517
2024-11-25,513100,纳指ETF,1.536,817357206.0,532524200.0,1.533,1.537,1.532
2024-11-26,513100,纳指ETF,1.536,508026515.0,331773700.0,1.529,1.537,1.526
2024-11-27,513100,纳指ETF,1.54,930677242.0,602773600.0,1.542,1.548,1.539
2024-11-28,513100,纳指ETF,1.531,469474627.0,306671400.0,1.53,1.534,1.529
2024-11-29,513100,纳指ETF,1.532,461982240.0,301633500.0,1.53,1.534,1.529
2024-12-02,513100,纳指ETF,1.54,389465167.0,252945605.0,1.54,1.542,1.537
2024-12-03,513100,纳指ETF,1.568,757839713.0,484422500.0,1.559,1.568,1.559
2024-12-04,513100,纳指ETF,1.575,702273612.0,445720900.0,1.576,1.578,1.572
2024-12-05,513100,纳指ETF,1.589,685444545.0,431126300.0,1.59,1.593,1.587
2024-12-06,513100,纳指ETF,1.584,495743515.0,313298200.0,1.581,1.585,1.58
2024-12-09,513100,纳指ETF,1.61,895434989.0,557709000.0,1.599,1.611,1.597
2024-12-10,513100,纳指ETF,1.597,1051004096.0,660360886.0,1.586,1.598,1.584
2024-12-11,513100,纳指ETF,1.593,673754807.0,422613268.0,1.593,1.597,1.591
2024-12-12,513100,纳指ETF,1.617,946682155.0,585441853.0,1.621,1.622,1.614
2024-12-13,513100,纳指ETF,1.629,869640509.0,536946600.0,1.616,1.63,1.614
2024-12-16,513100,纳指ETF,1.649,1003760742.0,611448400.0,1.631,1.65,1.63
2024-12-17,513100,纳指ETF,1.663,1657751841.0,991497700.0,1.676,1.682,1.661
2024-12-18,513100,纳指ETF,1.674,1057006030.0,634811799.0,1.658,1.675,1.657
2024-12-19,513100,纳指ETF,1.63,1558778631.0,958164400.0,1.617,1.64,1.617
2024-12-20,513100,纳指ETF,1.597,1389108651.0,866210225.0,1.62,1.623,1.591
2024-12-23,513100,纳指ETF,1.652,1200022188.0,732488917.0,1.626,1.653,1.622
2024-12-24,513100,纳指ETF,1.648,1510353868.0,912513930.0,1.673,1.675,1.63
2024-12-25,513100,纳指ETF,1.667,1244871688.0,748298768.0,1.667,1.671,1.656
2024-12-26,513100,纳指ETF,1.674,928055616.0,555489350.0,1.669,1.676,1.663
2024-12-27,513100,纳指ETF,1.662,648938992.0,390261409.0,1.664,1.667,1.66
2024-12-30,513100,纳指ETF,1.639,961433051.0,585979764.0,1.634,1.651,1.632
2024-12-31,513100,纳指ETF,1.629,1017720782.0,624473300.0,1.625,1.637,1.62
2025-01-02,513100,纳指ETF,1.643,1073799052.0,656522100.0,1.625,1.645,1.622
2025-01-03,513100,纳指ETF,1.633,1058693329.0,646881378.0,1.639,1.646,1.631
2025-01-06,513100,纳指ETF,1.669,1526053988.0,919281560.0,1.66,1.669,1.65
2025-01-07,513100,纳指ETF,1.659,1895120724.0,1130133590.0,1.687,1.689,1.651
2025-01-08,513100,纳指ETF,1.642,1188142174.0,724267292.0,1.632,1.649,1.631
2025-01-09,513100,纳指ETF,1.636,513348658.0,313639700.0,1.64,1.64,1.635
2025-01-10,513100,纳指ETF,1.63,880152322.0,537598684.0,1.628,1.648,1.628
2025-01-13,513100,纳指ETF,1.592,970168673.0,606073600.0,1.613,1.614,1.588
2025-01-14,513100,纳指ETF,1.611,1304729516.0,812975300.0,1.609,1.613,1.599
2025-01-15,513100,纳指ETF,1.601,471020984.0,293977000.0,1.603,1.607,1.599
2025-01-16,513100,纳指ETF,1.637,929006589.0,568660300.0,1.64,1.643,1.628
2025-01-17,513100,纳指ETF,1.63,710780733.0,437270500.0,1.622,1.631,1.619
2025-01-20,513100,纳指ETF,1.646,840066955.0,511177316.0,1.644,1.648,1.639
2025-01-21,513100,纳指ETF,1.647,826503640.0,502373500.0,1.641,1.65,1.638
2025-01-22,513100,纳指ETF,1.657,860793938.0,519465500.0,1.656,1.66,1.653
2025-01-23,513100,纳指ETF,1.643,992590950.0,599058300.0,1.663,1.666,1.642
2025-01-24,513100,纳指ETF,1.644,764627556.0,464167380.0,1.65,1.655,1.639
2025-01-27,513100,纳指ETF,1.615,825592977.0,511499900.0,1.612,1.621,1.61
2025-02-05,513100,纳指ETF,1.612,605623792.0,374346000.0,1.617,1.622,1.611
2025-02-06,513100,纳指ETF,1.627,796149130.0,490854570.0,1.625,1.627,1.618
2025-02-07,513100,纳指ETF,1.623,1035946121.0,638473284.0,1.628,1.63,1.615
2025-02-10,513100,纳指ETF,1.606,1051699011.0,655202300.0,1.611,1.612,1.602
2025-02-11,513100,纳指ETF,1.607,635608090.0,394783300.0,1.612,1.614,1.607
2025-02-12,513100,纳指ETF,1.609,444839851.0,276862100.0,1.609,1.61,1.603
2025-02-13,513100,纳指ETF,1.618,496805634.0,307940100.0,1.613,1.619,1.611
2025-02-14,513100,纳指ETF,1.629,704742254.0,432655268.0,1.629,1.631,1.625
2025-02-17,513100,纳指ETF,1.63,616381396.0,378669100.0,1.629,1.632,1.624
2025-02-18,513100,纳指ETF,1.643,677736026.0,414746300.0,1.629,1.643,1.628
2025-02-19,513100,纳指ETF,1.636,696400934.0,425791200.0,1.639,1.639,1.633
2025-02-20,513100,纳指ETF,1.622,510769863.0,314234300.0,1.63,1.63,1.621
2025-02-21,513100,纳指ETF,1.611,859547131.0,533298500.0,1.616,1.618,1.607
2025-02-24,513100,纳指ETF,1.59,813957993.0,513558400.0,1.581,1.592,1.579
2025-02-25,513100,纳指ETF,1.565,622802938.0,397546000.0,1.568,1.571,1.563
2025-02-26,513100,纳指ETF,1.561,753110166.0,484115138.0,1.555,1.563,1.548
2025-02-27,513100,纳指ETF,1.571,753189564.0,482647300.0,1.553,1.573,1.551
2025-02-28,513100,纳指ETF,1.511,1497271535.0,986276100.0,1.53,1.531,1.51
2025-03-03,513100,纳指ETF,1.542,998516714.0,650785902.0,1.528,1.544,1.527
2025-03-04,513100,纳指ETF,1.515,1050011766.0,697073545.0,1.505,1.516,1.499
2025-03-05,513100,纳指ETF,1.533,1703965426.0,1115506482.0,1.515,1.551,1.509
2025-03-06,513100,纳指ETF,1.534,699104572.0,454648100.0,1.536,1.542,1.534
2025-03-07,513100,纳指ETF,1.5,798677872.0,531224400.0,1.505,1.509,1.498
2025-03-10,513100,纳指ETF,1.496,531596757.0,354857703.0,1.498,1.503,1.494
2025-03-11,513100,纳指ETF,1.428,2917437259.0,2061257480.0,1.429,1.431,1.369
2025-03-12,513100,纳指ETF,1.432,1298969399.0,908138700.0,1.425,1.437,1.422
2025-03-13,513100,纳指ETF,1.424,1408128820.0,984265605.0,1.444,1.445,1.419
2025-03-14,513100,纳指ETF,1.438,1733721360.0,1210200066.0,1.419,1.45,1.417
2025-03-17,513100,纳指ETF,1.443,506484321.0,349738905.0,1.452,1.454,1.442
2025-03-18,513100,纳指ETF,1.455,618439805.0,425964712.0,1.451,1.457,1.448
2025-03-19,513100,纳指ETF,1.443,575795787.0,398736900.0,1.442,1.448,1.441
2025-03-20,513100,纳指ETF,1.475,1280870151.0,870511600.0,1.461,1.48,1.458
2025-03-21,513100,纳指ETF,1.468,475567813.0,323872232.0,1.47,1.473,1.463
2025-03-24,513100,纳指ETF,1.498,980398478.0,656039300.0,1.485,1.499,1.483
2025-03-25,513100,纳指ETF,1.513,860844403.0,567530007.0,1.524,1.528,1.504
2025-03-26,513100,纳指ETF,1.508,594966532.0,393324000.0,1.522,1.522,1.507
2025-03-27,513100,纳指ETF,1.482,772341094.0,520262900.0,1.478,1.492,1.478
2025-03-28,513100,纳指ETF,1.475,406879271.0,275751800.0,1.477,1.479,1.472
2025-03-31,513100,纳指ETF,1.411,1311109967.0,926174901.0,1.428,1.431,1.4
2025-04-01,513100,纳指ETF,1.436,711853710.0,498149700.0,1.42,1.437,1.42
2025-04-02,513100,纳指ETF,1.442,493495633.0,341850900.0,1.442,1.449,1.439
2025-04-03,513100,纳指ETF,1.413,835938501.0,590746500.0,1.409,1.427,1.407
2025-04-07,513100,纳指ETF,1.272,474276266.0,372858700.0,1.272,1.272,1.272
2025-04-08,513100,纳指ETF,1.319,1553300165.0,1178464100.0,1.306,1.335,1.303
2025-04-09,513100,纳指ETF,1.3,2341506606.0,1823609099.0,1.271,1.313,1.26
2025-04-10,513100,纳指ETF,1.429,1871465439.0,1314844838.0,1.43,1.43,1.401
2025-04-11,513100,纳指ETF,1.413,1574464588.0,1129048719.0,1.372,1.424,1.371
2025-04-14,513100,纳指ETF,1.432,921138892.0,643188350.0,1.435,1.437,1.429
2025-04-15,513100,纳指ETF,1.416,508687532.0,358572300.0,1.425,1.425,1.415
2025-04-16,513100,纳指ETF,1.389,584705519.0,419437400.0,1.4,1.406,1.384
2025-04-17,513100,纳指ETF,1.39,726435268.0,523554700.0,1.379,1.398,1.377
2025-04-18,513100,纳指ETF,1.381,495918617.0,359087227.0,1.381,1.387,1.376
2025-04-21,513100,纳指ETF,1.369,443818043.0,323614600.0,1.374,1.376,1.367
2025-04-22,513100,纳指ETF,1.371,625172840.0,459990700.0,1.361,1.374,1.351
2025-04-23,513100,纳指ETF,1.415,1006395403.0,717415758.0,1.401,1.417,1.391
2025-04-24,513100,纳指ETF,1.398,621762277.0,441873400.0,1.42,1.42,1.398
2025-04-25,513100,纳指ETF,1.444,1080808243.0,749668579.0,1.436,1.446,1.436
2025-04-28,513100,纳指ETF,1.448,661337925.0,457968700.0,1.44,1.45,1.437
2025-04-29,513100,纳指ETF,1.446,534296359.0,368010500.0,1.451,1.456,1.445
2025-04-30,513100,纳指ETF,1.446,525415764.0,362821899.0,1.448,1.452,1.444
2025-05-06,513100,纳指ETF,1.457,939843165.0,644127205.0,1.469,1.47,1.454
2025-05-07,513100,纳指ETF,1.462,501356837.0,342379770.0,1.463,1.476,1.459
2025-05-08,513100,纳指ETF,1.485,678513366.0,459158900.0,1.477,1.486,1.47
2025-05-09,513100,纳指ETF,1.486,756114122.0,509520975.0,1.485,1.489,1.479
2025-05-12,513100,纳指ETF,1.516,844555802.0,558463942.0,1.513,1.518,1.506
2025-05-13,513100,纳指ETF,1.522,964111051.0,629448900.0,1.538,1.539,1.519
2025-05-14,513100,纳指ETF,1.566,1435307892.0,921037700.0,1.546,1.567,1.546
2025-05-15,513100,纳指ETF,1.559,919133468.0,587213000.0,1.564,1.572,1.558
2025-05-16,513100,纳指ETF,1.561,496405563.0,317607600.0,1.561,1.568,1.559
2025-05-19,513100,纳指ETF,1.547,810154170.0,522457900.0,1.55,1.555,1.546
2025-05-20,513100,纳指ETF,1.564,728745837.0,465463000.0,1.565,1.569,1.562
2025-05-21,513100,纳指ETF,1.549,664518529.0,427642300.0,1.563,1.563,1.547
2025-05-22,513100,纳指ETF,1.539,859406311.0,558507599.0,1.54,1.547,1.534
2025-05-23,513100,纳指ETF,1.534,375113192.0,243664500.0,1.54,1.544,1.532
2025-05-26,513100,纳指ETF,1.543,365072257.0,237339700.0,1.54,1.543,1.536
2025-05-27,513100,纳指ETF,1.55,561737745.0,363293200.0,1.54,1.554,1.538
2025-05-28,513100,纳指ETF,1.568,500059139.0,319085587.0,1.568,1.572,1.563
2025-05-29,513100,纳指ETF,1.589,744436602.0,468262396.0,1.59,1.594,1.585
2025-05-30,513100,纳指ETF,1.556,704779774.0,452324693.0,1.554,1.562,1.553
2025-06-03,513100,纳指ETF,1.562,528130783.0,337650418.0,1.567,1.568,1.561
2025-06-04,513100,纳指ETF,1.575,669322847.0,425227000.0,1.577,1.578,1.57
2025-06-05,513100,纳指ETF,1.571,367112293.0,233241300.0,1.575,1.577,1.571
2025-06-06,513100,纳指ETF,1.567,606359852.0,387738700.0,1.56,1.569,1.559
2025-06-09,513100,纳指ETF,1.571,346454875.0,220470000.0,1.573,1.574,1.57
2025-06-10,513100,纳指ETF,1.571,1118526443.0,708625740.0,1.581,1.586,1.569
2025-06-11,513100,纳指ETF,1.577,574223192.0,363839700.0,1.577,1.58,1.576
2025-06-12,513100,纳指ETF,1.571,520206614.0,331156200.0,1.57,1.574,1.568
2025-06-13,513100,纳指ETF,1.554,996845781.0,641581600.0,1.552,1.559,1.548
2025-06-16,513100,纳指ETF,1.567,722547267.0,462021846.0,1.561,1.568,1.56
2025-06-17,513100,纳指ETF,1.573,955652016.0,607435129.0,1.573,1.577,1.57
2025-06-18,513100,纳指ETF,1.568,506645671.0,322976600.0,1.568,1.572,1.566
2025-06-19,513100,纳指ETF,1.559,597707974.0,383217300.0,1.56,1.563,1.556
2025-06-20,513100,纳指ETF,1.562,501907071.0,321434200.0,1.559,1.566,1.557
2025-06-23,513100,纳指ETF,1.559,471833777.0,303361400.0,1.551,1.559,1.549
2025-06-24,513100,纳指ETF,1.595,989391140.0,623207500.0,1.585,1.595,1.583
2025-06-25,513100,纳指ETF,1.595,696692253.0,436605609.0,1.596,1.598,1.594
2025-06-26,513100,纳指ETF,1.603,685836528.0,428729800.0,1.599,1.603,1.596
2025-06-27,513100,纳指ETF,1.619,831251319.0,514231097.0,1.612,1.622,1.611
2025-06-30,513100,纳指ETF,1.629,772888563.0,474714050.0,1.625,1.631,1.624
2025-07-01,513100,纳指ETF,1.622,819923182.0,504395200.0,1.631,1.631,1.621
2025-07-02,513100,纳指ETF,1.623,747016411.0,461535401.0,1.614,1.624,1.613
2025-07-03,513100,纳指ETF,1.626,811058469.0,498540800.0,1.63,1.63,1.625
2025-07-04,513100,纳指ETF,1.636,521867889.0,318755001.0,1.639,1.64,1.635
2025-07-07,513100,纳指ETF,1.635,694133135.0,424588231.0,1.633,1.638,1.632
2025-07-08,513100,纳指ETF,1.636,663595412.0,406049300.0,1.633,1.637,1.631
2025-07-09,513100,纳指ETF,1.63,726923367.0,446034300.0,1.633,1.634,1.627
2025-07-10,513100,纳指ETF,1.639,554832629.0,338654000.0,1.637,1.64,1.636
2025-07-11,513100,纳指ETF,1.633,617609837.0,378041700.0,1.634,1.636,1.632
2025-07-14,513100,纳指ETF,1.623,635443593.0,391132900.0,1.626,1.627,1.622
2025-07-15,513100,纳指ETF,1.648,1259571479.0,766767332.0,1.635,1.649,1.634
2025-07-16,513100,纳指ETF,1.638,572658501.0,349123400.0,1.64,1.643,1.637
2025-07-17,513100,纳指ETF,1.65,668885597.0,406349369.0,1.644,1.652,1.642
2025-07-18,513100,纳指ETF,1.662,644602073.0,387766998.0,1.658,1.666,1.658
2025-07-21,513100,纳指ETF,1.662,384748031.0,231386634.0,1.663,1.665,1.661
2025-07-22,513100,纳指ETF,1.663,533359694.0,320435518.0,1.666,1.669,1.661
2025-07-23,513100,纳指ETF,1.66,655631191.0,395570328.0,1.657,1.66,1.655
2025-07-24,513100,纳指ETF,1.663,502335769.0,301682600.0,1.667,1.668,1.661
2025-07-25,513100,纳指ETF,1.666,483387197.0,289965400.0,1.667,1.669,1.665
2025-07-28,513100,纳指ETF,1.684,457808874.0,272406200.0,1.677,1.684,1.677
2025-07-29,513100,纳指ETF,1.683,549120980.0,326410325.0,1.683,1.685,1.68
2025-07-30,513100,纳指ETF,1.68,381179556.0,226949112.0,1.679,1.682,1.677
2025-07-31,513100,纳指ETF,1.704,656362639.0,385239728.0,1.703,1.706,1.701
2025-08-01,513100,纳指ETF,1.671,979733465.0,585054200.0,1.674,1.678,1.67
2025-08-04,513100,纳指ETF,1.648,843930241.0,512890500.0,1.643,1.649,1.643
2025-08-05,513100,纳指ETF,1.679,647949079.0,387061715.0,1.672,1.68,1.67
2025-08-06,513100,纳指ETF,1.67,883728903.0,530911427.0,1.658,1.671,1.656
2025-08-07,513100,纳指ETF,1.684,642683408.0,380851520.0,1.689,1.692,1.683
2025-08-08,513100,纳指ETF,1.691,488077451.0,288685465.0,1.691,1.693,1.688
2025-08-11,513100,纳指ETF,1.708,653825071.0,383149064.0,1.706,1.708,1.704
2025-08-12,513100,纳指ETF,1.703,750223739.0,440598501.0,1.702,1.706,1.699
2025-08-13,513100,纳指ETF,1.721,920722283.0,535596000.0,1.721,1.722,1.715
2025-08-14,513100,纳指ETF,1.717,563160183.0,328203900.0,1.718,1.719,1.714
2025-08-15,513100,纳指ETF,1.722,584968237.0,340334171.0,1.717,1.722,1.717
2025-08-18,513100,纳指ETF,1.71,763759639.0,445491399.0,1.715,1.718,1.708
2025-08-19,513100,纳指ETF,1.703,584113636.0,342645917.0,1.709,1.71,1.701
2025-08-20,513100,纳指ETF,1.684,882667917.0,525734200.0,1.678,1.686,1.675
2025-08-21,513100,纳指ETF,1.69,747422689.0,443889233.0,1.676,1.69,1.676
2025-08-22,513100,纳指ETF,1.676,821283280.0,489110400.0,1.681,1.687,1.672
2025-08-25,513100,纳指ETF,1.698,753339172.0,443558410.0,1.7,1.701,1.695
2025-08-26,513100,纳指ETF,1.69,456202211.0,270055126.0,1.691,1.692,1.688
2025-08-27,513100,纳指ETF,1.704,473148811.0,278475726.0,1.699,1.705,1.696
2025-08-28,513100,纳指ETF,1.693,649940942.0,383840900.0,1.694,1.698,1.69
2025-08-29,513100,纳指ETF,1.692,695360805.0,410497462.0,1.7,1.7,1.691
2025-09-01,513100,纳指ETF,1.673,1051094459.0,628223463.0,1.679,1.68,1.667
2025-09-02,513100,纳指ETF,1.676,473504831.0,282884800.0,1.676,1.677,1.672
2025-09-03,513100,纳指ETF,1.676,684086898.0,409444116.0,1.667,1.678,1.666
2025-09-04,513100,纳指ETF,1.682,719796014.0,427598500.0,1.685,1.686,1.681
2025-09-05,513100,纳指ETF,1.701,574946613.0,338491569.0,1.698,1.701,1.696
2025-09-08,513100,纳指ETF,1.696,422336578.0,248990365.0,1.698,1.699,1.694
2025-09-09,513100,纳指ETF,1.701,542998716.0,319647804.0,1.698,1.701,1.696
2025-09-10,513100,纳指ETF,1.711,453939668.0,265763900.0,1.704,1.711,1.704
2025-09-11,513100,纳指ETF,1.708,493321883.0,289110400.0,1.707,1.709,1.703
2025-09-12,513100,纳指ETF,1.714,375506188.0,219130300.0,1.713,1.715,1.712
2025-09-15,513100,纳指ETF,1.727,553773591.0,321437039.0,1.719,1.727,1.718
2025-09-16,513100,纳指ETF,1.736,605608362.0,348567487.0,1.736,1.741,1.735
2025-09-17,513100,纳指ETF,1.729,763310325.0,441610530.0,1.732,1.733,1.726
2025-09-18,513100,纳指ETF,1.744,907458119.0,521469864.0,1.734,1.745,1.733
2025-09-19,513100,纳指ETF,1.751,739522444.0,421936291.0,1.751,1.755,1.75
2025-09-22,513100,纳指ETF,1.771,1066008160.0,603305650.0,1.762,1.774,1.76
2025-09-23,513100,纳指ETF,1.8,983843041.0,548425994.0,1.788,1.8,1.786
2025-09-24,513100,纳指ETF,1.785,978019024.0,549078139.0,1.784,1.786,1.774
2025-09-25,513100,纳指ETF,1.779,430269125.0,241678600.0,1.779,1.784,1.776
2025-09-26,513100,纳指ETF,1.78,550291947.0,310219020.0,1.771,1.782,1.769
2025-09-29,513100,纳指ETF,1.8,787243757.0,437447847.0,1.793,1.805,1.792
2025-09-30,513100,纳指ETF,1.813,871513137.0,481868242.0,1.802,1.816,1.802
2025-10-09,513100,纳指ETF,1.851,849175124.0,459662345.0,1.842,1.855,1.842
2025-10-10,513100,纳指ETF,1.86,938819240.0,506277599.0,1.852,1.865,1.843
2025-10-13,513100,纳指ETF,1.829,1697766422.0,932049165.0,1.807,1.834,1.806
2025-10-14,513100,纳指ETF,1.81,1176970873.0,643516916.0,1.855,1.855,1.802
2025-10-15,513100,纳指ETF,1.825,1119518555.0,613842663.0,1.823,1.836,1.813
2025-10-16,513100,纳指ETF,1.838,848578305.0,464792600.0,1.823,1.84,1.818
2025-10-17,513100,纳指ETF,1.807,796285489.0,438242902.0,1.825,1.83,1.806
2025-10-20,513100,纳指ETF,1.859,1178254243.0,638088262.0,1.835,1.86,1.834
2025-10-21,513100,纳指ETF,1.873,848230926.0,451916870.0,1.888,1.89,1.858
2025-10-22,513100,纳指ETF,1.883,932400738.0,495798881.0,1.871,1.888,1.862
2025-10-23,513100,纳指ETF,1.883,639486959.0,341184400.0,1.868,1.886,1.866
2025-10-24,513100,纳指ETF,1.902,609124626.0,320422028.0,1.91,1.911,1.895
2025-10-27,513100,纳指ETF,1.956,1383610769.0,713604464.0,1.923,1.964,1.923
2025-10-28,513100,纳指ETF,1.961,1445738892.0,736504694.0,1.976,1.991,1.932
2025-10-29,513100,纳指ETF,2.0,930028054.0,467759781.0,1.984,2.0,1.969
2025-10-30,513100,纳指ETF,1.985,1164800873.0,584649294.0,1.997,2.001,1.98
2025-10-31,513100,纳指ETF,1.982,931639318.0,469785800.0,1.981,1.998,1.969
2025-11-03,513100,纳指ETF,1.976,623922202.0,314672441.0,1.984,1.989,1.975
2025-11-04,513100,纳指ETF,1.94,1076660643.0,553036645.0,1.977,1.979,1.918
2025-11-05,513100,纳指ETF,1.912,1312596198.0,691138566.0,1.89,1.927,1.862
2025-11-06,513100,纳指ETF,1.949,697288782.0,359496919.0,1.923,1.95,1.919
2025-11-07,513100,纳指ETF,1.924,936994575.0,487531378.0,1.918,1.938,1.912
2025-11-10,513100,纳指ETF,1.951,769495114.0,395862628.0,1.946,1.953,1.936
2025-11-11,513100,纳指ETF,1.959,714875883.0,363748217.0,1.975,1.98,1.95
2025-11-12,513100,纳指ETF,1.974,678540381.0,345091027.0,1.967,1.975,1.96
2025-11-13,513100,纳指ETF,1.975,631787274.0,320641826.0,1.97,1.976,1.965
2025-11-14,513100,纳指ETF,1.923,920478852.0,475928886.0,1.935,1.946,1.92
2025-11-17,513100,纳指ETF,1.909,987797579.0,512944755.0,1.941,1.942,1.886
2025-11-18,513100,纳指ETF,1.844,1636555043.0,878540939.0,1.881,1.892,1.838
2025-11-19,513100,纳指ETF,1.836,1317560582.0,714411099.0,1.835,1.863,1.831
2025-11-20,513100,纳指ETF,1.907,1203355917.0,635834786.0,1.879,1.909,1.879
2025-11-21,513100,纳指ETF,1.848,1169156015.0,633153850.0,1.834,1.858,1.831
2025-11-24,513100,纳指ETF,1.856,1002630338.0,539147356.0,1.868,1.876,1.851
2025-11-25,513100,纳指ETF,1.897,1141232503.0,602163872.0,1.896,1.899,1.89
2025-11-26,513100,纳指ETF,1.927,575439492.0,299725291.0,1.911,1.93,1.911
2025-11-27,513100,纳指ETF,1.925,549531409.0,284643882.0,1.941,1.942,1.922
2025-11-28,513100,纳指ETF,1.943,462289776.0,238845800.0,1.935,1.944,1.928
2025-12-01,513100,纳指ETF,1.936,604420744.0,312456701.0,1.93,1.943,1.926
2025-12-02,513100,纳指ETF,1.94,382400053.0,197198994.0,1.945,1.946,1.933
2025-12-03,513100,纳指ETF,1.965,638854275.0,326145289.0,1.95,1.966,1.95
2025-12-04,513100,纳指ETF,1.965,471018398.0,239419100.0,1.965,1.972,1.964
2025-12-05,513100,纳指ETF,1.963,635988794.0,323655624.0,1.968,1.972,1.956
2025-12-08,513100,纳指ETF,1.952,527612125.0,269251231.0,1.963,1.969,1.951
2025-12-09,513100,纳指ETF,1.928,619646139.0,321090267.0,1.948,1.948,1.922
2025-12-10,513100,纳指ETF,1.944,564132144.0,291171677.0,1.928,1.948,1.924
2025-12-11,513100,纳指ETF,1.918,722358250.0,373810677.0,1.942,1.952,1.917
2025-12-12,513100,纳指ETF,1.921,549497814.0,285695782.0,1.932,1.932,1.918
2025-12-15,513100,纳指ETF,1.902,469276987.0,247052600.0,1.89,1.905,1.888
2025-12-16,513100,纳指ETF,1.873,618842757.0,329684440.0,1.89,1.895,1.866
2025-12-17,513100,纳指ETF,1.899,640773222.0,337880700.0,1.886,1.905,1.883
2025-12-18,513100,纳指ETF,1.878,487149813.0,259650400.0,1.873,1.88,1.87
2025-12-19,513100,纳指ETF,1.916,549409166.0,288444600.0,1.899,1.917,1.896
2025-12-22,513100,纳指ETF,1.945,495178026.0,254844401.0,1.94,1.947,1.94
2025-12-23,513100,纳指ETF,1.935,401579307.0,207278500.0,1.946,1.947,1.932
2025-12-24,513100,纳指ETF,1.933,345374070.0,178378135.0,1.943,1.944,1.93
2025-12-25,513100,纳指ETF,1.93,267162247.0,138509400.0,1.933,1.935,1.926
2025-12-26,513100,纳指ETF,1.929,205518716.0,106452900.0,1.935,1.937,1.928
2025-12-29,513100,纳指ETF,1.916,377423282.0,197286675.0,1.925,1.925,1.909
2025-12-30,513100,纳指ETF,1.914,400985653.0,210594493.0,1.903,1.916,1.898
2025-12-31,513100,纳指ETF,1.904,254309544.0,133582262.0,1.905,1.909,1.901
2026-01-05,513100,纳指ETF,1.93,526499130.0,274274938.0,1.909,1.93,1.907
2026-01-06,513100,纳指ETF,1.925,517079765.0,268614114.0,1.932,1.933,1.92
2026-01-07,513100,纳指ETF,1.919,411125006.0,213980600.0,1.93,1.931,1.917
2026-01-08,513100,纳指ETF,1.899,480506535.0,251838625.0,1.916,1.918,1.898
2026-01-09,513100,纳指ETF,1.903,347682936.0,183126872.0,1.896,1.906,1.89
2026-01-12,513100,纳指ETF,1.893,557937555.0,293808014.0,1.904,1.907,1.892
2026-01-13,513100,纳指ETF,1.915,495999372.0,260727300.0,1.895,1.917,1.893
2026-01-14,513100,纳指ETF,1.909,413816883.0,217081668.0,1.914,1.914,1.901
2026-01-15,513100,纳指ETF,1.901,424221658.0,223463100.0,1.898,1.906,1.891
2026-01-16,513100,纳指ETF,1.904,290524176.0,152786621.0,1.904,1.906,1.899
2026-01-19,513100,纳指ETF,1.887,359432671.0,190255560.0,1.886,1.896,1.883
2026-01-20,513100,纳指ETF,1.876,319538300.0,170040650.0,1.887,1.89,1.871
2026-01-21,513100,纳指ETF,1.875,435445341.0,233108388.0,1.862,1.879,1.856
2026-01-22,513100,纳指ETF,1.901,438507589.0,230741577.0,1.896,1.906,1.894
2026-01-23,513100,纳指ETF,1.891,449491529.0,236709800.0,1.908,1.91,1.89
2026-01-26,513100,纳指ETF,1.882,445490355.0,237202100.0,1.888,1.888,1.87
2026-01-27,513100,纳指ETF,1.894,399852913.0,210918429.0,1.894,1.899,1.888
2026-01-28,513100,纳指ETF,1.905,701550799.0,368399700.0,1.902,1.912,1.894
2026-01-29,513100,纳指ETF,1.891,360386656.0,190456230.0,1.895,1.898,1.886
2026-01-30,513100,纳指ETF,1.881,359283664.0,191224000.0,1.874,1.887,1.874
2026-02-02,513100,纳指ETF,1.833,628621227.0,339912039.0,1.858,1.875,1.831
2026-02-03,513100,纳指ETF,1.872,469735418.0,251621452.0,1.87,1.873,1.855
2026-02-04,513100,纳指ETF,1.853,462537670.0,250176751.0,1.849,1.855,1.841
2026-02-05,513100,纳指ETF,1.84,345974787.0,188489949.0,1.835,1.843,1.831
2026-02-06,513100,纳指ETF,1.813,506740548.0,279625408.0,1.809,1.818,1.805
2026-02-09,513100,纳指ETF,1.847,375820258.0,203554566.0,1.846,1.85,1.841
2026-02-10,513100,纳指ETF,1.844,284057452.0,153611567.0,1.851,1.854,1.842
2026-02-11,513100,纳指ETF,1.841,201427474.0,109413202.0,1.84,1.843,1.839
2026-02-12,513100,纳指ETF,1.836,289696313.0,157497058.0,1.84,1.847,1.833
2026-02-13,513100,纳指ETF,1.83,407603920.0,224111181.0,1.81,1.833,1.807
2026-02-24,513100,纳指ETF,1.823,288055017.0,158521100.0,1.821,1.824,1.81
2026-02-25,513100,纳指ETF,1.825,250206240.0,136757767.0,1.832,1.837,1.824
2026-02-26,513100,纳指ETF,1.832,286430531.0,156080500.0,1.839,1.841,1.831
2026-02-27,513100,纳指ETF,1.819,224528674.0,123430652.0,1.816,1.823,1.816
2026-03-02,513100,纳指ETF,1.802,347670471.0,192346534.0,1.804,1.818,1.8
2026-03-03,513100,纳指ETF,1.786,351630795.0,195769900.0,1.81,1.812,1.783
2026-03-04,513100,纳指ETF,1.762,409326432.0,231173775.0,1.779,1.783,1.76
2026-03-05,513100,纳指ETF,1.8,487045711.0,271278081.0,1.79,1.802,1.79
2026-03-06,513100,纳指ETF,1.801,229278472.0,127610110.0,1.794,1.804,1.79
2026-03-09,513100,纳指ETF,1.756,580948578.0,330994525.0,1.748,1.772,1.744
2026-03-10,513100,纳指ETF,1.788,409837879.0,229075300.0,1.792,1.794,1.786
2026-03-11,513100,纳指ETF,1.792,245850180.0,137090801.0,1.792,1.797,1.79
2026-03-12,513100,纳指ETF,1.784,238225204.0,133521000.0,1.786,1.793,1.778
2026-03-13,513100,纳指ETF,1.767,247757380.0,139943790.0,1.774,1.774,1.766
2026-03-16,513100,纳指ETF,1.774,323965664.0,183402653.0,1.763,1.775,1.759
2026-03-17,513100,纳指ETF,1.768,266546120.0,149942817.0,1.776,1.784,1.765
2026-03-18,513100,纳指ETF,1.789,533140217.0,297738416.0,1.785,1.8,1.781
2026-03-19,513100,纳指ETF,1.764,269180556.0,152405000.0,1.763,1.773,1.76
2026-03-20,513100,纳指ETF,1.749,170898652.0,97082839.0,1.771,1.771,1.748
2026-03-23,513100,纳指ETF,1.68,1035878891.0,612772047.0,1.725,1.725,1.664
2026-03-24,513100,纳指ETF,1.717,631690928.0,371638055.0,1.699,1.729,1.687
2026-03-25,513100,纳指ETF,1.734,455724581.0,263435400.0,1.73,1.736,1.719
2026-03-26,513100,纳指ETF,1.716,353544314.0,205267600.0,1.73,1.737,1.71
2026-03-27,513100,纳指ETF,1.708,363901756.0,213962331.0,1.692,1.711,1.689
2026-03-30,513100,纳指ETF,1.683,477196952.0,284755714.0,1.672,1.685,1.666
2026-03-31,513100,纳指ETF,1.674,278278725.0,165562735.0,1.68,1.693,1.672
2026-04-01,513100,纳指ETF,1.752,686451168.0,396134600.0,1.724,1.756,1.718
2026-04-02,513100,纳指ETF,1.721,425047494.0,246176975.0,1.745,1.745,1.713
2026-04-03,513100,纳指ETF,1.731,192016553.0,110810550.0,1.737,1.74,1.728
2026-04-07,513100,纳指ETF,1.732,257262205.0,148158165.0,1.731,1.742,1.729
2026-04-08,513100,纳指ETF,1.833,946950741.0,522747331.0,1.789,1.841,1.788
2026-04-09,513100,纳指ETF,1.805,502925509.0,279219939.0,1.833,1.833,1.78
2026-04-10,513100,纳指ETF,1.809,468253583.0,256660674.0,1.824,1.84,1.801
2026-04-13,513100,纳指ETF,1.798,386330450.0,215060383.0,1.8,1.803,1.788
2026-04-14,513100,纳指ETF,1.825,316177233.0,172953756.0,1.833,1.833,1.824
2026-04-15,513100,纳指ETF,1.864,566446479.0,304019549.0,1.856,1.874,1.856
2026-04-16,513100,纳指ETF,1.907,612687926.0,321938433.0,1.9,1.912,1.896
2026-04-17,513100,纳指ETF,1.892,477114744.0,252215910.0,1.902,1.903,1.885
2026-04-20,513100,纳指ETF,1.89,433034701.0,228604852.0,1.9,1.902,1.888
2026-04-21,513100,纳指ETF,1.892,442159295.0,234369426.0,1.893,1.897,1.875
2026-04-22,513100,纳指ETF,1.896,386916537.0,204704591.0,1.89,1.898,1.884
2026-04-23,513100,纳指ETF,1.905,580436973.0,304649830.0,1.907,1.917,1.897
2026-04-24,513100,纳指ETF,1.907,370705769.0,194553831.0,1.905,1.909,1.901
2026-04-27,513100,纳指ETF,1.945,780179801.0,402762228.0,1.93,1.947,1.929
2026-04-28,513100,纳指ETF,1.963,683526736.0,349481480.0,1.945,1.967,1.943
2026-04-29,513100,纳指ETF,1.962,520035186.0,265878190.0,1.951,1.963,1.948
2026-04-30,513100,纳指ETF,1.959,610815686.0,310462491.0,1.975,1.979,1.955
2026-05-06,513100,纳指ETF,2.01,1149096914.0,571654474.0,2.02,2.029,2.003
2026-05-07,513100,纳指ETF,2.054,1260065242.0,615707931.0,2.03,2.058,2.03
2026-05-08,513100,纳指ETF,2.065,1059449737.0,517135178.0,2.049,2.066,2.04
2026-05-11,513100,纳指ETF,2.108,1002953532.0,476494085.0,2.104,2.11,2.1
2026-05-12,513100,纳指ETF,2.081,1024079834.0,490250151.0,2.098,2.102,2.08
2026-05-13,513100,纳指ETF,2.093,1113668847.0,534695166.0,2.076,2.098,2.07
2026-05-14,513100,纳指ETF,2.105,907650113.0,431416380.0,2.116,2.117,2.093
2026-05-15,513100,纳指ETF,2.1,1454988656.0,691010975.0,2.107,2.126,2.084
2026-05-18,513100,纳指ETF,2.066,1110449474.0,535178221.0,2.065,2.09,2.06
2026-05-19,513100,纳指ETF,2.047,1055785730.0,515328813.0,2.058,2.068,2.034
2026-05-20,513100,纳指ETF,2.058,1080589250.0,529847139.0,2.036,2.06,2.026
2026-05-21,513100,纳指ETF,2.103,1320517838.0,630027270.0,2.085,2.114,2.081
2026-05-22,513100,纳指ETF,2.146,1442569270.0,674648323.0,2.12,2.15,2.12
2026-05-25,513100,纳指ETF,2.231,1791829837.0,804739172.0,2.211,2.27,2.188
2026-05-26,513100,纳指ETF,2.185,1033840898.0,470561898.0,2.231,2.231,2.15
2026-05-27,513100,纳指ETF,2.223,1075341617.0,483697924.0,2.215,2.242,2.209
2026-05-28,513100,纳指ETF,2.214,818979762.0,370834487.0,2.226,2.226,2.173
2026-05-29,513100,纳指ETF,2.273,1131097727.0,501062136.0,2.235,2.274,2.235
2026-06-01,513100,纳指ETF,2.365,1758557924.0,748938403.0,2.273,2.386,2.046
2026-06-02,513100,纳指ETF,2.343,1377066452.0,589401275.0,2.355,2.375,2.25
2026-06-03,513100,纳指ETF,2.299,1165822545.0,504705311.0,2.577,2.577,2.277
2026-06-04,513100,纳指ETF,2.24,1166281144.0,519654002.0,2.31,2.31,2.229
2026-06-05,513100,纳指ETF,2.205,1091973019.0,491646563.0,2.202,2.249,2.2
2026-06-08,513100,纳指ETF,2.114,1517793773.0,712907182.0,2.116,2.157,2.106
2026-06-09,513100,纳指ETF,2.2,1506541070.0,694586623.0,2.15,2.203,2.144
2026-06-10,513100,纳指ETF,2.143,893109627.0,416205879.0,2.156,2.165,2.131
2026-06-11,513100,纳指ETF,2.13,1026381699.0,485997021.0,2.123,2.131,2.092
2026-06-12,513100,纳指ETF,2.162,1051537755.0,479603021.0,2.21,2.215,2.158
