date,code,name,close,amount,volume,open,high,low
2018-01-02,518880,黄金ETF,2.723,729608524.0,268039860.0,2.722,2.724,2.72
2018-01-03,518880,黄金ETF,2.733,969424736.0,354279182.0,2.74,2.744,2.731
2018-01-04,518880,黄金ETF,2.719,1719136278.0,632938221.0,2.719,2.721,2.713
2018-01-05,518880,黄金ETF,2.728,1482382898.0,542954100.0,2.73,2.733,2.727
2018-01-08,518880,黄金ETF,2.73,1287659383.0,471453129.0,2.73,2.734,2.729
2018-01-09,518880,黄金ETF,2.736,1110875211.0,405923883.0,2.734,2.742,2.734
2018-01-10,518880,黄金ETF,2.729,1565606259.0,572827692.0,2.73,2.736,2.726
2018-01-11,518880,黄金ETF,2.734,1744747729.0,636679800.0,2.739,2.745,2.733
2018-01-12,518880,黄金ETF,2.774,1506885037.0,544568806.0,2.74,2.776,2.74
2018-01-15,518880,黄金ETF,2.783,1183267274.0,424900992.0,2.783,2.79,2.781
2018-01-16,518880,黄金ETF,2.781,1480677737.0,532178700.0,2.783,2.786,2.78
2018-01-17,518880,黄金ETF,2.774,1386868262.0,498351476.0,2.783,2.79,2.774
2018-01-18,518880,黄金ETF,2.759,1250024564.0,453078271.0,2.76,2.763,2.755
2018-01-19,518880,黄金ETF,2.751,1066946566.0,387418700.0,2.755,2.757,2.75
2018-01-22,518880,黄金ETF,2.754,1119283422.0,405992232.0,2.758,2.759,2.753
2018-01-23,518880,黄金ETF,2.762,1318830470.0,477492094.0,2.758,2.765,2.758
2018-01-24,518880,黄金ETF,2.774,911691070.0,329331418.0,2.767,2.775,2.766
2018-01-25,518880,黄金ETF,2.784,1407225270.0,505346742.0,2.782,2.789,2.781
2018-01-26,518880,黄金ETF,2.767,1751054457.0,632817967.0,2.767,2.786,2.763
2018-01-29,518880,黄金ETF,2.754,1114673959.0,404473300.0,2.759,2.76,2.752
2018-01-30,518880,黄金ETF,2.731,1299930246.0,475208500.0,2.743,2.745,2.729
2018-01-31,518880,黄金ETF,2.735,1393400836.0,509417194.0,2.734,2.739,2.732
2018-02-01,518880,黄金ETF,2.729,926041188.0,339087446.0,2.731,2.735,2.727
2018-02-02,518880,黄金ETF,2.731,1391368086.0,508966572.0,2.733,2.737,2.729
2018-02-05,518880,黄金ETF,2.705,1032886687.0,381283005.0,2.712,2.713,2.704
2018-02-06,518880,黄金ETF,2.726,876004305.0,320840116.0,2.722,2.743,2.721
2018-02-07,518880,黄金ETF,2.689,783049101.0,291550802.0,2.686,2.689,2.683
2018-02-08,518880,黄金ETF,2.68,570211767.0,213313573.0,2.674,2.68,2.667
2018-02-09,518880,黄金ETF,2.692,634159377.0,235617577.0,2.696,2.699,2.688
2018-02-12,518880,黄金ETF,2.694,846225568.0,314311600.0,2.683,2.7,2.682
2018-02-13,518880,黄金ETF,2.708,592244820.0,219308049.0,2.701,2.709,2.696
2018-02-14,518880,黄金ETF,2.73,493752135.0,181068620.0,2.717,2.735,2.716
2018-02-22,518880,黄金ETF,2.704,652812472.0,241299445.0,2.707,2.709,2.703
2018-02-23,518880,黄金ETF,2.712,596452249.0,219833871.0,2.712,2.715,2.71
2018-02-26,518880,黄金ETF,2.727,786966152.0,289166934.0,2.714,2.728,2.713
2018-02-27,518880,黄金ETF,2.712,791643751.0,291763905.0,2.717,2.717,2.711
2018-02-28,518880,黄金ETF,2.692,596369643.0,221450472.0,2.695,2.697,2.691
2018-03-01,518880,黄金ETF,2.689,615727965.0,228742611.0,2.692,2.697,2.684
2018-03-02,518880,黄金ETF,2.7,675152925.0,249987451.0,2.693,2.704,2.693
2018-03-05,518880,黄金ETF,2.71,487269413.0,179883557.0,2.71,2.712,2.706
2018-03-06,518880,黄金ETF,2.709,983298187.0,363345624.0,2.703,2.709,2.702
2018-03-07,518880,黄金ETF,2.719,1114654718.0,409224062.0,2.723,2.732,2.717
2018-03-08,518880,黄金ETF,2.714,500121376.0,184364197.0,2.71,2.715,2.709
2018-03-09,518880,黄金ETF,2.7,1774820384.0,657086832.0,2.703,2.704,2.698
2018-03-12,518880,黄金ETF,2.699,1142810713.0,422937078.0,2.701,2.706,2.698
2018-03-13,518880,黄金ETF,2.698,864291359.0,320114999.0,2.701,2.703,2.696
2018-03-14,518880,黄金ETF,2.702,655473126.0,242219247.0,2.703,2.71,2.701
2018-03-15,518880,黄金ETF,2.699,1202578218.0,445169279.0,2.701,2.705,2.698
2018-03-16,518880,黄金ETF,2.688,1232577338.0,458271501.0,2.687,2.692,2.685
2018-03-19,518880,黄金ETF,2.678,1161846420.0,432844164.0,2.682,2.691,2.674
2018-03-20,518880,黄金ETF,2.689,982684226.0,365635261.0,2.687,2.69,2.684
2018-03-21,518880,黄金ETF,2.69,830143685.0,309106716.0,2.685,2.69,2.684
2018-03-22,518880,黄金ETF,2.713,879137258.0,324138938.0,2.715,2.716,2.709
2018-03-23,518880,黄金ETF,2.741,918154800.0,335752003.0,2.73,2.742,2.729
2018-03-26,518880,黄金ETF,2.738,759387377.0,276735717.0,2.743,2.75,2.736
2018-03-27,518880,黄金ETF,2.736,1180057317.0,431715586.0,2.732,2.737,2.731
2018-03-28,518880,黄金ETF,2.721,882613502.0,323802291.0,2.727,2.729,2.718
2018-03-29,518880,黄金ETF,2.688,929985826.0,344351389.0,2.701,2.705,2.686
2018-03-30,518880,黄金ETF,2.692,841145675.0,312499045.0,2.69,2.693,2.689
2018-04-02,518880,黄金ETF,2.696,1035776874.0,384201257.0,2.698,2.699,2.694
2018-04-03,518880,黄金ETF,2.716,935773464.0,344700034.0,2.717,2.717,2.712
2018-04-04,518880,黄金ETF,2.712,1300629736.0,480182502.0,2.703,2.714,2.701
2018-04-09,518880,黄金ETF,2.707,1479962502.0,545865934.0,2.707,2.718,2.706
2018-04-10,518880,黄金ETF,2.71,1735734389.0,639726061.0,2.717,2.72,2.708
2018-04-11,518880,黄金ETF,2.726,1321125084.0,485658678.0,2.717,2.727,2.716
2018-04-12,518880,黄金ETF,2.735,1238966735.0,453193111.0,2.732,2.737,2.731
2018-04-13,518880,黄金ETF,2.714,959467480.0,352767200.0,2.717,2.725,2.713
2018-04-16,518880,黄金ETF,2.725,1228333084.0,450344224.0,2.728,2.732,2.722
2018-04-17,518880,黄金ETF,2.729,1170548423.0,429079500.0,2.728,2.731,2.724
2018-04-18,518880,黄金ETF,2.727,1120114973.0,410878818.0,2.726,2.73,2.724
2018-04-19,518880,黄金ETF,2.734,1066754715.0,390560282.0,2.729,2.735,2.729
2018-04-20,518880,黄金ETF,2.722,959688215.0,352749519.0,2.726,2.726,2.718
2018-04-23,518880,黄金ETF,2.708,1203016328.0,444161563.0,2.707,2.71,2.705
2018-04-24,518880,黄金ETF,2.7,1375662968.0,508994588.0,2.698,2.705,2.698
2018-04-25,518880,黄金ETF,2.699,644372340.37,238489021.0,2.704,2.705,2.697
2018-04-26,518880,黄金ETF,2.702,1497289479.404,554327731.0,2.698,2.704,2.698
2018-04-27,518880,黄金ETF,2.692,790112459.588,293302014.0,2.691,2.696,2.69
2018-05-02,518880,黄金ETF,2.684,1249022670.856,465298628.0,2.681,2.687,2.68
2018-05-03,518880,黄金ETF,2.684,1020999456.046,379977858.0,2.69,2.691,2.683
2018-05-04,518880,黄金ETF,2.687,1318744556.8,490669400.0,2.688,2.689,2.686
2018-05-07,518880,黄金ETF,2.694,937567246.76,347592628.0,2.7,2.701,2.693
2018-05-08,518880,黄金ETF,2.692,1212195505.75,450032130.0,2.696,2.697,2.691
2018-05-09,518880,黄金ETF,2.689,1080635068.748,401502569.0,2.693,2.693,2.688
2018-05-10,518880,黄金ETF,2.69,1519223088.656,564085940.0,2.693,2.696,2.689
2018-05-11,518880,黄金ETF,2.693,1180540147.976,438075485.0,2.694,2.697,2.693
2018-05-14,518880,黄金ETF,2.694,1004948678.239,373026525.0,2.694,2.696,2.693
2018-05-15,518880,黄金ETF,2.68,822339888.096,306499297.0,2.685,2.686,2.68
2018-05-16,518880,黄金ETF,2.654,1231226246.64,463930310.0,2.654,2.656,2.652
2018-05-17,518880,黄金ETF,2.642,982737336.316,371192840.0,2.646,2.651,2.641
2018-05-18,518880,黄金ETF,2.644,1324801607.991,500551006.0,2.644,2.652,2.643
2018-05-21,518880,黄金ETF,2.639,1256578753.775,474601298.0,2.649,2.651,2.638
2018-05-22,518880,黄金ETF,2.646,793872853.0,299771500.0,2.648,2.65,2.645
2018-05-23,518880,黄金ETF,2.649,640946078.631,241767319.0,2.652,2.653,2.649
2018-05-24,518880,黄金ETF,2.665,976295541.106,366710265.0,2.659,2.667,2.658
2018-05-25,518880,黄金ETF,2.678,1113744468.3,415839200.0,2.676,2.683,2.675
2018-05-28,518880,黄金ETF,2.667,1490148522.6,557933800.0,2.67,2.676,2.665
2018-05-29,518880,黄金ETF,2.676,1055614949.996,394176882.0,2.678,2.68,2.676
2018-05-30,518880,黄金ETF,2.683,538060179.82,200417432.0,2.688,2.688,2.68
2018-05-31,518880,黄金ETF,2.686,526461469.181,196129307.0,2.684,2.687,2.682
2018-06-01,518880,黄金ETF,2.68,541971937.8,202313200.0,2.677,2.682,2.676
2018-06-04,518880,黄金ETF,2.665,462374598.532,173260702.0,2.671,2.672,2.664
2018-06-05,518880,黄金ETF,2.662,734832947.8,276100600.0,2.662,2.664,2.659
2018-06-06,518880,黄金ETF,2.666,1397343395.3,523769100.0,2.668,2.67,2.666
2018-06-07,518880,黄金ETF,2.664,1523767312.684,571769156.0,2.664,2.668,2.663
2018-06-08,518880,黄金ETF,2.664,1126436234.7,422498400.0,2.665,2.668,2.663
2018-06-11,518880,黄金ETF,2.671,805182488.4,300984000.0,2.67,2.678,2.67
2018-06-12,518880,黄金ETF,2.669,1171735903.3,438409300.0,2.674,2.678,2.668
2018-06-13,518880,黄金ETF,2.667,1285134024.426,481664678.0,2.669,2.671,2.666
2018-06-14,518880,黄金ETF,2.677,1752696913.2,656293625.0,2.669,2.679,2.668
2018-06-15,518880,黄金ETF,2.682,1540298177.02,573506240.0,2.686,2.695,2.679
2018-06-19,518880,黄金ETF,2.659,1816821350.07,683026540.0,2.678,2.678,2.657
2018-06-20,518880,黄金ETF,2.651,1216373197.1,458422200.0,2.656,2.657,2.65
2018-06-21,518880,黄金ETF,2.641,1388712450.2,525459700.0,2.643,2.646,2.639
2018-06-22,518880,黄金ETF,2.653,992396651.2,374303900.0,2.649,2.654,2.648
2018-06-25,518880,黄金ETF,2.658,773730968.2,290722400.0,2.663,2.665,2.657
2018-06-26,518880,黄金ETF,2.657,915045531.3,343864400.0,2.659,2.665,2.657
2018-06-27,518880,黄金ETF,2.663,678693529.0,255159002.0,2.658,2.663,2.657
2018-06-28,518880,黄金ETF,2.655,973286941.0,365827900.0,2.663,2.665,2.654
2018-06-29,518880,黄金ETF,2.661,906592944.0,340827100.0,2.66,2.663,2.658
2018-07-02,518880,黄金ETF,2.667,616390889.0,231152000.0,2.665,2.669,2.664
2018-07-03,518880,黄金ETF,2.665,1604266766.0,601371900.0,2.665,2.671,2.664
2018-07-04,518880,黄金ETF,2.673,873650061.0,326257900.0,2.679,2.684,2.672
2018-07-05,518880,黄金ETF,2.675,535788537.0,200200052.0,2.676,2.679,2.674
2018-07-06,518880,黄金ETF,2.68,860557856.0,321201200.0,2.678,2.682,2.676
2018-07-09,518880,黄金ETF,2.677,647556561.0,241943000.0,2.678,2.68,2.674
2018-07-10,518880,黄金ETF,2.668,603637094.0,226141100.0,2.668,2.673,2.666
2018-07-11,518880,黄金ETF,2.676,436291468.0,163048600.0,2.674,2.677,2.674
2018-07-12,518880,黄金ETF,2.668,743851170.0,278364300.0,2.674,2.676,2.667
2018-07-13,518880,黄金ETF,2.665,703686667.0,263820100.0,2.668,2.669,2.664
2018-07-16,518880,黄金ETF,2.669,562463708.0,210601918.0,2.668,2.673,2.668
2018-07-17,518880,黄金ETF,2.664,924949830.0,347724600.0,2.658,2.665,2.657
2018-07-18,518880,黄金ETF,2.639,893513392.0,338152000.0,2.647,2.647,2.635
2018-07-19,518880,黄金ETF,2.65,763833552.0,288456200.0,2.644,2.652,2.644
2018-07-20,518880,黄金ETF,2.655,1001564271.0,377227100.0,2.653,2.658,2.652
2018-07-23,518880,黄金ETF,2.668,1002327146.0,375675600.0,2.667,2.67,2.666
2018-07-24,518880,黄金ETF,2.666,736680083.0,276063100.0,2.668,2.671,2.664
2018-07-25,518880,黄金ETF,2.668,746776670.0,279890201.0,2.669,2.671,2.666
2018-07-26,518880,黄金ETF,2.672,1095118337.0,410178700.0,2.667,2.673,2.666
2018-07-27,518880,黄金ETF,2.669,1591947745.0,596535900.0,2.67,2.67,2.666
2018-07-30,518880,黄金ETF,2.671,1376743397.0,515122200.0,2.67,2.676,2.67
2018-07-31,518880,黄金ETF,2.673,1037209098.0,387943300.0,2.671,2.675,2.671
2018-08-01,518880,黄金ETF,2.672,1160191539.0,434403900.0,2.672,2.673,2.667
2018-08-02,518880,黄金ETF,2.664,826275299.0,309875100.0,2.665,2.669,2.664
2018-08-03,518880,黄金ETF,2.663,704899112.0,264859700.0,2.661,2.665,2.659
2018-08-06,518880,黄金ETF,2.663,1017735578.0,381922200.0,2.665,2.669,2.662
2018-08-07,518880,黄金ETF,2.662,1080264293.0,405645800.0,2.661,2.667,2.66
2018-08-08,518880,黄金ETF,2.658,809776979.0,305058777.0,2.653,2.658,2.652
2018-08-09,518880,黄金ETF,2.658,821487081.0,309142700.0,2.659,2.659,2.655
2018-08-10,518880,黄金ETF,2.656,502471368.0,189036000.0,2.658,2.66,2.654
2018-08-13,518880,黄金ETF,2.664,957317056.0,359274100.0,2.664,2.666,2.662
2018-08-14,518880,黄金ETF,2.641,1405199600.0,531743600.0,2.641,2.645,2.64
2018-08-15,518880,黄金ETF,2.637,1028119148.0,389608700.0,2.64,2.642,2.636
2018-08-16,518880,黄金ETF,2.604,1683257800.0,645604300.0,2.61,2.639,2.595
2018-08-17,518880,黄金ETF,2.598,1061857834.0,407896500.0,2.602,2.607,2.598
2018-08-20,518880,黄金ETF,2.615,820884170.2,314296300.0,2.608,2.616,2.607
2018-08-21,518880,黄金ETF,2.627,1387563077.1,528785600.0,2.62,2.628,2.619
2018-08-22,518880,黄金ETF,2.626,940204030.0,357676300.0,2.627,2.632,2.625
2018-08-23,518880,黄金ETF,2.627,633769526.8,241076000.0,2.628,2.63,2.627
2018-08-24,518880,黄金ETF,2.628,939775590.6,357995300.0,2.623,2.63,2.621
2018-08-27,518880,黄金ETF,2.641,847287724.9,320946000.0,2.638,2.644,2.637
2018-08-28,518880,黄金ETF,2.65,685816079.3,259108700.0,2.644,2.652,2.644
2018-08-29,518880,黄金ETF,2.638,1040526898.7,394416100.0,2.636,2.64,2.635
2018-08-30,518880,黄金ETF,2.641,754562595.9,285422400.0,2.643,2.646,2.64
2018-08-31,518880,黄金ETF,2.646,885975393.5,334959800.0,2.642,2.649,2.642
2018-09-03,518880,黄金ETF,2.635,831248414.4,315035700.0,2.64,2.641,2.635
2018-09-04,518880,黄金ETF,2.626,820438532.0,311586800.0,2.637,2.637,2.626
2018-09-05,518880,黄金ETF,2.624,826687876.2,314869600.0,2.625,2.628,2.623
2018-09-06,518880,黄金ETF,2.633,523266512.364,198596008.0,2.632,2.638,2.632
2018-09-07,518880,黄金ETF,2.642,768968376.5,291121900.0,2.638,2.643,2.638
2018-09-10,518880,黄金ETF,2.633,1440202474.0,546479000.0,2.637,2.638,2.631
2018-09-11,518880,黄金ETF,2.64,471225508.7,178637300.0,2.637,2.64,2.636
2018-09-12,518880,黄金ETF,2.639,691068810.0,261636900.0,2.641,2.645,2.638
2018-09-13,518880,黄金ETF,2.65,665080729.0,250974850.0,2.646,2.652,2.646
2018-09-14,518880,黄金ETF,2.656,652894946.0,246267766.0,2.649,2.656,2.648
2018-09-17,518880,黄金ETF,2.642,531187416.0,201007500.0,2.645,2.645,2.641
2018-09-18,518880,黄金ETF,2.646,1385856203.0,523164800.0,2.648,2.652,2.644
2018-09-19,518880,黄金ETF,2.648,390687213.0,147587600.0,2.646,2.65,2.645
2018-09-20,518880,黄金ETF,2.651,422237563.0,159143500.0,2.651,2.655,2.65
2018-09-21,518880,黄金ETF,2.657,964170861.0,362960500.0,2.654,2.658,2.654
2018-09-25,518880,黄金ETF,2.649,1206111377.0,455910900.0,2.648,2.65,2.643
2018-09-26,518880,黄金ETF,2.653,650569203.0,245120900.0,2.652,2.656,2.652
2018-09-27,518880,黄金ETF,2.642,1260030862.0,476146700.0,2.648,2.649,2.642
2018-09-28,518880,黄金ETF,2.623,640163402.0,243587400.0,2.635,2.635,2.619
2018-10-08,518880,黄金ETF,2.656,591205980.0,222829500.0,2.65,2.657,2.65
2018-10-09,518880,黄金ETF,2.652,711207789.0,268104700.0,2.651,2.662,2.649
2018-10-10,518880,黄金ETF,2.652,545741751.0,205685944.0,2.651,2.655,2.651
2018-10-11,518880,黄金ETF,2.665,1013868068.0,380657155.0,2.663,2.666,2.661
2018-10-12,518880,黄金ETF,2.702,1097859446.0,406349300.0,2.7,2.708,2.698
2018-10-15,518880,黄金ETF,2.728,1190489482.0,438026200.0,2.715,2.729,2.713
2018-10-16,518880,黄金ETF,2.727,1427236237.0,523189333.0,2.728,2.731,2.724
2018-10-17,518880,黄金ETF,2.719,1286966833.0,473428664.0,2.715,2.721,2.715
2018-10-18,518880,黄金ETF,2.722,813159413.0,298446632.0,2.724,2.727,2.718
2018-10-19,518880,黄金ETF,2.734,1046384367.0,382399399.0,2.738,2.74,2.732
2018-10-22,518880,黄金ETF,2.73,1332931183.0,487572828.0,2.732,2.736,2.729
2018-10-23,518880,黄金ETF,2.744,1163706358.0,425684546.0,2.729,2.745,2.728
2018-10-24,518880,黄金ETF,2.745,1540645980.0,559755051.0,2.754,2.755,2.745
2018-10-25,518880,黄金ETF,2.759,1460785094.0,528652200.0,2.763,2.767,2.758
2018-10-26,518880,黄金ETF,2.757,1169855815.0,424072300.0,2.751,2.763,2.751
2018-10-29,518880,黄金ETF,2.753,982183368.0,356000355.0,2.758,2.762,2.752
2018-10-30,518880,黄金ETF,2.747,1151971707.0,419154450.0,2.749,2.751,2.744
2018-10-31,518880,黄金ETF,2.724,846311699.0,310166100.0,2.735,2.735,2.723
2018-11-01,518880,黄金ETF,2.73,1363595375.0,500617300.0,2.722,2.731,2.72
2018-11-02,518880,黄金ETF,2.731,1589147514.0,580979499.0,2.733,2.739,2.728
2018-11-05,518880,黄金ETF,2.732,1277991097.0,467519700.0,2.731,2.737,2.728
2018-11-06,518880,黄金ETF,2.734,1030080722.0,376615100.0,2.735,2.737,2.733
2018-11-07,518880,黄金ETF,2.735,1430263387.0,523227100.0,2.73,2.737,2.729
2018-11-08,518880,黄金ETF,2.724,820427041.0,300989600.0,2.729,2.73,2.722
2018-11-09,518880,黄金ETF,2.718,930218505.0,341781800.0,2.722,2.725,2.717
2018-11-12,518880,黄金ETF,2.698,1106854931.0,409750500.0,2.702,2.705,2.696
2018-11-13,518880,黄金ETF,2.689,1295183956.0,481083000.0,2.696,2.696,2.687
2018-11-14,518880,黄金ETF,2.688,1366673495.0,508318600.0,2.687,2.692,2.684
2018-11-15,518880,黄金ETF,2.703,1497877085.0,554875000.0,2.696,2.704,2.696
2018-11-16,518880,黄金ETF,2.707,1635187316.0,604428400.0,2.705,2.708,2.704
2018-11-19,518880,黄金ETF,2.714,1923070723.0,707403100.0,2.718,2.723,2.713
2018-11-20,518880,黄金ETF,2.724,1578555936.0,579856600.0,2.72,2.727,2.72
2018-11-21,518880,黄金ETF,2.723,698119847.0,256473200.0,2.723,2.723,2.72
2018-11-22,518880,黄金ETF,2.728,909969867.0,333472700.0,2.727,2.731,2.727
2018-11-23,518880,黄金ETF,2.731,849653981.0,310832672.0,2.729,2.737,2.729
2018-11-26,518880,黄金ETF,2.727,1093839145.0,400785680.0,2.727,2.732,2.726
2018-11-27,518880,黄金ETF,2.722,772564956.0,283640520.0,2.726,2.726,2.721
2018-11-28,518880,黄金ETF,2.71,897752853.0,331109600.0,2.715,2.715,2.706
2018-11-29,518880,黄金ETF,2.731,1514866827.0,555219398.0,2.724,2.734,2.723
2018-11-30,518880,黄金ETF,2.732,1542874027.0,564752875.0,2.732,2.734,2.73
2018-12-03,518880,黄金ETF,2.72,1509493862.0,554063400.0,2.721,2.728,2.719
2018-12-04,518880,黄金ETF,2.72,1315121769.0,482779900.0,2.727,2.729,2.719
2018-12-05,518880,黄金ETF,2.725,1131700225.0,415521400.0,2.722,2.726,2.721
2018-12-06,518880,黄金ETF,2.735,1152414534.0,420803557.0,2.735,2.742,2.735
2018-12-07,518880,黄金ETF,2.738,1029011730.0,375634000.0,2.739,2.742,2.737
2018-12-10,518880,黄金ETF,2.767,1513214763.0,547519119.0,2.758,2.768,2.758
2018-12-11,518880,黄金ETF,2.763,1128582938.0,408519000.0,2.765,2.767,2.76
2018-12-12,518880,黄金ETF,2.75,1045782629.0,379948545.0,2.756,2.756,2.749
2018-12-13,518880,黄金ETF,2.748,1262096935.0,459343900.0,2.749,2.75,2.745
2018-12-14,518880,黄金ETF,2.745,917725149.0,333992550.0,2.747,2.75,2.743
2018-12-17,518880,黄金ETF,2.746,1277173586.0,465013482.0,2.744,2.755,2.744
2018-12-18,518880,黄金ETF,2.761,1204431047.0,435741301.0,2.761,2.767,2.76
2018-12-19,518880,黄金ETF,2.77,1345584146.0,485996300.0,2.765,2.772,2.765
2018-12-20,518880,黄金ETF,2.77,1547970115.0,559565100.0,2.761,2.777,2.761
2018-12-21,518880,黄金ETF,2.788,1063398289.0,381568900.0,2.791,2.793,2.782
2018-12-24,518880,黄金ETF,2.798,1256184396.0,448686583.0,2.798,2.804,2.796
2018-12-25,518880,黄金ETF,2.82,1399196046.0,496249700.0,2.809,2.838,2.808
2018-12-26,518880,黄金ETF,2.819,1585043294.0,561542240.0,2.817,2.827,2.816
2018-12-27,518880,黄金ETF,2.809,750299093.0,266816961.0,2.815,2.816,2.805
2018-12-28,518880,黄金ETF,2.826,1084091724.0,384245016.0,2.818,2.828,2.816
2019-01-02,518880,黄金ETF,2.837,768818289.0,271467105.0,2.821,2.84,2.821
2019-01-03,518880,黄金ETF,2.868,775940615.0,272014302.0,2.84,2.87,2.84
2019-01-04,518880,黄金ETF,2.853,761097798.0,265619621.0,2.881,2.883,2.853
2019-01-07,518880,黄金ETF,2.841,721769862.0,254184900.0,2.84,2.843,2.835
2019-01-08,518880,黄金ETF,2.828,1107529437.0,391408991.0,2.837,2.837,2.824
2019-01-09,518880,黄金ETF,2.817,1278462880.0,453104500.0,2.827,2.83,2.813
2019-01-10,518880,黄金ETF,2.823,1135242328.0,401473826.0,2.828,2.832,2.822
2019-01-11,518880,黄金ETF,2.805,1037700530.0,369845800.0,2.811,2.812,2.8
2019-01-14,518880,黄金ETF,2.807,1493152295.0,533010500.0,2.8,2.809,2.795
2019-01-15,518880,黄金ETF,2.801,762694402.0,272275100.0,2.805,2.805,2.798
2019-01-16,518880,黄金ETF,2.803,871390809.0,310583622.0,2.805,2.809,2.801
2019-01-17,518880,黄金ETF,2.81,1131604816.0,403118400.0,2.806,2.81,2.805
2019-01-18,518880,黄金ETF,2.811,814026022.0,289615460.0,2.809,2.813,2.809
2019-01-21,518880,黄金ETF,2.8,554309851.0,198226960.0,2.799,2.8,2.793
2019-01-22,518880,黄金ETF,2.799,568493465.0,203367800.0,2.797,2.8,2.791
2019-01-23,518880,黄金ETF,2.802,522073968.0,186071900.0,2.808,2.81,2.801
2019-01-24,518880,黄金ETF,2.8,741042335.0,264653817.0,2.8,2.802,2.797
2019-01-25,518880,黄金ETF,2.797,406249370.0,145219300.0,2.8,2.8,2.795
2019-01-28,518880,黄金ETF,2.823,715313952.0,253508900.0,2.819,2.825,2.819
2019-01-29,518880,黄金ETF,2.833,631256181.0,222985100.0,2.828,2.835,2.827
2019-01-30,518880,黄金ETF,2.842,577466496.0,203295400.0,2.839,2.843,2.837
2019-01-31,518880,黄金ETF,2.837,681564666.0,239965197.0,2.842,2.843,2.835
2019-02-01,518880,黄金ETF,2.852,364228296.0,127835350.0,2.839,2.854,2.839
2019-02-11,518880,黄金ETF,2.84,1140196756.0,400450100.0,2.847,2.854,2.839
2019-02-12,518880,黄金ETF,2.851,950977877.0,334178200.0,2.844,2.851,2.843
2019-02-13,518880,黄金ETF,2.847,890693708.0,313033600.0,2.845,2.847,2.843
2019-02-14,518880,黄金ETF,2.843,862785646.0,303446200.0,2.844,2.846,2.841
2019-02-15,518880,黄金ETF,2.861,973550856.0,341081200.0,2.848,2.861,2.848
2019-02-18,518880,黄金ETF,2.876,972318934.0,338256456.0,2.872,2.877,2.872
2019-02-19,518880,黄金ETF,2.878,849195987.0,294766900.0,2.88,2.883,2.877
2019-02-20,518880,黄金ETF,2.898,1276607591.0,439634100.0,2.906,2.909,2.896
2019-02-21,518880,黄金ETF,2.88,797769388.0,276372800.0,2.889,2.891,2.88
2019-02-22,518880,黄金ETF,2.86,981431951.0,342634700.0,2.865,2.867,2.859
2019-02-25,518880,黄金ETF,2.858,1027637333.0,359299200.0,2.853,2.867,2.853
2019-02-26,518880,黄金ETF,2.856,906260360.0,317336502.0,2.854,2.86,2.852
2019-02-27,518880,黄金ETF,2.853,1389254564.0,486555498.0,2.856,2.859,2.851
2019-02-28,518880,黄金ETF,2.833,1067875991.0,376814500.0,2.843,2.843,2.827
2019-03-01,518880,黄金ETF,2.826,845721646.0,299146200.0,2.827,2.83,2.821
2019-03-04,518880,黄金ETF,2.784,1008819808.0,361547401.0,2.798,2.798,2.783
2019-03-05,518880,黄金ETF,2.77,2625261730.0,945119932.0,2.784,2.784,2.767
2019-03-06,518880,黄金ETF,2.784,2286392624.0,823241500.0,2.773,2.785,2.773
2019-03-07,518880,黄金ETF,2.773,2193678913.0,789401900.0,2.782,2.784,2.769
2019-03-08,518880,黄金ETF,2.799,973667553.0,349222900.0,2.783,2.8,2.781
2019-03-11,518880,黄金ETF,2.808,1966875656.0,700637222.0,2.809,2.811,2.802
2019-03-12,518880,黄金ETF,2.808,1806186485.0,643828400.0,2.798,2.81,2.798
2019-03-13,518880,黄金ETF,2.82,1602030912.0,567751800.0,2.818,2.826,2.818
2019-03-14,518880,黄金ETF,2.815,1566932954.0,555956100.0,2.822,2.822,2.815
2019-03-15,518880,黄金ETF,2.811,1751427622.0,624286450.0,2.801,2.816,2.8
2019-03-18,518880,黄金ETF,2.807,1644714593.0,585919519.0,2.807,2.81,2.803
2019-03-19,518880,黄金ETF,2.823,1521791909.0,539127800.0,2.815,2.825,2.815
2019-03-20,518880,黄金ETF,2.819,1959281152.0,694750700.0,2.82,2.823,2.818
2019-03-21,518880,黄金ETF,2.839,2072933691.0,730728150.0,2.833,2.84,2.832
2019-03-22,518880,黄金ETF,2.833,1608617907.0,568941400.0,2.826,2.834,2.825
2019-03-25,518880,黄金ETF,2.849,1637461421.0,574762800.0,2.849,2.852,2.846
2019-03-26,518880,黄金ETF,2.85,1794025353.0,628462760.0,2.855,2.858,2.849
2019-03-27,518880,黄金ETF,2.848,1817150045.0,637518700.0,2.85,2.854,2.845
2019-03-28,518880,黄金ETF,2.842,1776752201.0,625596900.0,2.841,2.844,2.837
2019-03-29,518880,黄金ETF,2.788,1777201668.0,635224900.0,2.809,2.809,2.786
2019-04-01,518880,黄金ETF,2.788,1669645188.0,597777800.0,2.789,2.798,2.787
2019-04-02,518880,黄金ETF,2.792,2066145899.0,739649800.0,2.79,2.797,2.789
2019-04-03,518880,黄金ETF,2.797,1716433161.0,612837300.0,2.797,2.804,2.795
2019-04-04,518880,黄金ETF,2.798,1579168622.0,564403133.0,2.794,2.808,2.793
2019-04-08,518880,黄金ETF,2.81,2023052741.0,720304100.0,2.8,2.814,2.8
2019-04-09,518880,黄金ETF,2.811,1462605046.0,519789300.0,2.816,2.817,2.81
2019-04-10,518880,黄金ETF,2.825,1844416933.0,654152471.0,2.819,2.825,2.817
2019-04-11,518880,黄金ETF,2.828,1796288729.0,635048300.0,2.828,2.832,2.827
2019-04-12,518880,黄金ETF,2.8,1629478296.0,581057000.0,2.804,2.808,2.799
2019-04-15,518880,黄金ETF,2.785,1627040031.0,583537300.0,2.789,2.791,2.784
2019-04-16,518880,黄金ETF,2.785,1940707204.0,696907400.0,2.784,2.788,2.781
2019-04-17,518880,黄金ETF,2.769,3218472137.0,1160978300.0,2.772,2.777,2.768
2019-04-18,518880,黄金ETF,2.751,1261481583.0,457560200.0,2.759,2.761,2.749
2019-04-19,518880,黄金ETF,2.762,1994548905.0,720871100.0,2.763,2.769,2.762
2019-04-22,518880,黄金ETF,2.772,1815867366.0,655271100.0,2.765,2.775,2.764
2019-04-23,518880,黄金ETF,2.757,2240418327.0,810683500.0,2.771,2.772,2.755
2019-04-24,518880,黄金ETF,2.754,2310969604.0,839056600.0,2.756,2.758,2.75
2019-04-25,518880,黄金ETF,2.767,1837607415.0,664273400.0,2.765,2.769,2.763
2019-04-26,518880,黄金ETF,2.773,2117898049.0,763719200.0,2.774,2.777,2.769
2019-04-29,518880,黄金ETF,2.769,1620533802.0,583232700.0,2.778,2.785,2.768
2019-04-30,518880,黄金ETF,2.777,1289350311.0,464756100.0,2.77,2.78,2.77
2019-05-06,518880,黄金ETF,2.793,1686287008.0,603640800.0,2.798,2.805,2.788
2019-05-07,518880,黄金ETF,2.787,1067386529.0,382434300.0,2.791,2.794,2.786
2019-05-08,518880,黄金ETF,2.804,1234787493.0,440894100.0,2.798,2.805,2.795
2019-05-09,518880,黄金ETF,2.806,874275347.0,311959600.0,2.8,2.808,2.798
2019-05-10,518880,黄金ETF,2.808,975657855.0,347269218.0,2.806,2.82,2.805
2019-05-13,518880,黄金ETF,2.826,580144581.0,205388161.0,2.821,2.828,2.821
2019-05-14,518880,黄金ETF,2.858,899552865.0,314489900.0,2.863,2.865,2.857
2019-05-15,518880,黄金ETF,2.844,1302810694.0,456673791.0,2.858,2.858,2.842
2019-05-16,518880,黄金ETF,2.858,967005748.0,338677670.0,2.852,2.859,2.852
2019-05-17,518880,黄金ETF,2.854,594925147.0,208880791.0,2.841,2.855,2.841
2019-05-20,518880,黄金ETF,2.835,645981373.0,227941807.0,2.839,2.839,2.832
2019-05-21,518880,黄金ETF,2.834,466897824.0,164771285.0,2.835,2.836,2.83
2019-05-22,518880,黄金ETF,2.834,720612151.0,254293526.0,2.828,2.838,2.828
2019-05-23,518880,黄金ETF,2.841,948211861.0,333779085.0,2.836,2.845,2.836
2019-05-24,518880,黄金ETF,2.856,676438341.0,236942851.0,2.855,2.858,2.852
2019-05-27,518880,黄金ETF,2.858,1207268623.0,422357479.0,2.858,2.861,2.856
2019-05-28,518880,黄金ETF,2.854,569955549.0,199726837.0,2.853,2.856,2.851
2019-05-29,518880,黄金ETF,2.861,700426918.0,245359900.0,2.85,2.862,2.849
2019-05-30,518880,黄金ETF,2.847,657129742.0,230790213.0,2.85,2.851,2.841
2019-05-31,518880,黄金ETF,2.878,602710682.0,209625933.0,2.876,2.879,2.872
2019-06-03,518880,黄金ETF,2.914,796891162.0,273433420.0,2.906,2.917,2.906
2019-06-04,518880,黄金ETF,2.944,778752073.0,264697900.0,2.945,2.947,2.935
2019-06-05,518880,黄金ETF,2.963,1076323167.0,364983292.0,2.943,2.964,2.942
2019-06-06,518880,黄金ETF,2.962,920683985.0,310944463.0,2.955,2.966,2.953
2019-06-10,518880,黄金ETF,2.953,1441161352.0,486804235.0,2.96,2.969,2.948
2019-06-11,518880,黄金ETF,2.937,1207745921.0,409523865.0,2.954,2.958,2.937
2019-06-12,518880,黄金ETF,2.972,1162103194.0,392367038.0,2.944,2.979,2.944
2019-06-13,518880,黄金ETF,2.977,969061389.0,326014100.0,2.966,2.977,2.964
2019-06-14,518880,黄金ETF,3.022,955212332.0,318099939.0,2.986,3.024,2.986
2019-06-17,518880,黄金ETF,2.983,1006342702.0,336138686.0,3.0,3.001,2.982
2019-06-18,518880,黄金ETF,3.004,1391008194.0,463566208.0,2.991,3.012,2.991
2019-06-19,518880,黄金ETF,2.989,1233873685.0,413338100.0,2.98,2.991,2.978
2019-06-20,518880,黄金ETF,3.054,1515229918.0,495764952.0,3.05,3.06,3.05
2019-06-21,518880,黄金ETF,3.079,1262082541.0,408071218.0,3.075,3.107,3.075
2019-06-24,518880,黄金ETF,3.101,1049230407.0,337802823.0,3.109,3.111,3.1
2019-06-25,518880,黄金ETF,3.166,2008930730.0,636065395.0,3.148,3.185,3.145
2019-06-26,518880,黄金ETF,3.108,1031677866.0,330553803.0,3.132,3.134,3.071
2019-06-27,518880,黄金ETF,3.1,1132415713.0,364054054.0,3.113,3.118,3.097
2019-06-28,518880,黄金ETF,3.109,985513410.0,314557194.0,3.124,3.15,3.104
2019-07-01,518880,黄金ETF,3.034,1487674236.0,488079943.0,3.05,3.063,3.029
2019-07-02,518880,黄金ETF,3.066,826330146.0,269922222.0,3.052,3.071,3.052
2019-07-03,518880,黄金ETF,3.152,1294234607.0,410295592.0,3.172,3.177,3.138
2019-07-04,518880,黄金ETF,3.119,814497229.0,260507200.0,3.142,3.142,3.113
2019-07-05,518880,黄金ETF,3.125,988642969.0,315912250.0,3.13,3.136,3.12
2019-07-08,518880,黄金ETF,3.109,889900323.0,287130515.0,3.091,3.111,3.087
2019-07-09,518880,黄金ETF,3.081,668839443.0,216956600.0,3.083,3.089,3.078
2019-07-10,518880,黄金ETF,3.079,361085217.0,117133000.0,3.084,3.088,3.075
2019-07-11,518880,黄金ETF,3.132,932574020.0,297145960.0,3.139,3.148,3.13
2019-07-12,518880,黄金ETF,3.111,532503586.0,171391800.0,3.113,3.113,3.1
2019-07-15,518880,黄金ETF,3.123,678754722.0,217680600.0,3.118,3.124,3.113
2019-07-16,518880,黄金ETF,3.12,531326639.0,170196600.0,3.121,3.127,3.118
2019-07-17,518880,黄金ETF,3.103,621189000.0,200137800.0,3.109,3.111,3.099
2019-07-18,518880,黄金ETF,3.135,607386617.0,193447411.0,3.147,3.15,3.131
2019-07-19,518880,黄金ETF,3.177,548504191.0,172257311.0,3.185,3.19,3.172
2019-07-22,518880,黄金ETF,3.153,445721209.0,141411900.0,3.145,3.159,3.142
2019-07-23,518880,黄金ETF,3.13,761774062.0,243241300.0,3.13,3.138,3.125
2019-07-24,518880,黄金ETF,3.143,574578953.0,183008600.0,3.14,3.144,3.137
2019-07-25,518880,黄金ETF,3.147,689904411.0,219652900.0,3.141,3.147,3.138
2019-07-26,518880,黄金ETF,3.134,377933022.0,120810479.0,3.13,3.134,3.123
2019-07-29,518880,黄金ETF,3.139,728115306.0,231651546.0,3.147,3.148,3.136
2019-07-30,518880,黄金ETF,3.152,873733225.0,277639200.0,3.143,3.154,3.143
2019-07-31,518880,黄金ETF,3.164,583541222.0,184705200.0,3.158,3.167,3.155
2019-08-01,518880,黄金ETF,3.112,649499987.0,208158615.0,3.125,3.126,3.11
2019-08-02,518880,黄金ETF,3.184,829518591.0,260350110.0,3.187,3.19,3.18
2019-08-05,518880,黄金ETF,3.289,1268788016.0,387473572.0,3.239,3.304,3.238
2019-08-06,518880,黄金ETF,3.296,1141119558.0,344814092.0,3.332,3.332,3.295
2019-08-07,518880,黄金ETF,3.363,1413084928.0,420427786.0,3.346,3.374,3.346
2019-08-08,518880,黄金ETF,3.386,1111713433.0,327716167.0,3.383,3.406,3.369
2019-08-09,518880,黄金ETF,3.403,1159058690.0,339983606.0,3.404,3.42,3.393
2019-08-12,518880,黄金ETF,3.382,851804044.0,250876994.0,3.402,3.402,3.381
2019-08-13,518880,黄金ETF,3.465,1858750105.0,538414533.0,3.444,3.469,3.44
2019-08-14,518880,黄金ETF,3.376,1469483756.0,433844000.0,3.369,3.405,3.366
2019-08-15,518880,黄金ETF,3.414,1220974235.0,356056425.0,3.435,3.445,3.397
2019-08-16,518880,黄金ETF,3.419,888487241.0,259045200.0,3.436,3.438,3.413
2019-08-19,518880,黄金ETF,3.402,1234951724.0,362706559.0,3.394,3.419,3.393
2019-08-20,518880,黄金ETF,3.388,1412644382.0,417012311.0,3.394,3.394,3.382
2019-08-21,518880,黄金ETF,3.391,1176275601.0,346091728.0,3.399,3.403,3.388
2019-08-22,518880,黄金ETF,3.401,481929116.0,141758300.0,3.395,3.403,3.395
2019-08-23,518880,黄金ETF,3.398,731569416.0,215351667.0,3.399,3.4,3.392
2019-08-26,518880,黄金ETF,3.52,1121957291.0,318150249.0,3.521,3.534,3.51
2019-08-27,518880,黄金ETF,3.522,832017518.0,236948129.0,3.511,3.526,3.501
2019-08-28,518880,黄金ETF,3.524,826649851.0,234293665.0,3.543,3.543,3.513
2019-08-29,518880,黄金ETF,3.565,1024193293.0,288905600.0,3.53,3.566,3.529
2019-08-30,518880,黄金ETF,3.508,1267506262.0,361491818.0,3.503,3.523,3.495
2019-09-02,518880,黄金ETF,3.496,989947602.0,282898777.0,3.502,3.505,3.492
2019-09-03,518880,黄金ETF,3.511,766862711.0,218523874.0,3.51,3.517,3.5
2019-09-04,518880,黄金ETF,3.524,1082531656.0,305799837.0,3.557,3.56,3.522
2019-09-05,518880,黄金ETF,3.539,702496368.0,199025129.0,3.542,3.544,3.525
2019-09-06,518880,黄金ETF,3.429,1372699101.0,396414545.0,3.464,3.476,3.424
2019-09-09,518880,黄金ETF,3.442,1071034403.0,311284400.0,3.436,3.448,3.431
2019-09-10,518880,黄金ETF,3.389,984874418.0,290756026.0,3.382,3.392,3.371
2019-09-11,518880,黄金ETF,3.404,1193155485.0,350938726.0,3.397,3.408,3.396
2019-09-12,518880,黄金ETF,3.404,672530660.0,198023281.0,3.395,3.404,3.393
2019-09-16,518880,黄金ETF,3.407,997866285.0,292905251.0,3.414,3.414,3.397
2019-09-17,518880,黄金ETF,3.394,749026058.0,220324615.0,3.405,3.405,3.392
2019-09-18,518880,黄金ETF,3.407,941669454.0,276284495.0,3.407,3.413,3.404
2019-09-19,518880,黄金ETF,3.401,808880654.0,238282800.0,3.387,3.403,3.385
2019-09-20,518880,黄金ETF,3.412,657109842.0,192641700.0,3.407,3.416,3.406
2019-09-23,518880,黄金ETF,3.441,1200413065.0,347806152.0,3.437,3.461,3.437
2019-09-24,518880,黄金ETF,3.46,1247184176.0,360332600.0,3.463,3.466,3.454
2019-09-25,518880,黄金ETF,3.48,786273942.0,226073380.0,3.48,3.482,3.473
2019-09-26,518880,黄金ETF,3.434,1044848719.0,303687073.0,3.444,3.449,3.429
2019-09-27,518880,黄金ETF,3.404,557748466.0,162748549.0,3.426,3.435,3.4
2019-09-30,518880,黄金ETF,3.396,488130765.0,143680001.0,3.4,3.403,3.386
2019-10-08,518880,黄金ETF,3.39,535814094.0,157931900.0,3.402,3.405,3.385
2019-10-09,518880,黄金ETF,3.44,807219151.0,234839800.0,3.435,3.441,3.434
2019-10-10,518880,黄金ETF,3.422,784621646.0,228907973.0,3.44,3.445,3.413
2019-10-11,518880,黄金ETF,3.405,484458493.0,142708831.0,3.391,3.406,3.389
2019-10-14,518880,黄金ETF,3.356,834301321.0,248654138.0,3.367,3.367,3.345
2019-10-15,518880,黄金ETF,3.363,914494200.0,271436067.0,3.363,3.377,3.361
2019-10-16,518880,黄金ETF,3.35,966296988.0,287978864.0,3.356,3.359,3.345
2019-10-17,518880,黄金ETF,3.374,989209673.0,293707318.0,3.366,3.377,3.365
2019-10-18,518880,黄金ETF,3.371,1114361265.0,330803855.0,3.367,3.373,3.365
2019-10-21,518880,黄金ETF,3.369,624574242.0,185654731.0,3.362,3.372,3.361
2019-10-22,518880,黄金ETF,3.356,924393288.0,275427600.0,3.349,3.359,3.349
2019-10-23,518880,黄金ETF,3.371,994659364.0,295457200.0,3.363,3.372,3.361
2019-10-24,518880,黄金ETF,3.364,1187228994.0,352689875.0,3.367,3.369,3.363
2019-10-25,518880,黄金ETF,3.398,1669143537.0,491833062.0,3.388,3.4,3.387
2019-10-28,518880,黄金ETF,3.395,887041200.0,261459849.0,3.394,3.396,3.388
2019-10-29,518880,黄金ETF,3.36,647298171.0,192562500.0,3.364,3.365,3.356
2019-10-30,518880,黄金ETF,3.356,588922860.0,175427800.0,3.357,3.362,3.353
2019-10-31,518880,黄金ETF,3.363,689859503.0,204958100.0,3.365,3.369,3.362
2019-11-01,518880,黄金ETF,3.387,936435869.0,276259950.0,3.396,3.398,3.3
2019-11-04,518880,黄金ETF,3.383,721047142.0,212931000.0,3.391,3.392,3.381
2019-11-05,518880,黄金ETF,3.362,710774998.0,210859178.0,3.374,3.376,3.359
2019-11-06,518880,黄金ETF,3.313,1145951086.0,345977101.0,3.32,3.32,3.306
2019-11-07,518880,黄金ETF,3.331,947465012.0,284447708.0,3.329,3.335,3.325
2019-11-08,518880,黄金ETF,3.269,954392840.0,292557600.0,3.253,3.271,3.25
2019-11-11,518880,黄金ETF,3.266,894066851.0,274300774.0,3.26,3.267,3.255
2019-11-12,518880,黄金ETF,3.233,795877741.0,245390600.0,3.25,3.25,3.228
2019-11-13,518880,黄金ETF,3.267,1089149416.0,333857466.0,3.259,3.27,3.257
2019-11-14,518880,黄金ETF,3.276,881099581.0,269470470.0,3.266,3.277,3.265
2019-11-15,518880,黄金ETF,3.268,608492903.0,186043900.0,3.274,3.276,3.265
2019-11-18,518880,黄金ETF,3.269,1142309787.0,349158352.0,3.271,3.276,3.268
2019-11-19,518880,黄金ETF,3.29,1012471693.0,307934512.0,3.292,3.294,3.283
2019-11-20,518880,黄金ETF,3.301,1541602281.0,467298900.0,3.297,3.303,3.296
2019-11-21,518880,黄金ETF,3.294,1014787106.0,307522203.0,3.303,3.31,3.292
2019-11-22,518880,黄金ETF,3.287,768092234.0,234239913.0,3.278,3.288,3.273
2019-11-25,518880,黄金ETF,3.264,1213980920.0,371195751.0,3.269,3.278,3.262
2019-11-26,518880,黄金ETF,3.263,905890745.0,278298171.0,3.254,3.264,3.247
2019-11-27,518880,黄金ETF,3.268,525599079.0,160851982.0,3.27,3.271,3.264
2019-11-28,518880,黄金ETF,3.261,501549238.0,153670061.0,3.264,3.266,3.26
2019-11-29,518880,黄金ETF,3.265,1216519718.0,372259384.0,3.264,3.271,3.264
2019-12-02,518880,黄金ETF,3.269,628682808.0,192269202.0,3.271,3.272,3.268
2019-12-03,518880,黄金ETF,3.277,918041546.0,279989779.0,3.278,3.283,3.274
2019-12-04,518880,黄金ETF,3.337,1227092684.0,368420476.0,3.326,3.338,3.325
2019-12-05,518880,黄金ETF,3.321,604453426.0,182131400.0,3.317,3.322,3.316
2019-12-06,518880,黄金ETF,3.297,1022096348.0,308697801.0,3.315,3.316,3.296
2019-12-09,518880,黄金ETF,3.275,1320433285.0,403280335.0,3.272,3.279,3.27
2019-12-10,518880,黄金ETF,3.28,660214501.0,201343638.0,3.278,3.283,3.276
2019-12-11,518880,黄金ETF,3.282,864254603.0,263164004.0,3.283,3.288,3.282
2019-12-12,518880,黄金ETF,3.3,918837134.0,277906578.0,3.303,3.313,3.3
2019-12-13,518880,黄金ETF,3.261,859212734.0,263320590.0,3.26,3.268,3.259
2019-12-16,518880,黄金ETF,3.294,815893887.0,248243739.0,3.282,3.297,3.281
2019-12-17,518880,黄金ETF,3.292,1267237379.0,384993837.0,3.292,3.294,3.289
2019-12-18,518880,黄金ETF,3.295,1264642290.0,383959296.0,3.293,3.297,3.291
2019-12-19,518880,黄金ETF,3.292,1185916390.0,359961300.0,3.291,3.299,3.291
2019-12-20,518880,黄金ETF,3.302,1026173202.0,311080320.0,3.296,3.303,3.295
2019-12-23,518880,黄金ETF,3.313,1137762328.0,344127900.0,3.301,3.315,3.3
2019-12-24,518880,黄金ETF,3.331,1271260919.0,382142068.0,3.318,3.333,3.317
2019-12-25,518880,黄金ETF,3.352,1015114842.0,302903084.0,3.348,3.354,3.344
2019-12-26,518880,黄金ETF,3.353,1123859300.0,335218524.0,3.353,3.357,3.345
2019-12-27,518880,黄金ETF,3.363,1492936084.0,442596076.0,3.364,3.382,3.36
2019-12-30,518880,黄金ETF,3.361,1295585186.0,384684900.0,3.372,3.374,3.361
2019-12-31,518880,黄金ETF,3.384,1360969185.0,402632694.0,3.375,3.386,3.373
2020-01-02,518880,黄金ETF,3.37,1287583746.0,381843814.0,3.371,3.377,3.368
2020-01-03,518880,黄金ETF,3.422,1254881697.0,367914983.0,3.392,3.428,3.39
2020-01-06,518880,黄金ETF,3.497,1613494876.0,460780493.0,3.496,3.51,3.493
2020-01-07,518880,黄金ETF,3.466,1249704636.0,361056966.0,3.472,3.475,3.447
2020-01-08,518880,黄金ETF,3.531,1926679989.0,546298189.0,3.547,3.56,3.511
2020-01-09,518880,黄金ETF,3.408,1534083852.0,445819020.0,3.44,3.451,3.397
2020-01-10,518880,黄金ETF,3.418,930565151.0,272050841.0,3.413,3.425,3.413
2020-01-13,518880,黄金ETF,3.418,1474214156.0,430474242.0,3.423,3.435,3.413
2020-01-14,518880,黄金ETF,3.374,1430424559.0,424502086.0,3.368,3.376,3.363
2020-01-15,518880,黄金ETF,3.403,1434372564.0,420875402.0,3.398,3.414,3.395
2020-01-16,518880,黄金ETF,3.406,1677270655.0,491406222.0,3.413,3.42,3.403
2020-01-17,518880,黄金ETF,3.404,1134252856.0,333220663.0,3.402,3.41,3.4
2020-01-20,518880,黄金ETF,3.405,1465106193.0,430093564.0,3.407,3.41,3.403
2020-01-21,518880,黄金ETF,3.437,1751478809.0,509390317.0,3.425,3.449,3.424
2020-01-22,518880,黄金ETF,3.407,1227541567.0,359960480.0,3.409,3.419,3.401
2020-01-23,518880,黄金ETF,3.43,878069427.0,256121000.0,3.428,3.437,3.421
2020-02-03,518880,黄金ETF,3.52,1235172492.0,351086537.0,3.51,3.527,3.51
2020-02-04,518880,黄金ETF,3.492,1174676005.0,335443599.0,3.509,3.512,3.488
2020-02-05,518880,黄金ETF,3.469,1357974668.0,391975435.0,3.459,3.476,3.453
2020-02-06,518880,黄金ETF,3.452,1228019964.0,356182627.0,3.448,3.454,3.439
2020-02-07,518880,黄金ETF,3.468,748690010.0,215436733.0,3.48,3.482,3.463
2020-02-10,518880,黄金ETF,3.481,1184823780.0,339872403.0,3.491,3.497,3.479
2020-02-11,518880,黄金ETF,3.472,946956446.0,272462207.0,3.479,3.482,3.47
2020-02-12,518880,黄金ETF,3.465,1289068425.0,371946240.0,3.466,3.47,3.459
2020-02-13,518880,黄金ETF,3.49,1113158238.0,319584440.0,3.474,3.493,3.474
2020-02-14,518880,黄金ETF,3.494,692100247.0,198147469.0,3.495,3.498,3.486
2020-02-17,518880,黄金ETF,3.505,1041005920.0,296965567.0,3.509,3.511,3.502
2020-02-18,518880,黄金ETF,3.522,1447726127.0,411444070.0,3.514,3.523,3.514
2020-02-19,518880,黄金ETF,3.562,1450226368.0,407130062.0,3.563,3.569,3.555
2020-02-20,518880,黄金ETF,3.574,1232251933.0,344032467.0,3.568,3.595,3.568
2020-02-21,518880,黄金ETF,3.646,1624586052.0,447405401.0,3.611,3.648,3.611
2020-02-24,518880,黄金ETF,3.725,2216601413.0,596541448.0,3.728,3.73,3.707
2020-02-25,518880,黄金ETF,3.648,3373649140.0,915555049.0,3.679,3.703,3.64
2020-02-26,518880,黄金ETF,3.668,2849456635.0,777739323.0,3.667,3.678,3.632
2020-02-27,518880,黄金ETF,3.669,2225988931.0,605671218.0,3.665,3.69,3.665
2020-02-28,518880,黄金ETF,3.623,1823033607.0,500792209.0,3.652,3.66,3.605
2020-03-02,518880,黄金ETF,3.542,2138388882.0,604472471.0,3.549,3.556,3.516
2020-03-03,518880,黄金ETF,3.536,1558011433.0,440703227.0,3.532,3.542,3.53
2020-03-04,518880,黄金ETF,3.612,1940724987.0,536789980.0,3.608,3.628,3.607
2020-03-05,518880,黄金ETF,3.611,1371411920.0,380561927.0,3.603,3.612,3.6
2020-03-06,518880,黄金ETF,3.686,1892257669.0,513592422.0,3.677,3.705,3.672
2020-03-09,518880,黄金ETF,3.659,2624195457.0,711691432.0,3.716,3.728,3.317
2020-03-10,518880,黄金ETF,3.612,1945663130.0,535616366.0,3.647,3.656,3.593
2020-03-11,518880,黄金ETF,3.648,2115649911.0,582121976.0,3.621,3.649,3.621
2020-03-12,518880,黄金ETF,3.608,1658973369.0,459953530.0,3.622,3.625,3.597
2020-03-13,518880,黄金ETF,3.502,2076825928.0,597822634.0,3.472,3.519,3.437
2020-03-16,518880,黄金ETF,3.414,2005647215.0,587541169.0,3.4,3.436,3.382
2020-03-17,518880,黄金ETF,3.255,2080993365.0,633399975.0,3.315,3.316,3.25
2020-03-18,518880,黄金ETF,3.326,2675879176.0,795759336.0,3.38,3.39,3.306
2020-03-19,518880,黄金ETF,3.312,2104808503.0,640338967.0,3.295,3.318,3.253
2020-03-20,518880,黄金ETF,3.346,1636123613.0,492491948.0,3.317,3.361,3.305
2020-03-23,518880,黄金ETF,3.337,1607791181.0,481077100.0,3.325,3.355,3.324
2020-03-24,518880,黄金ETF,3.523,2042565440.0,580565796.0,3.55,3.554,3.489
2020-03-25,518880,黄金ETF,3.581,2261848702.0,629555198.0,3.601,3.61,3.573
2020-03-26,518880,黄金ETF,3.572,1892239691.0,528919132.0,3.568,3.594,3.567
2020-03-27,518880,黄金ETF,3.612,1722024450.0,477157440.0,3.605,3.621,3.599
2020-03-30,518880,黄金ETF,3.583,1622066720.0,451756034.0,3.597,3.601,3.577
2020-03-31,518880,黄金ETF,3.586,1744376819.0,486541736.0,3.583,3.59,3.581
2020-04-01,518880,黄金ETF,3.528,1475067658.0,419471001.0,3.505,3.537,3.503
2020-04-02,518880,黄金ETF,3.543,1173648164.0,332260141.0,3.526,3.55,3.524
2020-04-03,518880,黄金ETF,3.575,1020595888.0,285008082.0,3.582,3.599,3.568
2020-04-07,518880,黄金ETF,3.676,1549853233.0,420795297.0,3.686,3.691,3.671
2020-04-08,518880,黄金ETF,3.641,1508410142.0,413460942.0,3.643,3.654,3.639
2020-04-09,518880,黄金ETF,3.65,1209831730.0,332076298.0,3.642,3.651,3.64
2020-04-10,518880,黄金ETF,3.671,1654369092.0,449865781.0,3.681,3.687,3.664
2020-04-13,518880,黄金ETF,3.67,1336618261.0,364959800.0,3.675,3.676,3.655
2020-04-14,518880,黄金ETF,3.712,1631108095.0,439242092.0,3.698,3.736,3.685
2020-04-15,518880,黄金ETF,3.702,1810918111.0,486799589.0,3.713,3.729,3.7
2020-04-16,518880,黄金ETF,3.73,1673766832.0,451034200.0,3.702,3.743,3.7
2020-04-17,518880,黄金ETF,3.669,1567021083.0,426186400.0,3.69,3.696,3.643
2020-04-20,518880,黄金ETF,3.651,1431885123.0,392433929.0,3.634,3.661,3.633
2020-04-21,518880,黄金ETF,3.684,2376551485.0,646262863.0,3.674,3.687,3.671
2020-04-22,518880,黄金ETF,3.674,1500164789.0,407596770.0,3.686,3.69,3.665
2020-04-23,518880,黄金ETF,3.739,1496887215.0,400188828.0,3.735,3.748,3.73
2020-04-24,518880,黄金ETF,3.769,1332629882.0,355274966.0,3.741,3.775,3.739
2020-04-27,518880,黄金ETF,3.741,1298209378.0,345923540.0,3.763,3.763,3.739
2020-04-28,518880,黄金ETF,3.714,1837664210.0,495536894.0,3.717,3.721,3.694
2020-04-29,518880,黄金ETF,3.733,2034589545.0,544862579.0,3.729,3.741,3.728
2020-04-30,518880,黄金ETF,3.746,1054720717.0,282604624.0,3.728,3.751,3.723
2020-05-06,518880,黄金ETF,3.741,1213685972.0,324289050.0,3.748,3.75,3.734
2020-05-07,518880,黄金ETF,3.723,1800144603.0,482188056.0,3.732,3.74,3.721
2020-05-08,518880,黄金ETF,3.769,1675371093.0,444158000.0,3.775,3.779,3.767
2020-05-11,518880,黄金ETF,3.754,1708650073.0,455091700.0,3.751,3.76,3.747
2020-05-12,518880,黄金ETF,3.746,1448423829.0,386522300.0,3.741,3.754,3.74
2020-05-13,518880,黄金ETF,3.757,1512529085.0,402964666.0,3.755,3.759,3.749
2020-05-14,518880,黄金ETF,3.781,1569134514.0,415694104.0,3.772,3.782,3.771
2020-05-15,518880,黄金ETF,3.834,1185265327.0,310070368.0,3.818,3.842,3.814
2020-05-18,518880,黄金ETF,3.927,1851676376.0,471884826.0,3.9,3.939,3.899
2020-05-19,518880,黄金ETF,3.865,2134866473.0,550857200.0,3.868,3.886,3.852
2020-05-20,518880,黄金ETF,3.906,2120784487.0,542869223.0,3.908,3.916,3.9
2020-05-21,518880,黄金ETF,3.87,1759790394.0,453316287.0,3.89,3.894,3.867
2020-05-22,518880,黄金ETF,3.865,1805390176.0,468965627.0,3.846,3.868,3.834
2020-05-25,518880,黄金ETF,3.858,1548443092.0,401116823.0,3.855,3.868,3.851
2020-05-26,518880,黄金ETF,3.876,1235692682.0,318601556.0,3.873,3.887,3.871
2020-05-27,518880,黄金ETF,3.835,1552648212.0,404343113.0,3.845,3.847,3.83
2020-05-28,518880,黄金ETF,3.863,1475225031.0,382322800.0,3.85,3.871,3.846
2020-05-29,518880,黄金ETF,3.864,1616722459.0,418602612.0,3.857,3.869,3.854
2020-06-01,518880,黄金ETF,3.895,1864794597.0,479072109.0,3.881,3.906,3.881
2020-06-02,518880,黄金ETF,3.888,1943263115.0,499594675.0,3.885,3.896,3.883
2020-06-03,518880,黄金ETF,3.853,1741442091.0,451340148.0,3.852,3.866,3.848
2020-06-04,518880,黄金ETF,3.82,2057303489.0,537853718.0,3.815,3.834,3.813
2020-06-05,518880,黄金ETF,3.817,1620975065.0,423175661.0,3.845,3.847,3.813
2020-06-08,518880,黄金ETF,3.783,1772433028.0,469382502.0,3.774,3.788,3.771
2020-06-09,518880,黄金ETF,3.782,1144718341.0,302404190.0,3.793,3.796,3.778
2020-06-10,518880,黄金ETF,3.821,1145479168.0,299804900.0,3.823,3.825,3.818
2020-06-11,518880,黄金ETF,3.855,1895236856.0,492642290.0,3.844,3.856,3.841
2020-06-12,518880,黄金ETF,3.854,2297666454.0,597308803.0,3.85,3.856,3.841
2020-06-15,518880,黄金ETF,3.844,1752661372.0,455092000.0,3.86,3.866,3.833
2020-06-16,518880,黄金ETF,3.84,2375174123.0,618127823.0,3.842,3.852,3.829
2020-06-17,518880,黄金ETF,3.842,1702822217.0,443191028.0,3.842,3.848,3.837
2020-06-18,518880,黄金ETF,3.836,1929758070.0,502325771.0,3.847,3.847,3.834
2020-06-19,518880,黄金ETF,3.844,2439085424.0,634811235.0,3.837,3.849,3.837
2020-06-22,518880,黄金ETF,3.886,2688456172.0,690726506.0,3.891,3.901,3.885
2020-06-23,518880,黄金ETF,3.882,2321588083.0,597215211.0,3.896,3.896,3.877
2020-06-24,518880,黄金ETF,3.91,1821625363.0,466070203.0,3.913,3.915,3.904
2020-06-29,518880,黄金ETF,3.91,1527990063.0,390606688.0,3.917,3.917,3.907
2020-06-30,518880,黄金ETF,3.914,2448171936.0,626114822.0,3.909,3.915,3.906
2020-07-01,518880,黄金ETF,3.939,1973363651.0,501693330.0,3.93,3.942,3.926
2020-07-02,518880,黄金ETF,3.903,1877390730.0,480973576.0,3.901,3.908,3.898
2020-07-03,518880,黄金ETF,3.915,1822549750.0,465526388.0,3.917,3.919,3.907
2020-07-06,518880,黄金ETF,3.902,2137196438.0,547256840.0,3.912,3.915,3.898
2020-07-07,518880,黄金ETF,3.911,3731357393.0,954624685.0,3.909,3.913,3.904
2020-07-08,518880,黄金ETF,3.928,2845814813.0,724390201.0,3.929,3.932,3.925
2020-07-09,518880,黄金ETF,3.954,3538580427.0,895031855.0,3.947,3.959,3.945
2020-07-10,518880,黄金ETF,3.926,1875713037.0,476430241.0,3.936,3.943,3.924
2020-07-13,518880,黄金ETF,3.939,2287739230.0,580560314.0,3.938,3.947,3.937
2020-07-14,518880,黄金ETF,3.935,2683461190.0,682105301.0,3.928,3.94,3.928
2020-07-15,518880,黄金ETF,3.94,3177991255.0,805515660.0,3.948,3.956,3.939
2020-07-16,518880,黄金ETF,3.927,1923197858.0,488219614.0,3.939,3.946,3.926
2020-07-17,518880,黄金ETF,3.904,2017444400.0,517308606.0,3.905,3.905,3.892
2020-07-20,518880,黄金ETF,3.925,2415266627.0,616189371.0,3.916,3.926,3.916
2020-07-21,518880,黄金ETF,3.951,2581762851.0,655417603.0,3.941,3.957,3.933
2020-07-22,518880,黄金ETF,4.043,2438544665.0,603547593.0,4.063,4.065,4.03
2020-07-23,518880,黄金ETF,4.066,2010546698.0,495540313.0,4.056,4.069,4.051
2020-07-24,518880,黄金ETF,4.109,2337096290.0,570400997.0,4.084,4.111,4.083
2020-07-27,518880,黄金ETF,4.203,3627208573.0,862364052.0,4.165,4.253,4.162
2020-07-28,518880,黄金ETF,4.198,2879228119.0,679015008.0,4.29,4.29,4.167
2020-07-29,518880,黄金ETF,4.206,2632338684.0,625712417.0,4.222,4.222,4.199
2020-07-30,518880,黄金ETF,4.174,2212740095.0,526293874.0,4.215,4.218,4.157
2020-07-31,518880,黄金ETF,4.216,3672255014.0,877114195.0,4.181,4.22,4.172
2020-08-03,518880,黄金ETF,4.2,2248812666.0,534377030.0,4.212,4.216,4.198
2020-08-04,518880,黄金ETF,4.206,2458616633.0,583612001.0,4.213,4.217,4.201
2020-08-05,518880,黄金ETF,4.32,1895603438.0,441331375.0,4.299,4.327,4.274
2020-08-06,518880,黄金ETF,4.353,2517207317.0,579767957.0,4.333,4.359,4.329
2020-08-07,518880,黄金ETF,4.378,2061162053.0,468888752.0,4.402,4.415,4.315
2020-08-10,518880,黄金ETF,4.349,1499208439.0,345233954.0,4.335,4.357,4.334
2020-08-11,518880,黄金ETF,4.253,2433925089.0,565791572.0,4.323,4.335,4.234
2020-08-12,518880,黄金ETF,3.989,1665711147.0,418444850.0,4.037,4.037,3.958
2020-08-13,518880,黄金ETF,4.054,2504865076.0,617483540.0,4.068,4.07,4.04
2020-08-14,518880,黄金ETF,4.088,2215225271.0,536112482.0,4.142,4.149,4.075
2020-08-17,518880,黄金ETF,4.129,1992328652.0,484646848.0,4.092,4.133,4.086
2020-08-18,518880,黄金ETF,4.225,2141720540.0,507940165.0,4.202,4.234,4.202
2020-08-19,518880,黄金ETF,4.177,2047621355.0,487759444.0,4.217,4.217,4.173
2020-08-20,518880,黄金ETF,4.088,2299308243.0,562662206.0,4.065,4.108,4.048
2020-08-21,518880,黄金ETF,4.091,2127180210.0,520151352.0,4.089,4.1,4.073
2020-08-24,518880,黄金ETF,4.056,1611101953.0,397389412.0,4.042,4.066,4.04
2020-08-25,518880,黄金ETF,4.064,1814616914.0,446088891.0,4.063,4.075,4.055
2020-08-26,518880,黄金ETF,4.059,1450306260.0,356876696.0,4.062,4.074,4.055
2020-08-27,518880,黄金ETF,4.108,2375190679.0,578878757.0,4.102,4.109,4.096
2020-08-28,518880,黄金ETF,4.109,1436103211.0,350491241.0,4.082,4.115,4.081
2020-08-31,518880,黄金ETF,4.123,1651248010.0,399255081.0,4.138,4.144,4.119
2020-09-01,518880,黄金ETF,4.169,2103009938.0,504900595.0,4.149,4.177,4.149
2020-09-02,518880,黄金ETF,4.125,1791382347.0,434122222.0,4.135,4.136,4.12
2020-09-03,518880,黄金ETF,4.053,1787997524.0,438240654.0,4.085,4.104,4.045
2020-09-04,518880,黄金ETF,4.065,1292721954.0,317791904.0,4.062,4.079,4.053
2020-09-07,518880,黄金ETF,4.063,1680162060.0,412305606.0,4.079,4.087,4.056
2020-09-08,518880,黄金ETF,4.066,1767792104.0,435512602.0,4.06,4.076,4.05
2020-09-09,518880,黄金ETF,4.068,1121123635.0,275625175.0,4.061,4.081,4.058
2020-09-10,518880,黄金ETF,4.096,1523254492.0,371404045.0,4.105,4.108,4.091
2020-09-11,518880,黄金ETF,4.087,1769898690.0,433153117.0,4.098,4.103,4.071
2020-09-14,518880,黄金ETF,4.086,1580548330.0,386212419.0,4.088,4.099,4.084
2020-09-15,518880,黄金ETF,4.1,2482483370.0,604989299.0,4.098,4.112,4.092
2020-09-16,518880,黄金ETF,4.088,1286399284.0,315032866.0,4.077,4.093,4.075
2020-09-17,518880,黄金ETF,4.06,2191535195.0,539818128.0,4.077,4.08,4.05
2020-09-18,518880,黄金ETF,4.078,1518793727.0,373054342.0,4.067,4.079,4.064
2020-09-21,518880,黄金ETF,4.078,1100108730.0,269480157.0,4.085,4.09,4.075
2020-09-22,518880,黄金ETF,3.985,1539461641.0,386013831.0,3.978,4.004,3.967
2020-09-23,518880,黄金ETF,3.925,1457738889.0,368209971.0,3.98,3.989,3.911
2020-09-24,518880,黄金ETF,3.881,1402666714.0,359490052.0,3.92,3.924,3.869
2020-09-25,518880,黄金ETF,3.928,1845240922.0,471870023.0,3.902,3.93,3.897
2020-09-28,518880,黄金ETF,3.919,1404661641.0,358361500.0,3.922,3.925,3.914
2020-09-29,518880,黄金ETF,3.972,950252277.0,239432818.0,3.968,3.975,3.95
2020-09-30,518880,黄金ETF,3.974,1110412465.0,279000199.0,3.985,3.989,3.966
2020-10-09,518880,黄金ETF,3.971,984504728.0,247649712.0,3.962,3.986,3.959
2020-10-12,518880,黄金ETF,4.014,1307228925.0,324873753.0,4.019,4.03,4.013
2020-10-13,518880,黄金ETF,4.003,1050152625.0,262227794.0,4.012,4.019,3.995
2020-10-14,518880,黄金ETF,3.958,1562271051.0,396059016.0,3.93,3.958,3.927
2020-10-15,518880,黄金ETF,3.953,1387034383.0,351164952.0,3.948,3.96,3.938
2020-10-16,518880,黄金ETF,3.965,1224776331.0,308477427.0,3.972,3.977,3.962
2020-10-19,518880,黄金ETF,3.968,1711313928.0,432625159.0,3.954,3.974,3.944
2020-10-20,518880,黄金ETF,3.952,1372011223.0,347455216.0,3.954,3.955,3.938
2020-10-21,518880,黄金ETF,3.966,1216953581.0,306367137.0,3.972,3.979,3.963
2020-10-22,518880,黄金ETF,3.97,1732815888.0,437075940.0,3.975,3.975,3.956
2020-10-23,518880,黄金ETF,3.956,1238522037.0,313337378.0,3.953,3.957,3.947
2020-10-26,518880,黄金ETF,3.938,1212541291.0,307890792.0,3.947,3.947,3.926
2020-10-27,518880,黄金ETF,3.972,1266323425.0,318802122.0,3.968,3.976,3.966
2020-10-28,518880,黄金ETF,3.974,908036534.0,228293418.0,3.974,3.985,3.969
2020-10-29,518880,黄金ETF,3.92,1548256267.0,394820038.0,3.913,3.933,3.91
2020-10-30,518880,黄金ETF,3.897,921456436.0,236328450.0,3.906,3.908,3.885
2020-11-02,518880,黄金ETF,3.93,972412865.0,247795993.0,3.914,3.936,3.914
2020-11-03,518880,黄金ETF,3.949,2331227604.0,590569338.0,3.94,3.955,3.939
2020-11-04,518880,黄金ETF,3.967,1714671917.0,432160074.0,3.97,3.976,3.955
2020-11-05,518880,黄金ETF,3.965,1176200697.0,297078914.0,3.951,3.966,3.95
2020-11-06,518880,黄金ETF,4.001,1628712310.0,406735532.0,4.002,4.013,3.99
2020-11-09,518880,黄金ETF,3.99,1607100214.0,400952687.0,4.014,4.016,3.987
2020-11-10,518880,黄金ETF,3.889,1588928815.0,410579874.0,3.854,3.894,3.85
2020-11-11,518880,黄金ETF,3.881,1250667967.0,322929484.0,3.884,3.884,3.866
2020-11-12,518880,黄金ETF,3.873,2551356828.0,658773788.0,3.865,3.879,3.862
2020-11-13,518880,黄金ETF,3.89,1036880207.0,266569483.0,3.887,3.892,3.886
2020-11-16,518880,黄金ETF,3.888,1137282701.0,291587167.0,3.905,3.91,3.885
2020-11-17,518880,黄金ETF,3.881,1568741588.0,403809896.0,3.887,3.891,3.876
2020-11-18,518880,黄金ETF,3.856,1109294090.0,287549900.0,3.861,3.865,3.849
2020-11-19,518880,黄金ETF,3.837,1093145548.0,284481811.0,3.852,3.853,3.828
2020-11-20,518880,黄金ETF,3.843,1108008079.0,288361800.0,3.843,3.849,3.837
2020-11-23,518880,黄金ETF,3.851,1043150410.0,271142677.0,3.851,3.855,3.841
2020-11-24,518880,黄金ETF,3.755,1509340300.0,401833337.0,3.772,3.774,3.746
2020-11-25,518880,黄金ETF,3.714,1658031708.0,446271594.0,3.725,3.727,3.705
2020-11-26,518880,黄金ETF,3.718,1320656115.0,355684435.0,3.717,3.72,3.704
2020-11-27,518880,黄金ETF,3.72,880638294.0,236994013.0,3.716,3.722,3.711
2020-11-30,518880,黄金ETF,3.628,1733729833.0,477956085.0,3.656,3.656,3.604
2020-12-01,518880,黄金ETF,3.653,1224877717.0,335691763.0,3.64,3.661,3.638
2020-12-02,518880,黄金ETF,3.707,1473097771.0,397688813.0,3.7,3.71,3.695
2020-12-03,518880,黄金ETF,3.748,1511482152.0,404160395.0,3.729,3.754,3.722
2020-12-04,518880,黄金ETF,3.754,1258005577.0,335235694.0,3.752,3.764,3.743
2020-12-07,518880,黄金ETF,3.745,1308210845.0,349286903.0,3.738,3.752,3.736
2020-12-08,518880,黄金ETF,3.8,1408387082.0,370686406.0,3.795,3.809,3.79
2020-12-09,518880,黄金ETF,3.778,1098278328.0,289868366.0,3.798,3.802,3.771
2020-12-10,518880,黄金ETF,3.74,1862662039.0,496998867.0,3.746,3.755,3.738
2020-12-11,518880,黄金ETF,3.739,1342644445.0,358736369.0,3.744,3.749,3.731
2020-12-14,518880,黄金ETF,3.74,1363769785.0,364495800.0,3.742,3.747,3.734
2020-12-15,518880,黄金ETF,3.769,695589863.0,185437051.0,3.734,3.77,3.731
2020-12-16,518880,黄金ETF,3.793,747731429.0,197229992.0,3.782,3.801,3.778
2020-12-17,518880,黄金ETF,3.812,1536954598.0,403834402.0,3.799,3.818,3.797
2020-12-18,518880,黄金ETF,3.838,1406286180.0,366577123.0,3.824,3.849,3.824
2020-12-21,518880,黄金ETF,3.879,2152744445.0,554440000.0,3.878,3.897,3.871
2020-12-22,518880,黄金ETF,3.825,1548357712.0,402887720.0,3.84,3.852,3.82
2020-12-23,518880,黄金ETF,3.818,1501470210.0,393032137.0,3.822,3.826,3.811
2020-12-24,518880,黄金ETF,3.832,1338024297.0,348493494.0,3.844,3.847,3.83
2020-12-25,518880,黄金ETF,3.853,1293013857.0,336388657.0,3.834,3.856,3.833
2020-12-28,518880,黄金ETF,3.858,1700536378.0,438746440.0,3.875,3.887,3.827
2020-12-29,518880,黄金ETF,3.837,1447182437.0,376341212.0,3.852,3.856,3.834
2020-12-30,518880,黄金ETF,3.832,629434510.0,164010200.0,3.837,3.845,3.828
2020-12-31,518880,黄金ETF,3.85,1079847303.0,280224200.0,3.867,3.868,3.838
2021-01-04,518880,黄金ETF,3.902,1384874111.0,355073116.0,3.897,3.909,3.894
2021-01-05,518880,黄金ETF,3.92,1630368946.0,415591092.0,3.923,3.93,3.914
2021-01-06,518880,黄金ETF,3.931,1806842663.0,459531490.0,3.931,3.939,3.922
2021-01-07,518880,黄金ETF,3.903,1671592523.0,430233824.0,3.889,3.904,3.875
2021-01-08,518880,黄金ETF,3.878,1057337389.0,272133204.0,3.89,3.894,3.876
2021-01-11,518880,黄金ETF,3.777,1407572011.0,374907646.0,3.73,3.782,3.715
2021-01-12,518880,黄金ETF,3.805,1398000390.0,369051344.0,3.769,3.808,3.767
2021-01-13,518880,黄金ETF,3.797,1438637832.0,378137598.0,3.803,3.815,3.79
2021-01-14,518880,黄金ETF,3.772,1215030480.0,321771322.0,3.796,3.796,3.752
2021-01-15,518880,黄金ETF,3.785,689339096.0,181835403.0,3.792,3.798,3.775
2021-01-18,518880,黄金ETF,3.775,1768802096.0,470611086.0,3.741,3.783,3.739
2021-01-19,518880,黄金ETF,3.779,1172521345.0,310189034.0,3.793,3.793,3.772
2021-01-20,518880,黄金ETF,3.789,1267024864.0,334562054.0,3.79,3.795,3.78
2021-01-21,518880,黄金ETF,3.825,946259824.0,247822500.0,3.813,3.828,3.81
2021-01-22,518880,黄金ETF,3.806,910922954.0,239215760.0,3.811,3.815,3.798
2021-01-25,518880,黄金ETF,3.788,1445368435.0,380377573.0,3.807,3.808,3.785
2021-01-26,518880,黄金ETF,3.799,1108918523.0,291652400.0,3.796,3.811,3.792
2021-01-27,518880,黄金ETF,3.779,1000651681.0,265293791.0,3.777,3.782,3.762
2021-01-28,518880,黄金ETF,3.761,1127119150.0,299275133.0,3.767,3.771,3.759
2021-01-29,518880,黄金ETF,3.778,1392942800.0,369825954.0,3.763,3.784,3.763
2021-02-01,518880,黄金ETF,3.82,1340715966.0,352501600.0,3.778,3.828,3.77
2021-02-02,518880,黄金ETF,3.789,996792743.0,261825405.0,3.815,3.821,3.786
2021-02-03,518880,黄金ETF,3.75,1451000009.0,386374796.0,3.755,3.765,3.745
2021-02-04,518880,黄金ETF,3.723,1123940383.0,302218564.0,3.746,3.746,3.699
2021-02-05,518880,黄金ETF,3.681,618561978.0,168134520.0,3.68,3.686,3.673
2021-02-08,518880,黄金ETF,3.712,711805158.0,192024600.0,3.708,3.715,3.698
2021-02-09,518880,黄金ETF,3.752,726035173.0,193463184.0,3.742,3.759,3.741
2021-02-10,518880,黄金ETF,3.756,603820767.0,160992713.0,3.742,3.762,3.738
2021-02-18,518880,黄金ETF,3.65,1234795893.0,338778500.0,3.645,3.653,3.636
2021-02-19,518880,黄金ETF,3.634,1313616520.0,362058354.0,3.629,3.645,3.616
2021-02-22,518880,黄金ETF,3.675,1238640234.0,337859541.0,3.664,3.685,3.654
2021-02-23,518880,黄金ETF,3.713,1303146354.0,350532338.0,3.704,3.727,3.704
2021-02-24,518880,黄金ETF,3.705,1343808308.0,362548122.0,3.709,3.714,3.7
2021-02-25,518880,黄金ETF,3.67,950092233.0,258382272.0,3.684,3.686,3.664
2021-02-26,518880,黄金ETF,3.613,1300498652.0,357941231.0,3.65,3.65,3.606
2021-03-01,518880,黄金ETF,3.595,1286583453.0,358863084.0,3.572,3.6,3.571
2021-03-02,518880,黄金ETF,3.536,1526297769.0,433414811.0,3.54,3.546,3.503
2021-03-03,518880,黄金ETF,3.549,853055970.0,240128932.0,3.554,3.572,3.545
2021-03-04,518880,黄金ETF,3.514,1437289859.0,409102756.0,3.518,3.521,3.504
2021-03-05,518880,黄金ETF,3.482,1088347996.0,313466415.0,3.467,3.486,3.463
2021-03-08,518880,黄金ETF,3.519,1217141114.0,345212756.0,3.523,3.533,3.517
2021-03-09,518880,黄金ETF,3.506,1445989209.0,414212000.0,3.489,3.509,3.481
2021-03-10,518880,黄金ETF,3.542,1513418801.0,427472785.0,3.547,3.551,3.533
2021-03-11,518880,黄金ETF,3.573,1964267564.0,550041800.0,3.559,3.584,3.557
2021-03-12,518880,黄金ETF,3.524,1096930310.0,309988242.0,3.553,3.554,3.52
2021-03-15,518880,黄金ETF,3.556,1392081734.0,390433971.0,3.573,3.578,3.554
2021-03-16,518880,黄金ETF,3.562,1315369259.0,368423423.0,3.572,3.578,3.562
2021-03-17,518880,黄金ETF,3.577,1010342661.0,282510337.0,3.57,3.581,3.57
2021-03-18,518880,黄金ETF,3.604,892387212.0,247447136.0,3.612,3.615,3.599
2021-03-19,518880,黄金ETF,3.589,614984379.0,171939400.0,3.569,3.599,3.565
2021-03-22,518880,黄金ETF,3.57,948515223.0,264857017.0,3.581,3.594,3.566
2021-03-23,518880,黄金ETF,3.585,1014708511.0,283520118.0,3.571,3.588,3.57
2021-03-24,518880,黄金ETF,3.578,1887042618.0,527171217.0,3.567,3.587,3.567
2021-03-25,518880,黄金ETF,3.589,1004255648.0,279635018.0,3.588,3.603,3.584
2021-03-26,518880,黄金ETF,3.579,1779141353.0,497276168.0,3.581,3.584,3.567
2021-03-29,518880,黄金ETF,3.579,2312764674.0,645461516.0,3.58,3.589,3.576
2021-03-30,518880,黄金ETF,3.536,1093295110.0,308316000.0,3.558,3.558,3.535
2021-03-31,518880,黄金ETF,3.495,1271331379.0,364266332.0,3.501,3.502,3.48
2021-04-01,518880,黄金ETF,3.565,1415114863.0,398255531.0,3.538,3.571,3.538
2021-04-02,518880,黄金ETF,3.612,2155954502.0,597345644.0,3.603,3.615,3.601
2021-04-06,518880,黄金ETF,3.591,1523497410.0,422970881.0,3.607,3.608,3.589
2021-04-07,518880,黄金ETF,3.607,1426930886.0,396376516.0,3.602,3.609,3.595
2021-04-08,518880,黄金ETF,3.614,1305090040.0,361815448.0,3.596,3.624,3.595
2021-04-09,518880,黄金ETF,3.631,1144248473.0,314581000.0,3.641,3.65,3.627
2021-04-12,518880,黄金ETF,3.612,1438493282.0,398812464.0,3.615,3.616,3.597
2021-04-13,518880,黄金ETF,3.575,972256988.0,271051252.0,3.58,3.598,3.574
2021-04-14,518880,黄金ETF,3.615,1033461710.0,286103675.0,3.614,3.617,3.603
2021-04-15,518880,黄金ETF,3.612,1704804786.0,473415942.0,3.598,3.614,3.588
2021-04-16,518880,黄金ETF,3.643,939622723.0,257720225.0,3.645,3.652,3.64
2021-04-19,518880,黄金ETF,3.67,1039667316.0,283146500.0,3.671,3.676,3.666
2021-04-20,518880,黄金ETF,3.635,1265314558.0,347781926.0,3.645,3.647,3.63
2021-04-21,518880,黄金ETF,3.673,1430525039.0,390239100.0,3.657,3.675,3.657
2021-04-22,518880,黄金ETF,3.676,804256034.0,218433400.0,3.683,3.692,3.669
2021-04-23,518880,黄金ETF,3.668,936769755.0,255202900.0,3.672,3.676,3.663
2021-04-26,518880,黄金ETF,3.649,1011748942.0,276853971.0,3.651,3.661,3.644
2021-04-27,518880,黄金ETF,3.653,774231709.0,212101790.0,3.654,3.657,3.641
2021-04-28,518880,黄金ETF,3.632,1332881675.0,366612595.0,3.636,3.641,3.627
2021-04-29,518880,黄金ETF,3.643,1354794401.0,370007824.0,3.664,3.672,3.64
2021-04-30,518880,黄金ETF,3.625,932650616.0,257839200.0,3.623,3.63,3.611
2021-05-06,518880,黄金ETF,3.676,1233893286.0,336101714.0,3.664,3.685,3.662
2021-05-07,518880,黄金ETF,3.717,1606628487.0,432461648.0,3.716,3.724,3.708
2021-05-10,518880,黄金ETF,3.73,1412093325.0,378766578.0,3.724,3.74,3.72
2021-05-11,518880,黄金ETF,3.725,1108051637.0,297097438.0,3.731,3.734,3.724
2021-05-12,518880,黄金ETF,3.732,1247957594.0,335363200.0,3.725,3.734,3.713
2021-05-13,518880,黄金ETF,3.717,969646811.0,261015000.0,3.719,3.722,3.707
2021-05-14,518880,黄金ETF,3.739,1406686740.0,378071694.0,3.719,3.742,3.712
2021-05-17,518880,黄金ETF,3.777,1225562254.0,324302379.0,3.781,3.788,3.772
2021-05-18,518880,黄金ETF,3.802,1424897698.0,374155082.0,3.803,3.817,3.799
2021-05-19,518880,黄金ETF,3.812,1441935746.0,379659785.0,3.795,3.812,3.789
2021-05-20,518880,黄金ETF,3.811,1236567825.0,324058190.0,3.806,3.827,3.794
2021-05-21,518880,黄金ETF,3.816,1092236029.0,286325966.0,3.811,3.823,3.806
2021-05-24,518880,黄金ETF,3.828,1296490117.0,337913234.0,3.836,3.844,3.826
2021-05-25,518880,黄金ETF,3.812,952184318.0,250507065.0,3.79,3.817,3.79
2021-05-26,518880,黄金ETF,3.852,1144307924.0,296758743.0,3.857,3.865,3.842
2021-05-27,518880,黄金ETF,3.829,1357628550.0,354656398.0,3.823,3.838,3.821
2021-05-28,518880,黄金ETF,3.8,1668583770.0,437672154.0,3.825,3.825,3.798
2021-05-31,518880,黄金ETF,3.828,1417762817.0,369707189.0,3.836,3.842,3.826
2021-06-01,518880,黄金ETF,3.853,957227114.0,248864500.0,3.839,3.855,3.838
2021-06-02,518880,黄金ETF,3.793,1332071375.0,349321578.0,3.828,3.83,3.781
2021-06-03,518880,黄金ETF,3.774,1085064404.0,285499585.0,3.802,3.818,3.766
2021-06-04,518880,黄金ETF,3.732,1208354587.0,326454400.0,3.715,3.747,3.674
2021-06-07,518880,黄金ETF,3.757,1592064530.0,423271163.0,3.759,3.77,3.754
2021-06-08,518880,黄金ETF,3.778,1704479283.0,450507301.0,3.799,3.801,3.771
2021-06-09,518880,黄金ETF,3.775,1286885038.0,340664756.0,3.778,3.786,3.771
2021-06-10,518880,黄金ETF,3.764,1346631526.0,357575600.0,3.767,3.781,3.758
2021-06-11,518880,黄金ETF,3.795,1004906044.0,264591163.0,3.795,3.802,3.792
2021-06-15,518880,黄金ETF,3.73,1275122118.0,342636707.0,3.72,3.738,3.705
2021-06-16,518880,黄金ETF,3.729,1228981102.0,330241282.0,3.718,3.734,3.71
2021-06-17,518880,黄金ETF,3.667,1171494563.0,318993292.0,3.673,3.683,3.655
2021-06-18,518880,黄金ETF,3.625,1920013878.0,529165861.0,3.625,3.634,3.622
2021-06-21,518880,黄金ETF,3.628,1392157780.0,384826269.0,3.615,3.631,3.604
2021-06-22,518880,黄金ETF,3.641,1117121211.0,306757942.0,3.642,3.652,3.631
2021-06-23,518880,黄金ETF,3.645,1375792283.0,377651386.0,3.64,3.648,3.637
2021-06-24,518880,黄金ETF,3.628,1708404591.0,470578352.0,3.632,3.636,3.625
2021-06-25,518880,黄金ETF,3.624,1388710891.0,383013696.0,3.623,3.632,3.621
2021-06-28,518880,黄金ETF,3.629,1296370211.0,357891027.0,3.618,3.639,3.609
2021-06-29,518880,黄金ETF,3.616,927030422.0,256189743.0,3.619,3.625,3.614
2021-06-30,518880,黄金ETF,3.584,1253235098.0,349326516.0,3.596,3.596,3.579
2021-07-01,518880,黄金ETF,3.629,827915860.0,228466671.0,3.61,3.635,3.608
2021-07-02,518880,黄金ETF,3.632,1071138887.0,294637663.0,3.64,3.64,3.631
2021-07-05,518880,黄金ETF,3.645,1231073039.0,337826560.0,3.651,3.654,3.635
2021-07-06,518880,黄金ETF,3.679,2289813422.0,624889859.0,3.651,3.679,3.651
2021-07-07,518880,黄金ETF,3.676,2265853357.0,616985605.0,3.676,3.68,3.665
2021-07-08,518880,黄金ETF,3.67,2106907252.0,574165600.0,3.68,3.68,3.664
2021-07-09,518880,黄金ETF,3.68,1589719659.0,431140598.0,3.684,3.696,3.674
2021-07-12,518880,黄金ETF,3.674,1114509380.0,302899521.0,3.691,3.693,3.669
2021-07-13,518880,黄金ETF,3.689,1926948077.0,522369050.0,3.684,3.694,3.679
2021-07-14,518880,黄金ETF,3.692,1758328649.0,475923831.0,3.683,3.7,3.683
2021-07-15,518880,黄金ETF,3.721,1326843711.0,357052302.0,3.715,3.723,3.71
2021-07-16,518880,黄金ETF,3.711,1501665357.0,403966588.0,3.72,3.724,3.708
2021-07-19,518880,黄金ETF,3.679,1347180078.0,364769925.0,3.7,3.702,3.677
2021-07-20,518880,黄金ETF,3.709,1588785812.0,428268087.0,3.705,3.714,3.705
2021-07-21,518880,黄金ETF,3.695,1361224943.0,369242681.0,3.685,3.696,3.679
2021-07-22,518880,黄金ETF,3.667,1452979168.0,396398066.0,3.667,3.67,3.66
2021-07-23,518880,黄金ETF,3.684,1198169654.0,325754067.0,3.675,3.686,3.672
2021-07-26,518880,黄金ETF,3.693,1311213552.0,355305952.0,3.681,3.697,3.681
2021-07-27,518880,黄金ETF,3.662,1112774948.0,303668681.0,3.675,3.675,3.657
2021-07-28,518880,黄金ETF,3.698,1671302750.0,451570685.0,3.695,3.707,3.693
2021-07-29,518880,黄金ETF,3.708,820147761.0,221173600.0,3.714,3.716,3.702
2021-07-30,518880,黄金ETF,3.72,1549951752.0,416687677.0,3.721,3.73,3.711
2021-08-02,518880,黄金ETF,3.68,1407341110.0,382018000.0,3.685,3.689,3.676
2021-08-03,518880,黄金ETF,3.681,1109552592.0,301014702.0,3.682,3.693,3.678
2021-08-04,518880,黄金ETF,3.689,1899518642.0,514598757.0,3.682,3.697,3.682
2021-08-05,518880,黄金ETF,3.685,1522168869.0,412889469.0,3.689,3.691,3.682
2021-08-06,518880,黄金ETF,3.663,1606062042.0,438159591.0,3.666,3.669,3.661
2021-08-09,518880,黄金ETF,3.568,1729498578.0,485830452.0,3.555,3.573,3.544
2021-08-10,518880,黄金ETF,3.552,2228324339.0,627482922.0,3.557,3.557,3.545
2021-08-11,518880,黄金ETF,3.548,1175094769.0,331284592.0,3.542,3.554,3.541
2021-08-12,518880,黄金ETF,3.58,1717961146.0,480300264.0,3.575,3.586,3.571
2021-08-13,518880,黄金ETF,3.591,1441677240.0,401721377.0,3.589,3.595,3.584
2021-08-16,518880,黄金ETF,3.621,1953769924.0,538369542.0,3.635,3.638,3.62
2021-08-17,518880,黄金ETF,3.658,1655925262.0,453896333.0,3.645,3.662,3.641
2021-08-18,518880,黄金ETF,3.66,2067509548.0,565197400.0,3.658,3.663,3.653
2021-08-19,518880,黄金ETF,3.648,1791040682.0,491820573.0,3.653,3.653,3.63
2021-08-20,518880,黄金ETF,3.659,2774159474.0,758849289.0,3.652,3.662,3.649
2021-08-23,518880,黄金ETF,3.652,1638677661.0,448739993.0,3.636,3.66,3.63
2021-08-24,518880,黄金ETF,3.679,1666908092.0,452878635.0,3.677,3.687,3.676
2021-08-25,518880,黄金ETF,3.658,1277274588.0,348770481.0,3.672,3.672,3.657
2021-08-26,518880,黄金ETF,3.645,2463395257.0,674767266.0,3.656,3.656,3.644
2021-08-27,518880,黄金ETF,3.682,1751829009.0,476584828.0,3.665,3.688,3.664
2021-08-30,518880,黄金ETF,3.691,2302467076.0,622631875.0,3.706,3.709,3.689
2021-08-31,518880,黄金ETF,3.69,1737776616.0,470790354.0,3.689,3.697,3.687
2021-09-01,518880,黄金ETF,3.69,1469525072.0,398621636.0,3.69,3.693,3.68
2021-09-02,518880,黄金ETF,3.687,1124702006.0,305116642.0,3.689,3.691,3.681
2021-09-03,518880,黄金ETF,3.687,1351912273.0,366860242.0,3.679,3.692,3.676
2021-09-06,518880,黄金ETF,3.708,1294418408.0,348771430.0,3.71,3.715,3.707
2021-09-07,518880,黄金ETF,3.696,1081060096.0,292054000.0,3.711,3.713,3.689
2021-09-08,518880,黄金ETF,3.653,1603468337.0,438335601.0,3.659,3.668,3.65
2021-09-09,518880,黄金ETF,3.639,737107559.0,202617359.0,3.638,3.642,3.634
2021-09-10,518880,黄金ETF,3.66,1064288439.0,291173448.0,3.647,3.662,3.647
2021-09-13,518880,黄金ETF,3.642,1165052144.0,319974725.0,3.64,3.649,3.631
2021-09-14,518880,黄金ETF,3.646,731140240.0,200556365.0,3.641,3.649,3.641
2021-09-15,518880,黄金ETF,3.659,861822129.0,235085282.0,3.664,3.67,3.658
2021-09-16,518880,黄金ETF,3.628,974333279.0,267860074.0,3.639,3.647,3.621
2021-09-17,518880,黄金ETF,3.592,1063201677.0,296645465.0,3.596,3.596,3.578
2021-09-22,518880,黄金ETF,3.64,844625942.0,232183092.0,3.632,3.642,3.631
2021-09-23,518880,黄金ETF,3.605,1393921126.0,386433859.0,3.612,3.613,3.601
2021-09-24,518880,黄金ETF,3.586,666504848.0,186153013.0,3.578,3.588,3.573
2021-09-27,518880,黄金ETF,3.59,1043751371.0,290208200.0,3.59,3.602,3.59
2021-09-28,518880,黄金ETF,3.562,721863807.0,201780000.0,3.58,3.585,3.559
2021-09-29,518880,黄金ETF,3.557,666402727.0,187317800.0,3.555,3.562,3.551
2021-09-30,518880,黄金ETF,3.543,642361800.0,180952788.0,3.55,3.556,3.542
2021-10-08,518880,黄金ETF,3.587,799387454.0,222845935.0,3.58,3.591,3.58
2021-10-11,518880,黄金ETF,3.573,746336374.0,208413749.0,3.587,3.589,3.57
2021-10-12,518880,黄金ETF,3.591,628021247.0,174994830.0,3.58,3.596,3.58
2021-10-13,518880,黄金ETF,3.59,744943229.0,207587845.0,3.591,3.594,3.583
2021-10-14,518880,黄金ETF,3.636,1179323298.0,324385204.0,3.633,3.641,3.628
2021-10-15,518880,黄金ETF,3.629,656188589.0,180424224.0,3.641,3.645,3.626
2021-10-18,518880,黄金ETF,3.58,1007851010.0,280941978.0,3.591,3.596,3.574
2021-10-19,518880,黄金ETF,3.594,539081475.0,150282621.0,3.584,3.594,3.581
2021-10-20,518880,黄金ETF,3.584,793487767.0,221836965.0,3.574,3.585,3.57
2021-10-21,518880,黄金ETF,3.601,851260072.0,236326000.0,3.596,3.607,3.596
2021-10-22,518880,黄金ETF,3.615,910261834.0,252511743.0,3.601,3.617,3.599
2021-10-25,518880,黄金ETF,3.606,1256765277.0,348142968.0,3.606,3.616,3.603
2021-10-26,518880,黄金ETF,3.621,1011781749.0,279358080.0,3.63,3.63,3.618
2021-10-27,518880,黄金ETF,3.594,919525736.0,256299411.0,3.596,3.596,3.58
2021-10-28,518880,黄金ETF,3.629,1040715297.0,287315374.0,3.61,3.631,3.609
2021-10-29,518880,黄金ETF,3.609,1156059252.0,319884037.0,3.623,3.623,3.608
2021-11-01,518880,黄金ETF,3.594,857363718.0,238186300.0,3.594,3.604,3.592
2021-11-02,518880,黄金ETF,3.617,1164529696.0,322180530.0,3.605,3.623,3.605
2021-11-03,518880,黄金ETF,3.589,1092648577.0,304279399.0,3.6,3.602,3.586
2021-11-04,518880,黄金ETF,3.575,808648031.0,225887788.0,3.581,3.586,3.571
2021-11-05,518880,黄金ETF,3.624,1155982721.0,319276410.0,3.616,3.626,3.616
2021-11-08,518880,黄金ETF,3.66,926583351.0,252680500.0,3.673,3.673,3.656
2021-11-09,518880,黄金ETF,3.671,1266624970.0,345259700.0,3.675,3.676,3.662
2021-11-10,518880,黄金ETF,3.669,891887677.0,242781200.0,3.675,3.679,3.663
2021-11-11,518880,黄金ETF,3.721,1165515332.0,313311834.0,3.716,3.732,3.707
2021-11-12,518880,黄金ETF,3.722,1075628857.0,288738000.0,3.73,3.732,3.72
2021-11-15,518880,黄金ETF,3.716,848513303.0,228239200.0,3.729,3.73,3.709
2021-11-16,518880,黄金ETF,3.732,1072405219.0,287212418.0,3.734,3.741,3.729
2021-11-17,518880,黄金ETF,3.72,1163278870.0,312973560.0,3.717,3.723,3.711
2021-11-18,518880,黄金ETF,3.735,1224640139.0,327373170.0,3.74,3.745,3.735
2021-11-19,518880,黄金ETF,3.73,877801327.0,235021800.0,3.734,3.739,3.727
2021-11-22,518880,黄金ETF,3.696,1436679314.0,387565600.0,3.706,3.711,3.694
2021-11-23,518880,黄金ETF,3.632,1482337249.0,407412765.0,3.651,3.651,3.63
2021-11-24,518880,黄金ETF,3.613,1328951961.0,367865200.0,3.615,3.621,3.606
2021-11-25,518880,黄金ETF,3.611,1208136925.0,334510349.0,3.614,3.616,3.609
2021-11-26,518880,黄金ETF,3.628,1280335682.0,354089769.0,3.613,3.631,3.61
2021-11-29,518880,黄金ETF,3.614,1166983205.0,322855800.0,3.618,3.62,3.61
2021-11-30,518880,黄金ETF,3.605,1186563771.0,329909366.0,3.592,3.608,3.586
2021-12-01,518880,黄金ETF,3.591,1451130564.0,405705090.0,3.572,3.599,3.564
2021-12-02,518880,黄金ETF,3.575,1259215959.0,352135700.0,3.582,3.582,3.569
2021-12-03,518880,黄金ETF,3.566,891271376.0,249891900.0,3.562,3.573,3.56
2021-12-06,518880,黄金ETF,3.592,849851105.0,236670237.0,3.586,3.596,3.585
2021-12-07,518880,黄金ETF,3.584,984390806.0,274841600.0,3.583,3.585,3.579
2021-12-08,518880,黄金ETF,3.589,669566796.0,186472000.0,3.587,3.595,3.587
2021-12-09,518880,黄金ETF,3.575,810432342.0,226660374.0,3.578,3.58,3.571
2021-12-10,518880,黄金ETF,3.565,974999087.0,272778000.0,3.581,3.584,3.56
2021-12-13,518880,黄金ETF,3.585,982251741.0,273775618.0,3.586,3.593,3.582
2021-12-14,518880,黄金ETF,3.588,1094635906.0,304986698.0,3.592,3.593,3.586
2021-12-15,518880,黄金ETF,3.552,853686628.0,239983515.0,3.562,3.563,3.55
2021-12-16,518880,黄金ETF,3.584,725746562.0,202661097.0,3.573,3.585,3.573
2021-12-17,518880,黄金ETF,3.629,1081658801.0,298570583.0,3.615,3.632,3.614
2021-12-20,518880,黄金ETF,3.624,966529230.0,266726000.0,3.623,3.627,3.619
2021-12-21,518880,黄金ETF,3.599,815435714.0,226390000.0,3.602,3.605,3.595
2021-12-22,518880,黄金ETF,3.591,633529670.0,176221517.0,3.596,3.599,3.59
2021-12-23,518880,黄金ETF,3.627,696918679.0,192107941.0,3.62,3.632,3.62
2021-12-24,518880,黄金ETF,3.633,701001557.0,192910057.0,3.636,3.64,3.629
2021-12-27,518880,黄金ETF,3.63,644955890.0,177521800.0,3.636,3.636,3.628
2021-12-28,518880,黄金ETF,3.642,586428641.0,161402347.0,3.63,3.642,3.628
2021-12-29,518880,黄金ETF,3.625,645735255.0,178113536.0,3.619,3.629,3.618
2021-12-30,518880,黄金ETF,3.606,1281464608.0,354473601.0,3.618,3.621,3.604
2021-12-31,518880,黄金ETF,3.643,1003120297.0,275290087.0,3.647,3.648,3.639
2022-01-04,518880,黄金ETF,3.62,590220399.0,163067624.0,3.618,3.623,3.615
2022-01-05,518880,黄金ETF,3.635,522483398.0,143567100.0,3.632,3.643,3.632
2022-01-06,518880,黄金ETF,3.614,587181973.0,162047300.0,3.627,3.631,3.607
2022-01-07,518880,黄金ETF,3.592,433876453.0,120621369.0,3.598,3.601,3.59
2022-01-10,518880,黄金ETF,3.599,501908315.0,139284806.0,3.6,3.607,3.599
2022-01-11,518880,黄金ETF,3.629,450348752.0,124147668.0,3.626,3.633,3.623
2022-01-12,518880,黄金ETF,3.646,445934824.0,122301095.0,3.649,3.65,3.644
2022-01-13,518880,黄金ETF,3.654,489518934.0,133997100.0,3.651,3.658,3.649
2022-01-14,518880,黄金ETF,3.65,361495689.0,98995393.0,3.647,3.656,3.646
2022-01-17,518880,黄金ETF,3.635,542157342.0,149243782.0,3.635,3.636,3.626
2022-01-18,518880,黄金ETF,3.629,484804485.0,133472909.0,3.641,3.641,3.625
2022-01-19,518880,黄金ETF,3.625,590819654.0,162965165.0,3.627,3.628,3.62
2022-01-20,518880,黄金ETF,3.674,651579171.0,177327441.0,3.678,3.682,3.668
2022-01-21,518880,黄金ETF,3.672,713400269.0,194282853.0,3.669,3.677,3.667
2022-01-24,518880,黄金ETF,3.662,797020644.0,217755431.0,3.66,3.665,3.655
2022-01-25,518880,黄金ETF,3.671,751695582.0,204852336.0,3.669,3.674,3.666
2022-01-26,518880,黄金ETF,3.674,485025214.0,131895068.0,3.675,3.68,3.674
2022-01-27,518880,黄金ETF,3.606,597667929.0,165263262.0,3.622,3.624,3.604
2022-01-28,518880,黄金ETF,3.594,355395837.0,98904200.0,3.592,3.596,3.591
2022-02-07,518880,黄金ETF,3.62,422007429.0,116637200.0,3.62,3.623,3.612
2022-02-08,518880,黄金ETF,3.641,589998904.0,161988818.0,3.639,3.648,3.637
2022-02-09,518880,黄金ETF,3.658,554867129.0,151799340.0,3.653,3.659,3.652
2022-02-10,518880,黄金ETF,3.665,306826813.0,83670000.0,3.668,3.67,3.664
2022-02-11,518880,黄金ETF,3.645,615148777.0,168617110.0,3.654,3.654,3.642
2022-02-14,518880,黄金ETF,3.705,688854304.0,185670281.0,3.714,3.718,3.701
2022-02-15,518880,黄金ETF,3.742,868673704.0,232302618.0,3.73,3.746,3.73
2022-02-16,518880,黄金ETF,3.692,830411160.0,225182464.0,3.694,3.694,3.682
2022-02-17,518880,黄金ETF,3.726,1060980266.0,285144387.0,3.712,3.732,3.712
2022-02-18,518880,黄金ETF,3.76,921248665.0,245070028.0,3.771,3.771,3.752
2022-02-21,518880,黄金ETF,3.754,808751622.0,215087201.0,3.763,3.768,3.752
2022-02-22,518880,黄金ETF,3.801,916863540.0,241422601.0,3.792,3.805,3.789
2022-02-23,518880,黄金ETF,3.772,1125846988.0,298416867.0,3.783,3.783,3.767
2022-02-24,518880,黄金ETF,3.853,1394901592.0,364223522.0,3.795,3.866,3.794
2022-02-25,518880,黄金ETF,3.807,889595869.0,234336700.0,3.8,3.809,3.766
2022-02-28,518880,黄金ETF,3.787,603401298.0,159146600.0,3.798,3.8,3.783
2022-03-01,518880,黄金ETF,3.786,877013796.0,232114964.0,3.777,3.788,3.771
2022-03-02,518880,黄金ETF,3.837,1229829580.0,320705582.0,3.826,3.845,3.825
2022-03-03,518880,黄金ETF,3.827,1203611886.0,314608408.0,3.83,3.831,3.817
2022-03-04,518880,黄金ETF,3.841,1088923498.0,283183031.0,3.85,3.853,3.832
2022-03-07,518880,黄金ETF,3.926,1346645675.0,341822364.0,3.937,3.956,3.913
2022-03-08,518880,黄金ETF,4.015,1524311571.0,386479669.0,3.927,4.019,3.917
2022-03-09,518880,黄金ETF,4.061,1490473585.0,367258560.0,4.046,4.077,4.036
2022-03-10,518880,黄金ETF,3.931,1230706252.0,314022700.0,3.89,3.941,3.89
2022-03-11,518880,黄金ETF,3.937,717367561.0,181779899.0,3.945,3.961,3.928
2022-03-14,518880,黄金ETF,3.917,739341119.0,188426317.0,3.921,3.932,3.913
2022-03-15,518880,黄金ETF,3.832,988903524.0,256618024.0,3.878,3.878,3.822
2022-03-16,518880,黄金ETF,3.796,1133492051.0,297481656.0,3.824,3.825,3.792
2022-03-17,518880,黄金ETF,3.845,812283931.0,211411177.0,3.83,3.85,3.829
2022-03-18,518880,黄金ETF,3.851,448801145.0,116514355.0,3.86,3.866,3.842
2022-03-21,518880,黄金ETF,3.841,657492062.0,171004224.0,3.839,3.852,3.834
2022-03-22,518880,黄金ETF,3.866,863009022.0,223265700.0,3.854,3.874,3.852
2022-03-23,518880,黄金ETF,3.835,1440047526.0,374845795.0,3.841,3.85,3.832
2022-03-24,518880,黄金ETF,3.88,702307836.0,180855959.0,3.885,3.889,3.876
2022-03-25,518880,黄金ETF,3.907,922453245.0,235874900.0,3.912,3.919,3.902
2022-03-28,518880,黄金ETF,3.872,923654954.0,237784601.0,3.906,3.907,3.868
2022-03-29,518880,黄金ETF,3.849,962864157.0,249956995.0,3.86,3.86,3.844
2022-03-30,518880,黄金ETF,3.839,742055510.0,193177200.0,3.84,3.846,3.835
2022-03-31,518880,黄金ETF,3.833,674986940.0,176016491.0,3.843,3.843,3.818
2022-04-01,518880,黄金ETF,3.853,630965155.0,163585500.0,3.85,3.863,3.85
2022-04-06,518880,黄金ETF,3.836,638630815.0,166225673.0,3.842,3.85,3.834
2022-04-07,518880,黄金ETF,3.843,645420780.0,168092015.0,3.838,3.846,3.834
2022-04-08,518880,黄金ETF,3.852,670661880.0,173932900.0,3.858,3.861,3.848
2022-04-11,518880,黄金ETF,3.886,762718064.0,196275443.0,3.885,3.892,3.88
2022-04-12,518880,黄金ETF,3.908,859327671.0,219834179.0,3.901,3.915,3.9
2022-04-13,518880,黄金ETF,3.926,723496734.0,184344400.0,3.914,3.931,3.914
2022-04-14,518880,黄金ETF,3.931,692445520.0,175901500.0,3.94,3.944,3.927
2022-04-15,518880,黄金ETF,3.944,595736486.0,151036270.0,3.938,3.949,3.938
2022-04-18,518880,黄金ETF,3.967,546450391.0,137961700.0,3.963,3.969,3.955
2022-04-19,518880,黄金ETF,3.936,410136103.0,104123756.0,3.939,3.945,3.932
2022-04-20,518880,黄金ETF,3.886,674023304.0,173160114.0,3.897,3.901,3.88
2022-04-21,518880,黄金ETF,3.937,681937235.0,173564458.0,3.921,3.939,3.918
2022-04-22,518880,黄金ETF,3.951,1000970316.0,253770904.0,3.941,3.954,3.939
2022-04-25,518880,黄金ETF,3.924,1457212317.0,371125820.0,3.924,3.941,3.914
2022-04-26,518880,黄金ETF,3.89,990222256.0,254565055.0,3.896,3.9,3.877
2022-04-27,518880,黄金ETF,3.892,1287676774.0,330541345.0,3.899,3.902,3.889
2022-04-28,518880,黄金ETF,3.89,1085273232.0,280239957.0,3.871,3.891,3.864
2022-04-29,518880,黄金ETF,3.942,946981014.0,239995300.0,3.937,3.955,3.93
2022-05-05,518880,黄金ETF,3.929,755654254.0,192314400.0,3.926,3.935,3.921
2022-05-06,518880,黄金ETF,3.922,823344680.0,210059170.0,3.9,3.927,3.898
2022-05-09,518880,黄金ETF,3.939,624445504.0,158490851.0,3.942,3.945,3.937
2022-05-10,518880,黄金ETF,3.91,700705468.0,179023279.0,3.919,3.924,3.908
2022-05-11,518880,黄金ETF,3.89,781925393.0,201552355.0,3.873,3.893,3.869
2022-05-12,518880,黄金ETF,3.928,733700807.0,186890046.0,3.919,3.934,3.919
2022-05-13,518880,黄金ETF,3.888,716399110.0,184164500.0,3.886,3.896,3.881
2022-05-16,518880,黄金ETF,3.851,772800195.0,200348259.0,3.877,3.88,3.845
2022-05-17,518880,黄金ETF,3.877,817720260.0,210931100.0,3.872,3.882,3.868
2022-05-18,518880,黄金ETF,3.836,734322831.0,191304042.0,3.841,3.844,3.834
2022-05-19,518880,黄金ETF,3.85,610140238.0,158353426.0,3.852,3.858,3.849
2022-05-20,518880,黄金ETF,3.872,701382437.0,181047035.0,3.87,3.88,3.87
2022-05-23,518880,黄金ETF,3.875,626272890.0,161297529.0,3.875,3.891,3.872
2022-05-24,518880,黄金ETF,3.882,603302252.0,155689985.0,3.872,3.885,3.869
2022-05-25,518880,黄金ETF,3.887,464405516.0,119309785.0,3.892,3.897,3.886
2022-05-26,518880,黄金ETF,3.901,504294169.0,129415167.0,3.888,3.902,3.888
2022-05-27,518880,黄金ETF,3.917,683884638.0,174719930.0,3.913,3.918,3.91
2022-05-30,518880,黄金ETF,3.885,849343225.0,218520508.0,3.893,3.893,3.884
2022-05-31,518880,黄金ETF,3.877,526300812.0,135881276.0,3.873,3.877,3.867
2022-06-01,518880,黄金ETF,3.852,458219241.0,118963872.0,3.846,3.857,3.846
2022-06-02,518880,黄金ETF,3.877,522724698.0,134781800.0,3.876,3.884,3.873
2022-06-06,518880,黄金ETF,3.869,455615763.0,117723937.0,3.867,3.875,3.863
2022-06-07,518880,黄金ETF,3.854,579922086.0,150508515.0,3.85,3.856,3.848
2022-06-08,518880,黄金ETF,3.872,497175656.0,128456178.0,3.87,3.874,3.868
2022-06-09,518880,黄金ETF,3.881,699855511.0,180125354.0,3.891,3.895,3.877
2022-06-10,518880,黄金ETF,3.865,731082245.0,188874357.0,3.87,3.879,3.863
2022-06-13,518880,黄金ETF,3.926,1246798512.0,317274961.0,3.94,3.942,3.924
2022-06-14,518880,黄金ETF,3.855,986933474.0,255850200.0,3.865,3.866,3.85
2022-06-15,518880,黄金ETF,3.834,1647936924.0,430053450.0,3.832,3.838,3.827
2022-06-16,518880,黄金ETF,3.846,736533348.0,191517374.0,3.843,3.851,3.841
2022-06-17,518880,黄金ETF,3.874,733751308.0,189496605.0,3.869,3.877,3.868
2022-06-20,518880,黄金ETF,3.858,710292294.0,183926034.0,3.868,3.869,3.856
2022-06-21,518880,黄金ETF,3.852,650693391.0,168699872.0,3.859,3.86,3.85
2022-06-22,518880,黄金ETF,3.849,620251404.0,161128219.0,3.847,3.853,3.845
2022-06-23,518880,黄金ETF,3.854,524129094.0,135935758.0,3.859,3.861,3.851
2022-06-24,518880,黄金ETF,3.827,656360015.0,171397556.0,3.822,3.834,3.821
2022-06-27,518880,黄金ETF,3.853,558673573.0,145101544.0,3.842,3.854,3.841
2022-06-28,518880,黄金ETF,3.832,913466938.0,238235279.0,3.835,3.838,3.83
2022-06-29,518880,黄金ETF,3.821,937301479.0,244846020.0,3.83,3.835,3.82
2022-06-30,518880,黄金ETF,3.818,581324081.0,152217148.0,3.827,3.828,3.813
2022-07-01,518880,黄金ETF,3.784,1002000348.0,264339488.0,3.798,3.799,3.779
2022-07-04,518880,黄金ETF,3.801,680982678.0,179216799.0,3.794,3.81,3.793
2022-07-05,518880,黄金ETF,3.797,596996203.0,157148116.0,3.799,3.802,3.795
2022-07-06,518880,黄金ETF,3.725,669359602.0,179720845.0,3.733,3.733,3.714
2022-07-07,518880,黄金ETF,3.676,794797013.0,216459815.0,3.68,3.68,3.663
2022-07-08,518880,黄金ETF,3.669,1075873589.0,293402592.0,3.67,3.672,3.663
2022-07-11,518880,黄金ETF,3.669,455953454.0,124299200.0,3.665,3.672,3.662
2022-07-12,518880,黄金ETF,3.668,708040170.0,193139600.0,3.654,3.692,3.653
2022-07-13,518880,黄金ETF,3.646,780651218.0,213841300.0,3.654,3.66,3.642
2022-07-14,518880,黄金ETF,3.647,600571616.0,164249600.0,3.659,3.663,3.646
2022-07-15,518880,黄金ETF,3.622,668711996.0,184145736.0,3.635,3.639,3.615
2022-07-18,518880,黄金ETF,3.635,701435234.0,192858639.0,3.636,3.641,3.631
2022-07-19,518880,黄金ETF,3.627,580981995.0,160233113.0,3.623,3.631,3.619
2022-07-20,518880,黄金ETF,3.628,478943895.0,131900600.0,3.628,3.637,3.626
2022-07-21,518880,黄金ETF,3.599,772389526.0,214374500.0,3.605,3.607,3.596
2022-07-22,518880,黄金ETF,3.65,485574126.0,133138540.0,3.647,3.652,3.642
2022-07-25,518880,黄金ETF,3.663,530843923.0,144963879.0,3.656,3.668,3.654
2022-07-26,518880,黄金ETF,3.668,507706264.0,138564444.0,3.663,3.67,3.66
2022-07-27,518880,黄金ETF,3.659,501065043.0,136957100.0,3.66,3.662,3.654
2022-07-28,518880,黄金ETF,3.697,934185395.0,253315800.0,3.691,3.698,3.679
2022-07-29,518880,黄金ETF,3.749,714203179.0,191201798.0,3.724,3.753,3.721
2022-08-01,518880,黄金ETF,3.743,761373879.0,203393000.0,3.747,3.752,3.736
2022-08-02,518880,黄金ETF,3.773,1192801548.0,315722387.0,3.79,3.791,3.769
2022-08-03,518880,黄金ETF,3.759,847491711.0,226160220.0,3.741,3.76,3.733
2022-08-04,518880,黄金ETF,3.76,789779391.0,210209880.0,3.752,3.768,3.75
2022-08-05,518880,黄金ETF,3.79,600781852.0,158538600.0,3.789,3.794,3.785
2022-08-08,518880,黄金ETF,3.769,518815793.0,137713029.0,3.761,3.772,3.761
2022-08-09,518880,黄金ETF,3.786,408057468.0,107716691.0,3.786,3.792,3.784
2022-08-10,518880,黄金ETF,3.794,546752786.0,143863637.0,3.797,3.808,3.793
2022-08-11,518880,黄金ETF,3.777,552607061.0,146216385.0,3.784,3.786,3.772
2022-08-12,518880,黄金ETF,3.795,395970252.0,104551489.0,3.783,3.796,3.782
2022-08-15,518880,黄金ETF,3.799,1127626640.0,296205400.0,3.806,3.812,3.798
2022-08-16,518880,黄金ETF,3.796,1020570638.0,268964600.0,3.789,3.797,3.786
2022-08-17,518880,黄金ETF,3.779,949524984.0,250923400.0,3.783,3.79,3.778
2022-08-18,518880,黄金ETF,3.761,412890947.0,109743800.0,3.762,3.767,3.759
2022-08-19,518880,黄金ETF,3.761,474480701.0,126242000.0,3.756,3.762,3.753
2022-08-22,518880,黄金ETF,3.753,369696268.0,98478600.0,3.753,3.757,3.75
2022-08-23,518880,黄金ETF,3.763,345238519.0,91785923.0,3.76,3.768,3.757
2022-08-24,518880,黄金ETF,3.787,548011658.0,144976819.0,3.774,3.801,3.773
2022-08-25,518880,黄金ETF,3.797,609697400.0,160622257.0,3.795,3.8,3.793
2022-08-26,518880,黄金ETF,3.798,670130630.0,176740800.0,3.795,3.801,3.787
2022-08-29,518880,黄金ETF,3.767,587583183.0,156036900.0,3.755,3.77,3.755
2022-08-30,518880,黄金ETF,3.783,542323421.0,143143600.0,3.784,3.795,3.782
2022-08-31,518880,黄金ETF,3.758,535409590.0,142313800.0,3.769,3.769,3.757
2022-09-01,518880,黄金ETF,3.73,605663173.0,162315708.0,3.737,3.739,3.724
2022-09-02,518880,黄金ETF,3.726,667006393.0,179225700.0,3.72,3.729,3.717
2022-09-05,518880,黄金ETF,3.765,707051694.0,188072400.0,3.75,3.77,3.749
2022-09-06,518880,黄金ETF,3.784,585441847.0,154942000.0,3.776,3.786,3.771
2022-09-07,518880,黄金ETF,3.759,792719506.0,210965700.0,3.754,3.765,3.751
2022-09-08,518880,黄金ETF,3.79,1188024146.0,313698400.0,3.786,3.792,3.782
2022-09-09,518880,黄金ETF,3.785,993434847.0,262640300.0,3.78,3.786,3.777
2022-09-13,518880,黄金ETF,3.787,987535921.0,260943300.0,3.782,3.792,3.781
2022-09-14,518880,黄金ETF,3.76,1050294440.0,279238622.0,3.766,3.767,3.757
2022-09-15,518880,黄金ETF,3.744,813545716.0,216886714.0,3.752,3.757,3.742
2022-09-16,518880,黄金ETF,3.728,943067961.0,252720700.0,3.728,3.738,3.726
2022-09-19,518880,黄金ETF,3.741,797722957.0,213258455.0,3.738,3.748,3.736
2022-09-20,518880,黄金ETF,3.754,861292347.0,229400100.0,3.759,3.762,3.75
2022-09-21,518880,黄金ETF,3.759,765835702.0,204123300.0,3.75,3.766,3.745
2022-09-22,518880,黄金ETF,3.753,746582079.0,198953800.0,3.752,3.757,3.75
2022-09-23,518880,黄金ETF,3.77,885326283.0,234852951.0,3.769,3.774,3.767
2022-09-26,518880,黄金ETF,3.736,831004420.0,222395000.0,3.738,3.743,3.729
2022-09-27,518880,黄金ETF,3.746,624669747.0,167062700.0,3.732,3.746,3.73
2022-09-28,518880,黄金ETF,3.751,854289822.0,227618900.0,3.743,3.757,3.743
2022-09-29,518880,黄金ETF,3.78,946394475.0,250453800.0,3.779,3.785,3.765
2022-09-30,518880,黄金ETF,3.783,823691239.0,217834700.0,3.781,3.786,3.775
2022-10-10,518880,黄金ETF,3.81,907727304.0,237453900.0,3.833,3.836,3.808
2022-10-11,518880,黄金ETF,3.802,1034999655.0,272012233.0,3.804,3.809,3.801
2022-10-12,518880,黄金ETF,3.812,770109420.0,202373100.0,3.802,3.812,3.798
2022-10-13,518880,黄金ETF,3.817,680207601.0,178266200.0,3.814,3.818,3.813
2022-10-14,518880,黄金ETF,3.813,877507714.0,230425800.0,3.804,3.816,3.8
2022-10-17,518880,黄金ETF,3.792,697922881.0,183920500.0,3.8,3.801,3.789
2022-10-18,518880,黄金ETF,3.802,807160717.0,212317500.0,3.796,3.812,3.795
2022-10-19,518880,黄金ETF,3.793,923635446.0,242993100.0,3.799,3.805,3.791
2022-10-20,518880,黄金ETF,3.775,1106287598.0,292783100.0,3.775,3.787,3.773
2022-10-21,518880,黄金ETF,3.771,1023928751.0,271264900.0,3.779,3.784,3.766
2022-10-24,518880,黄金ETF,3.82,1022118293.0,267713153.0,3.815,3.823,3.812
2022-10-25,518880,黄金ETF,3.827,1080066123.0,281999400.0,3.832,3.834,3.827
2022-10-26,518880,黄金ETF,3.824,1202773295.0,314225900.0,3.827,3.831,3.823
2022-10-27,518880,黄金ETF,3.817,1724780662.0,452084600.0,3.814,3.822,3.809
2022-10-28,518880,黄金ETF,3.82,2046052046.0,534903075.0,3.822,3.829,3.818
2022-10-31,518880,黄金ETF,3.807,1294057272.0,340200400.0,3.807,3.809,3.797
2022-11-01,518880,黄金ETF,3.81,1376137542.0,361284000.0,3.808,3.814,3.8
2022-11-02,518880,黄金ETF,3.817,1518567384.0,397623402.0,3.816,3.831,3.816
2022-11-03,518880,黄金ETF,3.805,1498865220.0,393613900.0,3.807,3.812,3.805
2022-11-04,518880,黄金ETF,3.804,1366887158.0,359202400.0,3.805,3.81,3.801
2022-11-07,518880,黄金ETF,3.832,1723707397.0,449914000.0,3.834,3.838,3.826
2022-11-08,518880,黄金ETF,3.839,1779457951.0,463157600.0,3.834,3.846,3.832
2022-11-09,518880,黄金ETF,3.945,1637157221.0,417575081.0,3.903,3.985,3.903
2022-11-10,518880,黄金ETF,3.925,1536278713.0,391211700.0,3.937,3.937,3.918
2022-11-11,518880,黄金ETF,3.952,1553388366.0,391296300.0,3.977,3.981,3.95
2022-11-14,518880,黄金ETF,3.913,1358824147.0,345901701.0,3.948,3.948,3.912
2022-11-15,518880,黄金ETF,3.933,1243779606.0,316056800.0,3.927,3.94,3.927
2022-11-16,518880,黄金ETF,3.954,1447049009.0,366183700.0,3.944,3.959,3.944
2022-11-17,518880,黄金ETF,3.958,1219591111.0,308224800.0,3.954,3.965,3.95
2022-11-18,518880,黄金ETF,3.952,1318537482.0,333308600.0,3.953,3.964,3.949
2022-11-21,518880,黄金ETF,3.936,1274007701.0,323931300.0,3.929,3.937,3.921
2022-11-22,518880,黄金ETF,3.932,1232947472.0,313508900.0,3.936,3.94,3.928
2022-11-23,518880,黄金ETF,3.932,1101650545.0,280276300.0,3.93,3.933,3.927
2022-11-24,518880,黄金ETF,3.947,1444179584.0,365339600.0,3.955,3.958,3.947
2022-11-25,518880,黄金ETF,3.959,1195000701.0,301636100.0,3.96,3.966,3.955
2022-11-28,518880,黄金ETF,3.962,983066415.0,247936603.0,3.974,3.977,3.958
2022-11-29,518880,黄金ETF,3.951,1133596759.0,286795300.0,3.95,3.959,3.946
2022-11-30,518880,黄金ETF,3.944,1315549571.0,333646100.0,3.945,3.947,3.938
2022-12-01,518880,黄金ETF,3.956,1109203744.0,281014100.0,3.945,3.958,3.939
2022-12-02,518880,黄金ETF,3.979,979958404.0,246374800.0,3.976,3.982,3.972
2022-12-05,518880,黄金ETF,3.94,911600549.0,230605100.0,3.968,3.969,3.938
2022-12-06,518880,黄金ETF,3.898,1210251288.0,310295605.0,3.905,3.906,3.894
2022-12-07,518880,黄金ETF,3.898,664393619.0,170425000.0,3.9,3.902,3.894
2022-12-08,518880,黄金ETF,3.91,878765834.0,224801500.0,3.907,3.913,3.904
2022-12-09,518880,黄金ETF,3.924,597512038.0,152279825.0,3.918,3.931,3.917
2022-12-12,518880,黄金ETF,3.921,659318253.0,167930700.0,3.933,3.934,3.918
2022-12-13,518880,黄金ETF,3.924,534135948.0,136218500.0,3.919,3.925,3.917
2022-12-14,518880,黄金ETF,3.963,1062618978.0,268257634.0,3.965,3.968,3.956
2022-12-15,518880,黄金ETF,3.933,632382275.0,160851000.0,3.943,3.948,3.926
2022-12-16,518880,黄金ETF,3.915,529121028.0,135351900.0,3.91,3.917,3.904
2022-12-19,518880,黄金ETF,3.942,538965204.0,136708100.0,3.933,3.95,3.932
2022-12-20,518880,黄金ETF,3.943,713171102.0,181134400.0,3.936,3.946,3.93
2022-12-21,518880,黄金ETF,3.981,671186285.0,168582800.0,3.991,3.991,3.973
2022-12-22,518880,黄金ETF,3.981,592297837.0,148590600.0,3.987,3.992,3.978
2022-12-23,518880,黄金ETF,3.948,732903603.0,185656000.0,3.952,3.957,3.942
2022-12-26,518880,黄金ETF,3.953,960345233.0,243020300.0,3.95,3.957,3.95
2022-12-27,518880,黄金ETF,3.963,686705270.0,173666300.0,3.951,3.964,3.945
2022-12-28,518880,黄金ETF,3.966,622152522.0,156525000.0,3.978,3.985,3.964
2022-12-29,518880,黄金ETF,3.96,490936957.0,123708477.0,3.97,3.974,3.96
2022-12-30,518880,黄金ETF,3.986,539947546.0,135712938.0,3.97,3.987,3.97
2023-01-03,518880,黄金ETF,3.987,618722102.0,155397400.0,3.983,3.987,3.972
2023-01-04,518880,黄金ETF,4.002,656972571.0,164148900.0,4.0,4.006,3.998
2023-01-05,518880,黄金ETF,4.001,815712507.0,203236600.0,4.016,4.024,3.999
2023-01-06,518880,黄金ETF,3.972,703421406.0,177023500.0,3.97,3.978,3.969
2023-01-09,518880,黄金ETF,4.015,862273144.0,214612250.0,4.016,4.022,4.014
2023-01-10,518880,黄金ETF,4.013,648856765.0,161860700.0,4.003,4.015,4.003
2023-01-11,518880,黄金ETF,4.025,780670518.0,194267934.0,4.017,4.027,4.013
2023-01-12,518880,黄金ETF,4.019,881238449.0,219326000.0,4.013,4.023,4.008
2023-01-13,518880,黄金ETF,4.027,547805631.0,136051600.0,4.024,4.029,4.022
2023-01-16,518880,黄金ETF,4.05,822812774.0,202729200.0,4.058,4.068,4.047
2023-01-17,518880,黄金ETF,4.066,716584799.0,176160800.0,4.07,4.073,4.062
2023-01-18,518880,黄金ETF,4.056,662708919.0,163158859.0,4.07,4.073,4.044
2023-01-19,518880,黄金ETF,4.068,513311285.0,126350500.0,4.051,4.072,4.051
2023-01-20,518880,黄金ETF,4.101,617324548.0,150526000.0,4.1,4.112,4.09
2023-01-30,518880,黄金ETF,4.096,979751736.0,239566400.0,4.09,4.099,4.083
2023-01-31,518880,黄金ETF,4.069,763275873.0,186889100.0,4.087,4.091,4.065
2023-02-01,518880,黄金ETF,4.091,616583968.0,150758700.0,4.084,4.094,4.084
2023-02-02,518880,黄金ETF,4.125,689717945.0,167182268.0,4.124,4.13,4.122
2023-02-03,518880,黄金ETF,4.071,551141130.0,135288800.0,4.079,4.079,4.068
2023-02-06,518880,黄金ETF,4.018,778713453.0,193785100.0,4.021,4.03,4.012
2023-02-07,518880,黄金ETF,4.01,627177885.0,156359600.0,4.01,4.018,4.009
2023-02-08,518880,黄金ETF,4.01,426939198.0,106461500.0,4.01,4.014,4.007
2023-02-09,518880,黄金ETF,4.019,664295300.0,165382978.0,4.01,4.021,4.008
2023-02-10,518880,黄金ETF,3.993,816166433.0,204513400.0,3.997,3.997,3.985
2023-02-13,518880,黄金ETF,4.018,750539712.0,187026800.0,4.03,4.031,4.005
2023-02-14,518880,黄金ETF,4.015,552222541.0,137901800.0,3.999,4.017,3.998
2023-02-15,518880,黄金ETF,4.002,657293038.0,163848200.0,4.017,4.023,3.999
2023-02-16,518880,黄金ETF,4.001,586003984.0,146516300.0,3.995,4.003,3.995
2023-02-17,518880,黄金ETF,3.992,783034882.0,196060100.0,3.999,4.001,3.988
2023-02-20,518880,黄金ETF,4.01,647993709.0,161505687.0,4.008,4.015,4.008
2023-02-21,518880,黄金ETF,4.005,695607435.0,173510400.0,4.01,4.013,4.004
2023-02-22,518880,黄金ETF,4.017,532824295.0,132688623.0,4.011,4.018,4.011
2023-02-23,518880,黄金ETF,4.008,550202560.0,137331573.0,4.007,4.009,4.003
2023-02-24,518880,黄金ETF,4.021,718671778.0,178816500.0,4.013,4.025,4.013
2023-02-27,518880,黄金ETF,4.01,677567593.0,168817700.0,4.02,4.02,4.009
2023-02-28,518880,黄金ETF,4.015,520780043.0,129643797.0,4.017,4.02,4.013
2023-03-01,518880,黄金ETF,4.029,795595333.0,197570078.0,4.029,4.031,4.024
2023-03-02,518880,黄金ETF,4.026,820264186.0,203963400.0,4.02,4.027,4.017
2023-03-03,518880,黄金ETF,4.044,700113604.0,173339100.0,4.038,4.045,4.035
2023-03-06,518880,黄金ETF,4.071,725459396.0,178253600.0,4.063,4.074,4.063
2023-03-07,518880,黄金ETF,4.076,988711669.0,242524100.0,4.072,4.079,4.068
2023-03-08,518880,黄金ETF,4.033,733466707.0,181814410.0,4.032,4.037,4.029
2023-03-09,518880,黄金ETF,4.033,627389868.0,155499600.0,4.032,4.038,4.031
2023-03-10,518880,黄金ETF,4.061,1010584223.0,249049800.0,4.059,4.062,4.051
2023-03-13,518880,黄金ETF,4.089,1131586472.0,275924698.0,4.106,4.118,4.088
2023-03-14,518880,黄金ETF,4.142,975517442.0,236036000.0,4.125,4.143,4.123
2023-03-15,518880,黄金ETF,4.139,874179479.0,211296100.0,4.14,4.142,4.132
2023-03-16,518880,黄金ETF,4.174,1339712190.0,321126800.0,4.168,4.184,4.16
2023-03-17,518880,黄金ETF,4.198,1229020089.0,293501806.0,4.178,4.201,4.175
2023-03-20,518880,黄金ETF,4.327,1706168214.0,396745862.0,4.269,4.335,4.268
2023-03-21,518880,黄金ETF,4.286,1093232536.0,254076300.0,4.32,4.32,4.283
2023-03-22,518880,黄金ETF,4.223,1118985082.0,265272000.0,4.226,4.228,4.211
2023-03-23,518880,黄金ETF,4.253,1345023943.0,315981144.0,4.259,4.261,4.245
2023-03-24,518880,黄金ETF,4.275,1198618986.0,280000180.0,4.28,4.286,4.265
2023-03-27,518880,黄金ETF,4.246,771831604.0,181397578.0,4.267,4.267,4.244
2023-03-28,518880,黄金ETF,4.225,932767179.0,220484035.0,4.233,4.238,4.221
2023-03-29,518880,黄金ETF,4.24,1086140524.0,255688004.0,4.248,4.257,4.238
2023-03-30,518880,黄金ETF,4.248,1242687102.0,292977500.0,4.241,4.251,4.237
2023-03-31,518880,黄金ETF,4.281,1140121120.0,267238700.0,4.262,4.282,4.258
2023-04-03,518880,黄金ETF,4.221,704108268.0,166683500.0,4.27,4.27,4.213
2023-04-04,518880,黄金ETF,4.269,639848383.0,149978990.0,4.26,4.273,4.256
2023-04-06,518880,黄金ETF,4.33,848045764.0,195912860.0,4.329,4.337,4.321
2023-04-07,518880,黄金ETF,4.328,942729123.0,217954215.0,4.324,4.329,4.322
2023-04-10,518880,黄金ETF,4.287,555880549.0,129692860.0,4.301,4.302,4.276
2023-04-11,518880,黄金ETF,4.311,570009956.0,132536400.0,4.283,4.311,4.283
2023-04-12,518880,黄金ETF,4.341,702812158.0,161757560.0,4.327,4.358,4.327
2023-04-13,518880,黄金ETF,4.346,396331379.0,91332022.0,4.335,4.348,4.333
2023-04-14,518880,黄金ETF,4.366,624494974.0,142880300.0,4.382,4.383,4.354
2023-04-17,518880,黄金ETF,4.324,664877976.0,154180300.0,4.297,4.328,4.28
2023-04-18,518880,黄金ETF,4.305,401625590.0,93359998.0,4.301,4.307,4.292
2023-04-19,518880,黄金ETF,4.297,550822088.0,127788900.0,4.314,4.319,4.292
2023-04-20,518880,黄金ETF,4.308,579849707.0,134743737.0,4.298,4.312,4.294
2023-04-21,518880,黄金ETF,4.288,595846832.0,138381381.0,4.313,4.319,4.28
2023-04-24,518880,黄金ETF,4.277,1031947455.0,240957500.0,4.29,4.29,4.276
2023-04-25,518880,黄金ETF,4.316,574340441.0,133221000.0,4.31,4.318,4.305
2023-04-26,518880,黄金ETF,4.323,689477077.0,159478834.0,4.328,4.334,4.316
2023-04-27,518880,黄金ETF,4.333,725727863.0,167755114.0,4.322,4.334,4.318
2023-04-28,518880,黄金ETF,4.298,713294627.0,165786500.0,4.3,4.309,4.292
2023-05-04,518880,黄金ETF,4.395,745933036.0,169590559.0,4.41,4.412,4.388
2023-05-05,518880,黄金ETF,4.415,576787500.0,130566800.0,4.416,4.426,4.412
2023-05-08,518880,黄金ETF,4.368,672889439.0,154297834.0,4.358,4.368,4.352
2023-05-09,518880,黄金ETF,4.377,613402815.0,140139400.0,4.371,4.388,4.369
2023-05-10,518880,黄金ETF,4.398,496234536.0,112963800.0,4.393,4.399,4.387
2023-05-11,518880,黄金ETF,4.394,544225111.0,123637900.0,4.403,4.408,4.393
2023-05-12,518880,黄金ETF,4.365,690257188.0,158068656.0,4.38,4.38,4.354
2023-05-15,518880,黄金ETF,4.382,749178622.0,170757078.0,4.382,4.393,4.379
2023-05-16,518880,黄金ETF,4.369,710376616.0,162113600.0,4.385,4.389,4.361
2023-05-17,518880,黄金ETF,4.353,635930495.0,146109100.0,4.352,4.357,4.347
2023-05-18,518880,黄金ETF,4.345,778129980.0,179048400.0,4.347,4.35,4.342
2023-05-19,518880,黄金ETF,4.33,794192974.0,183524900.0,4.327,4.332,4.32
2023-05-22,518880,黄金ETF,4.347,627292770.0,144192500.0,4.351,4.357,4.341
2023-05-23,518880,黄金ETF,4.33,484085481.0,111774100.0,4.339,4.34,4.327
2023-05-24,518880,黄金ETF,4.352,654534362.0,150093700.0,4.363,4.365,4.351
2023-05-25,518880,黄金ETF,4.335,543545743.0,125494600.0,4.327,4.342,4.326
2023-05-26,518880,黄金ETF,4.31,402611048.0,93381600.0,4.317,4.317,4.305
2023-05-29,518880,黄金ETF,4.314,567148383.0,131625200.0,4.31,4.315,4.306
2023-05-30,518880,黄金ETF,4.3,560272664.0,130152800.0,4.31,4.316,4.295
2023-05-31,518880,黄金ETF,4.365,1153394617.0,264869900.0,4.341,4.368,4.339
2023-06-01,518880,黄金ETF,4.362,493160403.0,113059400.0,4.373,4.373,4.358
2023-06-02,518880,黄金ETF,4.375,521012337.0,118943700.0,4.382,4.386,4.37
2023-06-05,518880,黄金ETF,4.324,566916825.0,131087000.0,4.33,4.332,4.321
2023-06-06,518880,黄金ETF,4.357,617560049.0,141682452.0,4.357,4.362,4.354
2023-06-07,518880,黄金ETF,4.363,474221504.0,108558200.0,4.368,4.372,4.361
2023-06-08,518880,黄金ETF,4.338,583558130.0,134429100.0,4.341,4.347,4.333
2023-06-09,518880,黄金ETF,4.375,510467246.0,116753900.0,4.366,4.377,4.366
2023-06-12,518880,黄金ETF,4.378,588555122.0,134691800.0,4.368,4.379,4.363
2023-06-13,518880,黄金ETF,4.388,414143580.0,94452994.0,4.383,4.392,4.38
2023-06-14,518880,黄金ETF,4.363,453867440.0,104045300.0,4.362,4.369,4.36
2023-06-15,518880,黄金ETF,4.329,595942059.0,137343653.0,4.348,4.348,4.328
2023-06-16,518880,黄金ETF,4.359,591085182.0,135448700.0,4.36,4.37,4.358
2023-06-19,518880,黄金ETF,4.366,599495770.0,137305400.0,4.365,4.37,4.361
2023-06-20,518880,黄金ETF,4.374,702493521.0,160761285.0,4.368,4.376,4.359
2023-06-21,518880,黄金ETF,4.356,582304845.0,133654200.0,4.36,4.363,4.349
2023-06-26,518880,黄金ETF,4.354,1043902100.0,239950100.0,4.353,4.356,4.346
2023-06-27,518880,黄金ETF,4.35,1099039569.0,252240200.0,4.358,4.363,4.345
2023-06-28,518880,黄金ETF,4.335,723136812.0,166870600.0,4.33,4.338,4.329
2023-06-29,518880,黄金ETF,4.343,709574357.0,163457525.0,4.335,4.346,4.335
2023-06-30,518880,黄金ETF,4.349,452017279.0,103818388.0,4.35,4.36,4.348
2023-07-03,518880,黄金ETF,4.358,499529302.0,114606600.0,4.364,4.366,4.353
2023-07-04,518880,黄金ETF,4.364,285672324.0,65454500.0,4.358,4.368,4.358
2023-07-05,518880,黄金ETF,4.367,371024605.0,84974100.0,4.366,4.369,4.363
2023-07-06,518880,黄金ETF,4.365,338157734.0,77474700.0,4.365,4.369,4.361
2023-07-07,518880,黄金ETF,4.359,304253302.0,69889600.0,4.345,4.361,4.345
2023-07-10,518880,黄金ETF,4.37,290164158.0,66409000.0,4.367,4.374,4.365
2023-07-11,518880,黄金ETF,4.374,369998554.0,84713200.0,4.37,4.378,4.361
2023-07-12,518880,黄金ETF,4.371,647618921.0,147994900.0,4.375,4.38,4.368
2023-07-13,518880,黄金ETF,4.408,1042531107.0,236706160.0,4.407,4.413,4.396
2023-07-14,518880,黄金ETF,4.388,439943189.0,100155670.0,4.399,4.402,4.383
2023-07-17,518880,黄金ETF,4.406,273951378.0,62213470.0,4.394,4.41,4.394
2023-07-18,518880,黄金ETF,4.422,340991608.0,77220500.0,4.41,4.422,4.408
2023-07-19,518880,黄金ETF,4.473,531869219.0,118958800.0,4.463,4.482,4.461
2023-07-20,518880,黄金ETF,4.47,1366343180.0,305770200.0,4.477,4.478,4.461
2023-07-21,518880,黄金ETF,4.453,538819984.0,121077500.0,4.443,4.465,4.442
2023-07-24,518880,黄金ETF,4.442,300274079.0,67630978.0,4.45,4.45,4.436
2023-07-25,518880,黄金ETF,4.42,385130005.0,87043700.0,4.426,4.43,4.418
2023-07-26,518880,黄金ETF,4.439,519943953.0,117254400.0,4.425,4.44,4.425
2023-07-27,518880,黄金ETF,4.448,414271319.0,93163406.0,4.439,4.453,4.436
2023-07-28,518880,黄金ETF,4.404,824808903.0,187039300.0,4.421,4.421,4.402
2023-07-31,518880,黄金ETF,4.409,385102817.0,87396800.0,4.408,4.412,4.401
2023-08-01,518880,黄金ETF,4.426,308803878.0,69748599.0,4.423,4.43,4.423
2023-08-02,518880,黄金ETF,4.425,262269933.0,59334597.0,4.414,4.427,4.412
2023-08-03,518880,黄金ETF,4.406,525594065.0,119269200.0,4.41,4.41,4.404
2023-08-04,518880,黄金ETF,4.401,524494894.0,119236700.0,4.389,4.405,4.389
2023-08-07,518880,黄金ETF,4.41,315817836.0,71551410.0,4.416,4.422,4.406
2023-08-08,518880,黄金ETF,4.414,270151824.0,61191400.0,4.41,4.418,4.409
2023-08-09,518880,黄金ETF,4.411,213091447.0,48304700.0,4.412,4.415,4.406
2023-08-10,518880,黄金ETF,4.396,483145544.0,109921602.0,4.395,4.398,4.393
2023-08-11,518880,黄金ETF,4.415,368288291.0,83544356.0,4.401,4.416,4.401
2023-08-14,518880,黄金ETF,4.421,376813387.0,85250500.0,4.415,4.424,4.413
2023-08-15,518880,黄金ETF,4.431,492750861.0,111420900.0,4.421,4.433,4.415
2023-08-16,518880,黄金ETF,4.433,511517433.0,115340900.0,4.433,4.443,4.431
2023-08-17,518880,黄金ETF,4.429,516907773.0,116713400.0,4.422,4.438,4.419
2023-08-18,518880,黄金ETF,4.421,450434281.0,101884300.0,4.417,4.426,4.415
2023-08-21,518880,黄金ETF,4.438,466910326.0,105259800.0,4.422,4.442,4.422
2023-08-22,518880,黄金ETF,4.431,463708796.0,104687200.0,4.434,4.434,4.425
2023-08-23,518880,黄金ETF,4.452,532655607.2,119794300.0,4.44,4.455,4.438
2023-08-24,518880,黄金ETF,4.464,825818941.0,185027500.0,4.461,4.467,4.458
2023-08-25,518880,黄金ETF,4.448,777236317.0,174503200.0,4.452,4.458,4.447
2023-08-28,518880,黄金ETF,4.45,588151002.0,132312810.0,4.438,4.453,4.43
2023-08-29,518880,黄金ETF,4.462,392898090.0,88021400.0,4.459,4.469,4.458
2023-08-30,518880,黄金ETF,4.477,915002017.0,204305865.0,4.477,4.484,4.472
2023-08-31,518880,黄金ETF,4.494,399743249.0,89005100.0,4.488,4.495,4.488
2023-09-01,518880,黄金ETF,4.489,510306260.0,113797500.0,4.472,4.492,4.472
2023-09-04,518880,黄金ETF,4.506,530326940.0,117620946.0,4.491,4.516,4.491
2023-09-05,518880,黄金ETF,4.508,649844568.0,144094650.0,4.501,4.516,4.498
2023-09-06,518880,黄金ETF,4.505,548963967.0,121733670.0,4.504,4.513,4.504
2023-09-07,518880,黄金ETF,4.504,272221466.0,60405500.0,4.505,4.511,4.503
2023-09-08,518880,黄金ETF,4.536,798426368.0,176130900.0,4.531,4.537,4.529
2023-09-11,518880,黄金ETF,4.545,1083250172.0,238589100.0,4.534,4.554,4.53
2023-09-12,518880,黄金ETF,4.546,639805307.0,140848700.0,4.542,4.547,4.537
2023-09-13,518880,黄金ETF,4.557,893922502.0,196316400.0,4.546,4.566,4.545
2023-09-14,518880,黄金ETF,4.592,1135944403.0,247639100.0,4.566,4.606,4.566
2023-09-15,518880,黄金ETF,4.548,1512884386.0,328324800.0,4.636,4.638,4.52
2023-09-18,518880,黄金ETF,4.524,1591214055.0,350996499.0,4.545,4.545,4.515
2023-09-19,518880,黄金ETF,4.559,831106224.0,182557483.0,4.536,4.563,4.536
2023-09-20,518880,黄金ETF,4.594,1041249369.0,226862226.0,4.574,4.596,4.573
2023-09-21,518880,黄金ETF,4.58,728128695.0,158591810.0,4.594,4.602,4.579
2023-09-22,518880,黄金ETF,4.561,929395231.0,203604568.0,4.587,4.597,4.548
2023-09-25,518880,黄金ETF,4.581,847690640.0,185234100.0,4.555,4.584,4.554
2023-09-26,518880,黄金ETF,4.578,501952626.0,109567139.0,4.58,4.59,4.574
2023-09-27,518880,黄金ETF,4.511,858009442.0,188895843.0,4.565,4.573,4.501
2023-09-28,518880,黄金ETF,4.436,1271213358.0,285637500.0,4.463,4.477,4.4
2023-10-09,518880,黄金ETF,4.405,841402820.0,191361000.0,4.4,4.409,4.391
2023-10-10,518880,黄金ETF,4.348,1022230615.0,234304700.0,4.4,4.4,4.343
2023-10-11,518880,黄金ETF,4.355,498371533.0,114606600.0,4.352,4.356,4.343
2023-10-12,518880,黄金ETF,4.39,685313353.0,156506400.0,4.368,4.391,4.368
2023-10-13,518880,黄金ETF,4.405,636482029.0,144780002.0,4.385,4.407,4.381
2023-10-16,518880,黄金ETF,4.46,670811749.0,150028600.0,4.479,4.48,4.459
2023-10-17,518880,黄金ETF,4.48,489833778.0,109473962.0,4.476,4.481,4.468
2023-10-18,518880,黄金ETF,4.523,624189637.0,138162745.0,4.5,4.524,4.5
2023-10-19,518880,黄金ETF,4.547,559552901.0,123119918.0,4.549,4.551,4.538
2023-10-20,518880,黄金ETF,4.597,685966344.0,149181800.0,4.591,4.605,4.591
2023-10-23,518880,黄金ETF,4.572,1001449185.0,218638426.0,4.57,4.591,4.568
2023-10-24,518880,黄金ETF,4.575,745625946.0,163076612.0,4.574,4.578,4.565
2023-10-25,518880,黄金ETF,4.557,865069058.0,189514100.0,4.568,4.574,4.556
2023-10-26,518880,黄金ETF,4.59,621452574.0,135563374.0,4.584,4.59,4.581
2023-10-27,518880,黄金ETF,4.599,758513718.0,165079700.0,4.59,4.605,4.585
2023-10-30,518880,黄金ETF,4.609,747781248.0,161558695.0,4.635,4.642,4.606
2023-10-31,518880,黄金ETF,4.62,581577165.0,125977303.0,4.617,4.623,4.611
2023-11-01,518880,黄金ETF,4.603,461815255.0,100379783.0,4.596,4.607,4.595
2023-11-02,518880,黄金ETF,4.613,395793607.0,85856900.0,4.617,4.617,4.605
2023-11-03,518880,黄金ETF,4.61,452154832.0,98118700.0,4.605,4.612,4.598
2023-11-06,518880,黄金ETF,4.587,870835728.0,189539672.0,4.607,4.614,4.581
2023-11-07,518880,黄金ETF,4.569,686119803.0,150022500.0,4.573,4.579,4.567
2023-11-08,518880,黄金ETF,4.551,691928818.0,152052600.0,4.561,4.561,4.543
2023-11-09,518880,黄金ETF,4.521,1504347399.0,332592500.0,4.534,4.535,4.518
2023-11-10,518880,黄金ETF,4.554,473311631.0,104060752.0,4.543,4.555,4.54
2023-11-13,518880,黄金ETF,4.538,484253193.0,106862300.0,4.523,4.539,4.522
2023-11-14,518880,黄金ETF,4.558,592560802.0,130185700.0,4.55,4.56,4.543
2023-11-15,518880,黄金ETF,4.577,711862245.0,155691300.0,4.563,4.58,4.563
2023-11-16,518880,黄金ETF,4.559,572080439.0,125500400.0,4.566,4.569,4.554
2023-11-17,518880,黄金ETF,4.572,914117354.0,199713567.0,4.578,4.582,4.571
2023-11-20,518880,黄金ETF,4.522,509203288.0,112268700.0,4.547,4.555,4.521
2023-11-21,518880,黄金ETF,4.516,342299668.0,75809200.0,4.516,4.52,4.511
2023-11-22,518880,黄金ETF,4.499,740029671.0,164067000.0,4.523,4.527,4.492
2023-11-23,518880,黄金ETF,4.495,391566606.0,87148700.0,4.498,4.499,4.488
2023-11-24,518880,黄金ETF,4.499,363029386.0,80749100.0,4.494,4.5,4.49
2023-11-27,518880,黄金ETF,4.546,686011713.0,151056776.0,4.531,4.549,4.531
2023-11-28,518880,黄金ETF,4.56,535651750.0,117538974.0,4.553,4.564,4.552
2023-11-29,518880,黄金ETF,4.591,681932423.0,148273801.0,4.6,4.609,4.59
2023-11-30,518880,黄金ETF,4.589,631765338.0,137637800.0,4.596,4.6,4.586
2023-12-01,518880,黄金ETF,4.589,577198947.0,125848000.0,4.589,4.597,4.582
2023-12-04,518880,黄金ETF,4.643,962951472.0,206679600.0,4.668,4.675,4.638
2023-12-05,518880,黄金ETF,4.58,681880775.0,148880300.0,4.58,4.589,4.574
2023-12-06,518880,黄金ETF,4.578,671853784.0,146991801.0,4.575,4.579,4.563
2023-12-07,518880,黄金ETF,4.584,474446807.0,103517400.0,4.585,4.588,4.577
2023-12-08,518880,黄金ETF,4.591,444757680.0,96871900.0,4.586,4.594,4.585
2023-12-11,518880,黄金ETF,4.557,533675528.0,117141000.0,4.547,4.586,4.546
2023-12-12,518880,黄金ETF,4.539,673525083.0,148713100.0,4.543,4.544,4.521
2023-12-13,518880,黄金ETF,4.529,481332103.0,106191400.0,4.533,4.542,4.524
2023-12-14,518880,黄金ETF,4.598,662857093.0,144339600.0,4.59,4.612,4.587
2023-12-15,518880,黄金ETF,4.59,378183681.0,82393400.0,4.59,4.594,4.585
2023-12-18,518880,黄金ETF,4.576,895913704.0,195726100.0,4.575,4.585,4.571
2023-12-19,518880,黄金ETF,4.589,565941612.0,123361400.0,4.584,4.59,4.584
2023-12-20,518880,黄金ETF,4.604,805409847.0,175001100.0,4.596,4.612,4.596
2023-12-21,518880,黄金ETF,4.605,739896764.0,160679690.0,4.595,4.609,4.595
2023-12-22,518880,黄金ETF,4.627,1162642749.0,250837800.0,4.626,4.641,4.623
2023-12-25,518880,黄金ETF,4.634,1043077108.0,225088200.0,4.631,4.643,4.628
2023-12-26,518880,黄金ETF,4.647,719202114.0,154955014.0,4.638,4.648,4.634
2023-12-27,518880,黄金ETF,4.66,839221108.0,180249300.0,4.65,4.664,4.649
2023-12-28,518880,黄金ETF,4.662,1153791117.0,246929400.0,4.681,4.687,4.658
2023-12-29,518880,黄金ETF,4.648,1253860939.0,270376501.0,4.638,4.649,4.626
2024-01-02,518880,黄金ETF,4.666,960225975.0,206278439.0,4.643,4.667,4.643
2024-01-03,518880,黄金ETF,4.663,518357486.0,111196216.0,4.658,4.666,4.655
2024-01-04,518880,黄金ETF,4.651,533852090.0,114966300.0,4.64,4.656,4.633
2024-01-05,518880,黄金ETF,4.664,590737806.0,126749700.0,4.659,4.665,4.656
2024-01-08,518880,黄金ETF,4.65,540661255.0,116163870.0,4.663,4.667,4.646
2024-01-09,518880,黄金ETF,4.649,394312134.0,84812800.0,4.651,4.654,4.642
2024-01-10,518880,黄金ETF,4.631,749385754.0,161504000.0,4.647,4.653,4.628
2024-01-11,518880,黄金ETF,4.631,452266238.0,97642400.0,4.632,4.637,4.627
2024-01-12,518880,黄金ETF,4.646,511759981.0,110310200.0,4.637,4.648,4.633
2024-01-15,518880,黄金ETF,4.673,450431600.0,96455300.0,4.664,4.676,4.664
2024-01-16,518880,黄金ETF,4.677,388910853.0,83243200.0,4.674,4.68,4.668
2024-01-17,518880,黄金ETF,4.631,490679653.0,105551500.0,4.661,4.662,4.628
2024-01-18,518880,黄金ETF,4.616,577742396.0,125071900.0,4.624,4.627,4.613
2024-01-19,518880,黄金ETF,4.643,403801393.0,87058139.0,4.636,4.643,4.635
2024-01-22,518880,黄金ETF,4.625,420913409.0,90688300.0,4.646,4.652,4.624
2024-01-23,518880,黄金ETF,4.632,481919618.0,104269900.0,4.623,4.632,4.609
2024-01-24,518880,黄金ETF,4.626,311724352.0,67374700.0,4.63,4.63,4.624
2024-01-25,518880,黄金ETF,4.605,507829370.0,110248900.0,4.607,4.612,4.602
2024-01-26,518880,黄金ETF,4.625,349705130.0,75676000.0,4.623,4.627,4.618
2024-01-29,518880,黄金ETF,4.634,372477165.0,80355443.0,4.636,4.638,4.632
2024-01-30,518880,黄金ETF,4.647,408610802.0,87971900.0,4.641,4.652,4.638
2024-01-31,518880,黄金ETF,4.653,636137568.0,136735100.0,4.654,4.656,4.648
2024-02-01,518880,黄金ETF,4.668,557221065.0,119528000.0,4.652,4.67,4.652
2024-02-02,518880,黄金ETF,4.679,439432364.0,93980600.0,4.671,4.679,4.671
2024-02-05,518880,黄金ETF,4.643,673685719.0,144854900.0,4.659,4.666,4.638
2024-02-06,518880,黄金ETF,4.633,397643970.0,85748200.0,4.641,4.642,4.633
2024-02-07,518880,黄金ETF,4.642,549202951.0,118240761.0,4.649,4.651,4.639
2024-02-08,518880,黄金ETF,4.662,430376513.0,92397500.0,4.655,4.663,4.653
2024-02-19,518880,黄金ETF,4.644,603682077.0,130239500.0,4.638,4.645,4.626
2024-02-20,518880,黄金ETF,4.642,249301335.0,53723200.0,4.645,4.647,4.637
2024-02-21,518880,黄金ETF,4.642,386052661.0,83090600.0,4.648,4.65,4.641
2024-02-22,518880,黄金ETF,4.639,480694902.0,103663714.0,4.639,4.641,4.633
2024-02-23,518880,黄金ETF,4.63,466861191.0,100711902.0,4.639,4.641,4.626
2024-02-26,518880,黄金ETF,4.651,321470465.0,69138400.0,4.647,4.652,4.647
2024-02-27,518880,黄金ETF,4.646,274150148.0,58987400.0,4.647,4.651,4.646
2024-02-28,518880,黄金ETF,4.645,296713616.0,63872600.0,4.647,4.648,4.642
2024-02-29,518880,黄金ETF,4.647,308641430.0,66413400.0,4.65,4.652,4.645
2024-03-01,518880,黄金ETF,4.667,405378152.0,86929300.0,4.659,4.668,4.659
2024-03-04,518880,黄金ETF,4.725,530228646.0,112186657.0,4.726,4.733,4.72
2024-03-05,518880,黄金ETF,4.789,727161417.0,152085300.0,4.782,4.79,4.773
2024-03-06,518880,黄金ETF,4.824,631872576.0,131354500.0,4.804,4.824,4.803
2024-03-07,518880,黄金ETF,4.885,835868603.0,171655340.0,4.848,4.896,4.845
2024-03-08,518880,黄金ETF,4.881,511853589.0,105000701.0,4.885,4.885,4.865
2024-03-11,518880,黄金ETF,4.899,677319004.0,138029900.0,4.912,4.921,4.894
2024-03-12,518880,黄金ETF,4.879,722925045.0,147787590.0,4.901,4.906,4.875
2024-03-13,518880,黄金ETF,4.87,472284885.0,97119300.0,4.861,4.871,4.86
2024-03-14,518880,黄金ETF,4.877,559146124.0,114347600.0,4.896,4.901,4.873
2024-03-15,518880,黄金ETF,4.899,391228979.0,80061300.0,4.879,4.9,4.876
2024-03-18,518880,黄金ETF,4.86,472000428.0,97031100.0,4.879,4.879,4.857
2024-03-19,518880,黄金ETF,4.87,352324616.0,72272486.0,4.877,4.884,4.863
2024-03-20,518880,黄金ETF,4.88,238059038.0,48789027.0,4.878,4.882,4.877
2024-03-21,518880,黄金ETF,4.978,498739003.0,100369900.0,4.97,4.979,4.961
2024-03-22,518880,黄金ETF,4.946,482921343.0,97680400.0,4.943,4.959,4.931
2024-03-25,518880,黄金ETF,4.956,578841539.0,116533350.0,4.964,4.987,4.954
2024-03-26,518880,黄金ETF,4.966,481682820.0,97052788.0,4.959,4.97,4.956
2024-03-27,518880,黄金ETF,4.99,598537647.0,120066590.0,4.977,4.992,4.977
2024-03-28,518880,黄金ETF,5.029,639140316.0,127603000.0,5.0,5.031,4.997
2024-03-29,518880,黄金ETF,5.126,1072971466.0,209701500.0,5.1,5.137,5.085
2024-04-01,518880,黄金ETF,5.155,1010883023.0,196039414.0,5.175,5.2,5.145
2024-04-02,518880,黄金ETF,5.159,782916589.0,152135933.0,5.137,5.163,5.13
2024-04-03,518880,黄金ETF,5.231,1149376150.0,219987750.0,5.204,5.238,5.204
2024-04-08,518880,黄金ETF,5.354,2516202029.0,469473940.0,5.289,5.427,5.289
2024-04-09,518880,黄金ETF,5.369,1259104562.0,234093359.0,5.383,5.396,5.365
2024-04-10,518880,黄金ETF,5.388,1091553982.0,202571735.0,5.38,5.405,5.375
2024-04-11,518880,黄金ETF,5.348,1302119014.0,242865013.0,5.37,5.379,5.34
2024-04-12,518880,黄金ETF,5.504,1504648256.0,274712760.0,5.456,5.506,5.455
2024-04-15,518880,黄金ETF,5.417,1742057340.0,321425498.0,5.39,5.435,5.39
2024-04-16,518880,黄金ETF,5.452,1836558831.0,335655199.0,5.471,5.496,5.438
2024-04-17,518880,黄金ETF,5.461,1300363996.0,238128350.0,5.469,5.477,5.441
2024-04-18,518880,黄金ETF,5.445,1238671787.0,228480500.0,5.421,5.447,5.4
2024-04-19,518880,黄金ETF,5.471,2434190306.0,443150566.0,5.464,5.547,5.444
2024-04-22,518880,黄金ETF,5.364,1727493380.0,319657300.0,5.447,5.45,5.357
2024-04-23,518880,黄金ETF,5.232,2676701679.0,509587331.0,5.325,5.33,5.223
2024-04-24,518880,黄金ETF,5.287,1823643155.0,345200527.0,5.281,5.301,5.263
2024-04-25,518880,黄金ETF,5.288,1494237455.0,283203600.0,5.275,5.29,5.25
2024-04-26,518880,黄金ETF,5.329,1378526672.0,259514300.0,5.29,5.334,5.29
2024-04-29,518880,黄金ETF,5.294,1200650630.0,226581500.0,5.299,5.31,5.288
2024-04-30,518880,黄金ETF,5.286,1015518866.0,192094286.0,5.296,5.3,5.271
2024-05-06,518880,黄金ETF,5.254,925928338.0,176662446.0,5.224,5.255,5.217
2024-05-07,518880,黄金ETF,5.268,990811477.0,188053328.0,5.278,5.286,5.261
2024-05-08,518880,黄金ETF,5.261,1239904404.0,235712300.0,5.258,5.279,5.24
2024-05-09,518880,黄金ETF,5.25,1136483149.0,216345700.0,5.252,5.265,5.242
2024-05-10,518880,黄金ETF,5.369,1620849700.0,303713600.0,5.33,5.371,5.314
2024-05-13,518880,黄金ETF,5.337,1501938254.0,280958012.0,5.34,5.358,5.33
2024-05-14,518880,黄金ETF,5.329,1413160940.0,264956800.0,5.33,5.347,5.316
2024-05-15,518880,黄金ETF,5.37,1158027386.0,215784240.0,5.36,5.375,5.358
2024-05-16,518880,黄金ETF,5.417,1402789732.0,258507900.0,5.445,5.45,5.415
2024-05-17,518880,黄金ETF,5.416,1263239949.0,233681770.0,5.406,5.418,5.397
2024-05-20,518880,黄金ETF,5.55,2258322876.0,407042990.0,5.519,5.586,5.519
2024-05-21,518880,黄金ETF,5.481,1922435102.0,349510200.0,5.549,5.549,5.471
2024-05-22,518880,黄金ETF,5.492,1037492410.0,188794600.0,5.5,5.514,5.48
2024-05-23,518880,黄金ETF,5.366,1689047274.0,314494390.0,5.38,5.386,5.341
2024-05-24,518880,黄金ETF,5.319,1208676476.0,227770552.0,5.287,5.321,5.287
2024-05-27,518880,黄金ETF,5.338,1163800944.0,217956429.0,5.323,5.353,5.323
2024-05-28,518880,黄金ETF,5.334,1157245338.0,215909600.0,5.367,5.374,5.333
2024-05-29,518880,黄金ETF,5.37,1306488061.0,243293870.0,5.368,5.384,5.359
2024-05-30,518880,黄金ETF,5.317,1255068736.0,236136602.0,5.33,5.335,5.295
2024-05-31,518880,黄金ETF,5.343,852282461.0,159762600.0,5.334,5.343,5.318
2024-06-03,518880,黄金ETF,5.296,1164819444.0,219875700.0,5.319,5.319,5.274
2024-06-04,518880,黄金ETF,5.346,1074023297.0,200947528.0,5.34,5.355,5.333
2024-06-05,518880,黄金ETF,5.324,1083539020.0,203665400.0,5.306,5.338,5.302
2024-06-06,518880,黄金ETF,5.398,1268379883.0,234728270.0,5.396,5.421,5.387
2024-06-07,518880,黄金ETF,5.399,1388297622.0,256971900.0,5.413,5.421,5.386
2024-06-11,518880,黄金ETF,5.237,1709839897.0,326408546.0,5.25,5.259,5.224
2024-06-12,518880,黄金ETF,5.267,907690635.0,172498500.0,5.253,5.271,5.253
2024-06-13,518880,黄金ETF,5.269,948050505.0,180242000.0,5.261,5.27,5.246
2024-06-14,518880,黄金ETF,5.271,993324523.0,188998500.0,5.249,5.273,5.243
2024-06-17,518880,黄金ETF,5.279,894139289.0,169069447.0,5.302,5.306,5.275
2024-06-18,518880,黄金ETF,5.284,905345426.0,171159951.0,5.283,5.296,5.282
2024-06-19,518880,黄金ETF,5.305,1046190170.0,197301200.0,5.301,5.306,5.296
2024-06-20,518880,黄金ETF,5.351,1506017557.0,282264400.0,5.313,5.354,5.313
2024-06-21,518880,黄金ETF,5.376,1611437614.0,299447800.0,5.383,5.393,5.374
2024-06-24,518880,黄金ETF,5.29,2625687712.0,495986700.0,5.3,5.311,5.284
2024-06-25,518880,黄金ETF,5.302,1509273578.0,284913400.0,5.3,5.303,5.292
2024-06-26,518880,黄金ETF,5.271,1758334548.0,333700600.0,5.287,5.287,5.253
2024-06-27,518880,黄金ETF,5.242,1401342548.0,267488200.0,5.236,5.245,5.231
2024-06-28,518880,黄金ETF,5.297,1458430077.0,275865600.0,5.283,5.299,5.277
2024-07-01,518880,黄金ETF,5.299,801004633.0,151231300.0,5.297,5.303,5.281
2024-07-02,518880,黄金ETF,5.306,830122651.0,156366400.0,5.311,5.317,5.302
2024-07-03,518880,黄金ETF,5.34,1090280419.0,204971900.0,5.31,5.342,5.304
2024-07-04,518880,黄金ETF,5.365,1068750176.0,198889000.0,5.381,5.386,5.354
2024-07-05,518880,黄金ETF,5.381,1295785258.0,241057400.0,5.365,5.382,5.363
2024-07-08,518880,黄金ETF,5.384,1435959703.0,265543945.0,5.427,5.43,5.382
2024-07-09,518880,黄金ETF,5.362,1356850578.0,252856000.0,5.365,5.372,5.36
2024-07-10,518880,黄金ETF,5.397,966124726.0,179495600.0,5.374,5.399,5.373
2024-07-11,518880,黄金ETF,5.417,1386798931.0,256281000.0,5.397,5.422,5.393
2024-07-12,518880,黄金ETF,5.446,1198324247.0,219604800.0,5.464,5.467,5.442
2024-07-15,518880,黄金ETF,5.442,1163977241.0,213275500.0,5.452,5.467,5.441
2024-07-16,518880,黄金ETF,5.505,1303552035.0,237089500.0,5.484,5.507,5.483
2024-07-17,518880,黄金ETF,5.576,2061048522.0,368744095.0,5.599,5.615,5.553
2024-07-18,518880,黄金ETF,5.573,1419583184.0,255442400.0,5.555,5.574,5.543
2024-07-19,518880,黄金ETF,5.425,1805186288.0,331402300.0,5.458,5.471,5.406
2024-07-22,518880,黄金ETF,5.421,1404186176.0,258675300.0,5.427,5.441,5.417
2024-07-23,518880,黄金ETF,5.394,1284411213.0,237483400.0,5.43,5.44,5.382
2024-07-24,518880,黄金ETF,5.465,1338315996.0,245596491.0,5.429,5.466,5.424
2024-07-25,518880,黄金ETF,5.327,2026997952.0,379314735.0,5.388,5.388,5.32
2024-07-26,518880,黄金ETF,5.35,1310424241.0,245177000.0,5.312,5.367,5.311
2024-07-29,518880,黄金ETF,5.387,978598543.0,181631900.0,5.395,5.399,5.378
2024-07-30,518880,黄金ETF,5.394,873324669.0,162433400.0,5.379,5.395,5.357
2024-07-31,518880,黄金ETF,5.436,1338306085.0,246379200.0,5.41,5.455,5.405
2024-08-01,518880,黄金ETF,5.48,1095266141.0,199792182.0,5.501,5.505,5.457
2024-08-02,518880,黄金ETF,5.505,1843472524.0,335571190.0,5.475,5.506,5.471
2024-08-05,518880,黄金ETF,5.366,2634877831.0,489632100.0,5.39,5.416,5.343
2024-08-06,518880,黄金ETF,5.327,1566719099.0,293486900.0,5.35,5.362,5.305
2024-08-07,518880,黄金ETF,5.352,1042230264.0,195299800.0,5.307,5.355,5.306
2024-08-08,518880,黄金ETF,5.349,764231589.0,143153600.0,5.345,5.355,5.328
2024-08-09,518880,黄金ETF,5.396,976321769.0,180781154.0,5.406,5.414,5.379
2024-08-12,518880,黄金ETF,5.437,711951732.0,131392897.0,5.41,5.438,5.4
2024-08-13,518880,黄金ETF,5.474,1156382992.0,211070817.0,5.476,5.492,5.466
2024-08-14,518880,黄金ETF,5.456,1642554081.0,301571600.0,5.473,5.474,5.427
2024-08-15,518880,黄金ETF,5.443,1548205035.0,284712790.0,5.431,5.45,5.429
2024-08-16,518880,黄金ETF,5.453,1441631449.0,264349700.0,5.465,5.466,5.441
2024-08-19,518880,黄金ETF,5.513,1482328281.0,269117000.0,5.502,5.527,5.493
2024-08-20,518880,黄金ETF,5.513,1610462974.0,292411400.0,5.512,5.519,5.5
2024-08-21,518880,黄金ETF,5.537,1393689574.0,251875500.0,5.514,5.549,5.512
2024-08-22,518880,黄金ETF,5.523,1058296022.0,191731500.0,5.535,5.536,5.508
2024-08-23,518880,黄金ETF,5.504,742746901.0,135003030.0,5.504,5.513,5.493
2024-08-26,518880,黄金ETF,5.538,795075710.0,143830100.0,5.526,5.539,5.52
2024-08-27,518880,黄金ETF,5.534,825725926.0,149404000.0,5.528,5.542,5.515
2024-08-28,518880,黄金ETF,5.528,842135211.0,152164100.0,5.545,5.548,5.518
2024-08-29,518880,黄金ETF,5.535,956916085.0,172646400.0,5.539,5.548,5.534
2024-08-30,518880,黄金ETF,5.522,1181252478.0,213925900.0,5.528,5.543,5.51
2024-09-02,518880,黄金ETF,5.491,931403491.0,169670252.0,5.505,5.505,5.477
2024-09-03,518880,黄金ETF,5.501,751555381.0,136756524.0,5.486,5.504,5.482
2024-09-04,518880,黄金ETF,5.463,717486288.0,130866172.0,5.479,5.492,5.461
2024-09-05,518880,黄金ETF,5.502,714702194.0,130213792.0,5.483,5.504,5.477
2024-09-06,518880,黄金ETF,5.517,834530734.0,151267984.0,5.51,5.526,5.507
2024-09-09,518880,黄金ETF,5.477,917894050.0,167280900.0,5.485,5.5,5.468
2024-09-10,518880,黄金ETF,5.513,571869792.0,103763822.0,5.512,5.517,5.505
2024-09-11,518880,黄金ETF,5.542,715908389.0,129344622.0,5.536,5.545,5.526
2024-09-12,518880,黄金ETF,5.531,789870166.0,142873300.0,5.528,5.537,5.52
2024-09-13,518880,黄金ETF,5.611,1226767203.0,218494000.0,5.613,5.623,5.604
2024-09-18,518880,黄金ETF,5.609,1641767847.0,292541400.0,5.621,5.626,5.602
2024-09-19,518880,黄金ETF,5.6,1421667469.0,254086300.0,5.591,5.611,5.578
2024-09-20,518880,黄金ETF,5.663,965779592.0,171352400.0,5.619,5.665,5.618
2024-09-23,518880,黄金ETF,5.711,1358788606.0,238092754.0,5.685,5.725,5.684
2024-09-24,518880,黄金ETF,5.697,1846457275.0,323108700.0,5.723,5.732,5.689
2024-09-25,518880,黄金ETF,5.74,1612395551.0,280656366.0,5.724,5.771,5.724
2024-09-26,518880,黄金ETF,5.751,1761005963.0,306137800.0,5.76,5.765,5.74
2024-09-27,518880,黄金ETF,5.708,955602893.0,166263100.0,5.751,5.764,5.698
2024-09-30,518880,黄金ETF,5.707,2274923666.0,399224420.0,5.644,5.717,5.63
2024-10-08,518880,黄金ETF,5.714,2558034942.0,446545969.0,5.682,5.757,5.681
2024-10-09,518880,黄金ETF,5.64,2090099308.0,369150402.0,5.67,5.679,5.636
2024-10-10,518880,黄金ETF,5.676,1076484414.0,190258610.0,5.647,5.678,5.642
2024-10-11,518880,黄金ETF,5.739,1480522918.0,257920870.0,5.715,5.758,5.715
2024-10-14,518880,黄金ETF,5.799,1826801439.0,316405300.0,5.77,5.806,5.751
2024-10-15,518880,黄金ETF,5.799,1570468649.0,271211600.0,5.776,5.802,5.773
2024-10-16,518880,黄金ETF,5.884,2579194921.0,440183155.0,5.853,5.886,5.837
2024-10-17,518880,黄金ETF,5.905,2103708098.0,356603700.0,5.891,5.912,5.887
2024-10-18,518880,黄金ETF,5.945,3399065573.0,570444300.0,5.961,5.984,5.91
2024-10-21,518880,黄金ETF,6.02,2292332474.0,382224400.0,5.995,6.021,5.978
2024-10-22,518880,黄金ETF,6.018,1606508429.0,267072100.0,6.018,6.027,6.004
2024-10-23,518880,黄金ETF,6.056,2142131777.0,354670000.0,6.042,6.058,6.02
2024-10-24,518880,黄金ETF,5.995,2100218580.0,350982100.0,6.0,6.005,5.958
2024-10-25,518880,黄金ETF,5.998,1677550239.0,280008900.0,5.994,5.999,5.982
2024-10-28,518880,黄金ETF,6.017,1745516363.0,290528400.0,5.986,6.03,5.985
2024-10-29,518880,黄金ETF,6.068,1916983481.0,316439000.0,6.036,6.069,6.036
2024-10-30,518880,黄金ETF,6.14,2377859854.0,388115000.0,6.111,6.146,6.104
2024-10-31,518880,黄金ETF,6.103,2226528542.0,363724451.0,6.14,6.14,6.102
2024-11-01,518880,黄金ETF,6.051,1909288303.0,315790200.0,6.017,6.068,6.017
2024-11-04,518880,黄金ETF,6.006,1925632565.0,320647168.0,6.011,6.023,5.988
2024-11-05,518880,黄金ETF,6.006,2075830791.0,346522500.0,6.003,6.008,5.967
2024-11-06,518880,黄金ETF,5.994,3204265274.0,531028205.0,6.028,6.062,5.973
2024-11-07,518880,黄金ETF,5.86,2917410168.0,497191100.0,5.865,5.881,5.857
2024-11-08,518880,黄金ETF,5.898,3215881384.0,544198350.0,5.925,5.936,5.888
2024-11-11,518880,黄金ETF,5.905,1733556780.0,293895478.0,5.901,5.91,5.889
2024-11-12,518880,黄金ETF,5.807,2103738415.0,361393200.0,5.83,5.841,5.8
2024-11-13,518880,黄金ETF,5.796,1709706841.0,294570000.0,5.805,5.814,5.795
2024-11-14,518880,黄金ETF,5.68,2487543373.0,436011000.0,5.724,5.73,5.669
2024-11-15,518880,黄金ETF,5.683,2335976281.0,410136300.0,5.711,5.712,5.667
2024-11-18,518880,黄金ETF,5.758,2192024051.0,380796200.0,5.748,5.773,5.738
2024-11-19,518880,黄金ETF,5.858,2409857463.0,412895600.0,5.811,5.86,5.809
2024-11-20,518880,黄金ETF,5.857,2312028150.0,393326310.0,5.9,5.9,5.855
2024-11-21,518880,黄金ETF,5.933,2054829695.0,347102500.0,5.914,5.934,5.909
2024-11-22,518880,黄金ETF,6.01,2871840491.0,479450110.0,5.968,6.011,5.967
2024-11-25,518880,黄金ETF,5.916,4610155728.0,773564810.0,6.009,6.013,5.893
2024-11-26,518880,黄金ETF,5.844,2147982061.0,367569300.0,5.835,5.856,5.825
2024-11-27,518880,黄金ETF,5.899,2084747692.0,354456000.0,5.86,5.904,5.856
2024-11-28,518880,黄金ETF,5.869,2055069612.0,351338498.0,5.831,5.877,5.823
2024-11-29,518880,黄金ETF,5.923,2200782924.0,372669395.0,5.879,5.927,5.878
2024-12-02,518880,黄金ETF,5.872,1762546380.0,300225600.0,5.85,5.885,5.848
2024-12-03,518880,黄金ETF,5.931,1719827619.0,290402200.0,5.917,5.942,5.911
2024-12-04,518880,黄金ETF,5.929,1286380652.0,216982400.0,5.915,5.938,5.913
2024-12-05,518880,黄金ETF,5.927,1327983845.0,223843600.0,5.937,5.943,5.923
2024-12-06,518880,黄金ETF,5.903,1716909606.0,291762000.0,5.866,5.91,5.861
2024-12-09,518880,黄金ETF,5.936,1428404072.0,240632900.0,5.941,5.946,5.925
2024-12-10,518880,黄金ETF,5.961,1801985985.0,302287000.0,5.97,5.972,5.949
2024-12-11,518880,黄金ETF,6.011,2214470926.0,368489600.0,6.028,6.03,5.977
2024-12-12,518880,黄金ETF,6.052,1720927816.0,285029200.0,6.038,6.054,6.025
2024-12-13,518880,黄金ETF,6.001,1613292063.0,268642400.0,6.016,6.018,5.991
2024-12-16,518880,黄金ETF,5.947,1493426609.0,251389700.0,5.945,5.95,5.933
2024-12-17,518880,黄金ETF,5.94,1511849582.0,253857200.0,5.957,5.97,5.936
2024-12-18,518880,黄金ETF,5.932,1089480648.0,183543592.0,5.942,5.948,5.929
2024-12-19,518880,黄金ETF,5.885,2131258499.0,362233900.0,5.867,5.906,5.867
2024-12-20,518880,黄金ETF,5.892,1430034217.0,243382915.0,5.877,5.894,5.866
2024-12-23,518880,黄金ETF,5.951,1661172171.0,279767800.0,5.919,5.953,5.918
2024-12-24,518880,黄金ETF,5.921,1350515009.0,227964108.0,5.928,5.931,5.916
2024-12-25,518880,黄金ETF,5.936,857653535.0,144513901.0,5.932,5.939,5.929
2024-12-26,518880,黄金ETF,5.94,1092478868.0,183751700.0,5.955,5.957,5.937
2024-12-27,518880,黄金ETF,5.945,1049505975.0,176506800.0,5.95,5.952,5.939
2024-12-30,518880,黄金ETF,5.923,984288624.0,166024900.0,5.934,5.939,5.92
2024-12-31,518880,黄金ETF,5.928,974644615.0,164833500.0,5.914,5.932,5.9
2025-01-02,518880,黄金ETF,5.977,1391842464.0,233072893.0,5.975,5.981,5.96
2025-01-03,518880,黄金ETF,6.029,1661519900.0,275912900.0,6.02,6.034,6.012
2025-01-06,518880,黄金ETF,5.99,1789609736.0,298085000.0,6.023,6.025,5.984
2025-01-07,518880,黄金ETF,6.0,1305979331.0,217772898.0,5.992,6.009,5.987
2025-01-08,518880,黄金ETF,6.03,965957916.0,160473261.0,6.01,6.031,6.01
2025-01-09,518880,黄金ETF,6.065,946209476.0,156605360.0,6.038,6.066,6.032
2025-01-10,518880,黄金ETF,6.105,1470619550.0,241484690.0,6.078,6.109,6.075
2025-01-13,518880,黄金ETF,6.12,2160358184.0,353089300.0,6.105,6.133,6.104
2025-01-14,518880,黄金ETF,6.068,1740951031.0,286920000.0,6.07,6.075,6.062
2025-01-15,518880,黄金ETF,6.102,1452719737.0,238686400.0,6.075,6.109,6.07
2025-01-16,518880,黄金ETF,6.122,1478521166.0,241313300.0,6.139,6.141,6.11
2025-01-17,518880,黄金ETF,6.139,1524953624.0,247982000.0,6.146,6.162,6.136
2025-01-20,518880,黄金ETF,6.127,1210507375.0,198219500.0,6.091,6.131,6.089
2025-01-21,518880,黄金ETF,6.127,1196663049.0,195442100.0,6.102,6.131,6.102
2025-01-22,518880,黄金ETF,6.181,1836180883.0,296770527.0,6.17,6.215,6.169
2025-01-23,518880,黄金ETF,6.187,1190173543.0,192367943.0,6.183,6.194,6.18
2025-01-24,518880,黄金ETF,6.218,1413858397.0,227492200.0,6.209,6.225,6.199
2025-01-27,518880,黄金ETF,6.202,1417961910.0,228818694.0,6.218,6.218,6.181
2025-02-05,518880,黄金ETF,6.439,2354135637.0,367016108.0,6.4,6.441,6.385
2025-02-06,518880,黄金ETF,6.402,1965257147.0,305318100.0,6.441,6.454,6.4
2025-02-07,518880,黄金ETF,6.42,1299373106.0,202194200.0,6.43,6.435,6.414
2025-02-10,518880,黄金ETF,6.518,2046965397.0,315643190.0,6.46,6.519,6.46
2025-02-11,518880,黄金ETF,6.584,4542010086.0,688982800.0,6.628,6.645,6.531
2025-02-12,518880,黄金ETF,6.538,2237983355.0,342637100.0,6.542,6.548,6.511
2025-02-13,518880,黄金ETF,6.57,1866397971.0,284025229.0,6.564,6.587,6.559
2025-02-14,518880,黄金ETF,6.605,1627112891.0,246676102.0,6.599,6.607,6.585
2025-02-17,518880,黄金ETF,6.494,2575282904.0,396972681.0,6.477,6.505,6.47
2025-02-18,518880,黄金ETF,6.555,1913822117.0,292830130.0,6.5,6.56,6.497
2025-02-19,518880,黄金ETF,6.598,2084378903.0,315610500.0,6.595,6.624,6.576
2025-02-20,518880,黄金ETF,6.619,1375763005.0,208220000.0,6.61,6.621,6.598
2025-02-21,518880,黄金ETF,6.568,2707414871.0,411983897.0,6.608,6.608,6.544
2025-02-24,518880,黄金ETF,6.581,1620085717.0,246679300.0,6.549,6.586,6.539
2025-02-25,518880,黄金ETF,6.582,1745731792.0,264729920.0,6.605,6.611,6.575
2025-02-26,518880,黄金ETF,6.519,1929025426.0,294958637.0,6.562,6.564,6.515
2025-02-27,518880,黄金ETF,6.492,1978797942.0,303901035.0,6.533,6.541,6.484
2025-02-28,518880,黄金ETF,6.444,1814366434.0,280864400.0,6.479,6.487,6.435
2025-03-03,518880,黄金ETF,6.451,1668225513.0,258749948.0,6.445,6.455,6.435
2025-03-04,518880,黄金ETF,6.499,1726309042.0,265743800.0,6.49,6.507,6.487
2025-03-05,518880,黄金ETF,6.547,1449964026.0,221884099.0,6.523,6.551,6.521
2025-03-06,518880,黄金ETF,6.535,1226197910.0,187622976.0,6.53,6.546,6.527
2025-03-07,518880,黄金ETF,6.526,1382860823.0,212238683.0,6.506,6.529,6.503
2025-03-10,518880,黄金ETF,6.544,1098905803.0,168135603.0,6.531,6.545,6.526
2025-03-11,518880,黄金ETF,6.505,1409808324.0,217070800.0,6.491,6.506,6.488
2025-03-12,518880,黄金ETF,6.526,871152793.0,133572500.0,6.518,6.534,6.512
2025-03-13,518880,黄金ETF,6.575,1187629547.0,180621750.0,6.573,6.583,6.57
2025-03-14,518880,黄金ETF,6.673,2249855859.0,337064300.0,6.693,6.693,6.662
2025-03-17,518880,黄金ETF,6.677,1742579560.0,261227100.0,6.674,6.678,6.659
2025-03-18,518880,黄金ETF,6.727,1662780921.0,247618300.0,6.688,6.73,6.688
2025-03-19,518880,黄金ETF,6.8,2256310869.0,332646700.0,6.757,6.806,6.754
2025-03-20,518880,黄金ETF,6.807,1965397258.0,288580577.0,6.82,6.825,6.799
2025-03-21,518880,黄金ETF,6.774,1763391430.0,259905579.0,6.808,6.81,6.762
2025-03-24,518880,黄金ETF,6.78,1035354851.0,152890422.0,6.77,6.782,6.758
2025-03-25,518880,黄金ETF,6.774,1272978958.0,188173300.0,6.758,6.778,6.751
2025-03-26,518880,黄金ETF,6.795,1309338099.0,192888100.0,6.78,6.797,6.775
2025-03-27,518880,黄金ETF,6.812,1528152970.0,224529007.0,6.797,6.817,6.791
2025-03-28,518880,黄金ETF,6.938,2930627896.0,423633499.0,6.912,6.939,6.894
2025-03-31,518880,黄金ETF,7.012,4717070932.0,674686354.0,6.942,7.045,6.942
2025-04-01,518880,黄金ETF,7.056,5075882645.0,718259725.0,7.065,7.098,7.041
2025-04-02,518880,黄金ETF,7.029,2951070225.0,418580916.0,7.07,7.083,7.019
2025-04-03,518880,黄金ETF,7.094,5174808439.0,726074050.0,7.135,7.173,7.068
2025-04-07,518880,黄金ETF,6.877,8819492014.0,1275784486.0,6.801,7.06,6.8
2025-04-08,518880,黄金ETF,6.925,4294930105.0,623642763.0,6.878,6.938,6.852
2025-04-09,518880,黄金ETF,7.012,5435770622.0,783359970.0,6.89,7.02,6.888
2025-04-10,518880,黄金ETF,7.164,6642456530.0,931201615.0,7.134,7.166,7.071
2025-04-11,518880,黄金ETF,7.273,7073077660.0,969046516.0,7.34,7.34,7.225
2025-04-14,518880,黄金ETF,7.327,5780997530.0,788278877.0,7.301,7.354,7.301
2025-04-15,518880,黄金ETF,7.325,3081021799.0,420590242.0,7.327,7.334,7.315
2025-04-16,518880,黄金ETF,7.503,5597029960.0,749850988.0,7.44,7.506,7.421
2025-04-17,518880,黄金ETF,7.565,7643429582.0,1007652486.0,7.655,7.66,7.541
2025-04-18,518880,黄金ETF,7.583,3617039900.0,478054139.0,7.564,7.589,7.533
2025-04-21,518880,黄金ETF,7.724,5780384756.0,751194584.0,7.684,7.727,7.677
2025-04-22,518880,黄金ETF,7.982,12093412697.0,1519502089.0,7.871,8.033,7.86
2025-04-23,518880,黄金ETF,7.5,19562766019.0,2564688817.0,7.759,7.759,7.486
2025-04-24,518880,黄金ETF,7.582,9946839718.0,1303473358.0,7.67,7.707,7.55
2025-04-25,518880,黄金ETF,7.53,7560930098.0,998594300.0,7.641,7.656,7.486
2025-04-28,518880,黄金ETF,7.465,6031534039.0,807300957.0,7.499,7.511,7.443
2025-04-29,518880,黄金ETF,7.517,4749487800.0,630471289.0,7.561,7.586,7.485
2025-04-30,518880,黄金ETF,7.471,3276215482.0,437292760.0,7.525,7.529,7.467
2025-05-06,518880,黄金ETF,7.612,7499496274.0,984527034.0,7.596,7.659,7.57
2025-05-07,518880,黄金ETF,7.671,5748539067.0,751864933.0,7.614,7.678,7.588
2025-05-08,518880,黄金ETF,7.557,8503906698.0,1112851087.0,7.679,7.732,7.538
2025-05-09,518880,黄金ETF,7.531,6647216055.0,887300929.0,7.502,7.555,7.427
2025-05-12,518880,黄金ETF,7.376,4930947745.0,668199236.0,7.341,7.399,7.341
2025-05-13,518880,黄金ETF,7.332,6588647174.0,905216614.0,7.291,7.339,7.224
2025-05-14,518880,黄金ETF,7.277,3996673209.0,548179300.0,7.309,7.322,7.265
2025-05-15,518880,黄金ETF,7.062,9132430391.0,1290123946.0,7.165,7.169,7.01
2025-05-16,518880,黄金ETF,7.177,6143784727.0,855274788.0,7.195,7.204,7.157
2025-05-19,518880,黄金ETF,7.222,4567415868.0,633277100.0,7.206,7.231,7.193
2025-05-20,518880,黄金ETF,7.209,3324544898.0,460862770.0,7.217,7.238,7.196
2025-05-21,518880,黄金ETF,7.439,5587558730.0,754386545.0,7.381,7.44,7.376
2025-05-22,518880,黄金ETF,7.45,5439783047.0,727054800.0,7.478,7.505,7.448
2025-05-23,518880,黄金ETF,7.454,4495380260.0,605935900.0,7.405,7.457,7.373
2025-05-26,518880,黄金ETF,7.425,3294213684.0,442308700.0,7.438,7.472,7.423
2025-05-27,518880,黄金ETF,7.366,4472910506.0,603457313.0,7.434,7.456,7.356
2025-05-28,518880,黄金ETF,7.375,2247365541.0,304997600.0,7.369,7.389,7.341
2025-05-29,518880,黄金ETF,7.3,3084681573.0,423281700.0,7.263,7.31,7.26
2025-05-30,518880,黄金ETF,7.369,2675997478.0,363573703.0,7.39,7.391,7.335
2025-06-03,518880,黄金ETF,7.478,4544989593.0,606170700.0,7.501,7.519,7.461
2025-06-04,518880,黄金ETF,7.474,3113658616.0,416157150.0,7.488,7.503,7.459
2025-06-05,518880,黄金ETF,7.483,2534787070.0,338533600.0,7.499,7.504,7.469
2025-06-06,518880,黄金ETF,7.481,2807696362.0,375355132.0,7.477,7.492,7.469
2025-06-09,518880,黄金ETF,7.4,3726449040.0,505825100.0,7.364,7.401,7.331
2025-06-10,518880,黄金ETF,7.405,3822935723.0,517795889.0,7.366,7.42,7.353
2025-06-11,518880,黄金ETF,7.428,2677639427.0,360699753.0,7.42,7.436,7.404
2025-06-12,518880,黄金ETF,7.497,2919654502.0,389463130.0,7.505,7.512,7.474
2025-06-13,518880,黄金ETF,7.588,6764698782.0,888062400.0,7.616,7.653,7.57
2025-06-16,518880,黄金ETF,7.563,5041475386.0,663731179.0,7.629,7.634,7.548
2025-06-17,518880,黄金ETF,7.499,3775707856.0,503152168.0,7.525,7.528,7.47
2025-06-18,518880,黄金ETF,7.503,2886557970.0,384865270.0,7.499,7.527,7.476
2025-06-19,518880,黄金ETF,7.465,2741981668.0,366857400.0,7.5,7.506,7.444
2025-06-20,518880,黄金ETF,7.436,2717567425.0,365250300.0,7.46,7.464,7.423
2025-06-23,518880,黄金ETF,7.464,2750226776.0,368519740.0,7.452,7.485,7.441
2025-06-24,518880,黄金ETF,7.372,4305391870.0,581647312.0,7.431,7.44,7.354
2025-06-25,518880,黄金ETF,7.392,2103580236.0,284710700.0,7.378,7.398,7.376
2025-06-26,518880,黄金ETF,7.405,2049012994.0,277147880.0,7.39,7.406,7.385
2025-06-27,518880,黄金ETF,7.326,3345234504.0,455853400.0,7.365,7.375,7.311
2025-06-30,518880,黄金ETF,7.314,2457750199.0,336657400.0,7.3,7.321,7.274
2025-07-01,518880,黄金ETF,7.397,2564118180.0,347867947.0,7.359,7.4,7.346
2025-07-02,518880,黄金ETF,7.394,2157429707.0,291654800.0,7.395,7.418,7.384
2025-07-03,518880,黄金ETF,7.445,2199395168.0,295990300.0,7.407,7.453,7.407
2025-07-04,518880,黄金ETF,7.407,1902194152.0,257229100.0,7.4,7.413,7.376
2025-07-07,518880,黄金ETF,7.355,2072584679.0,281784400.0,7.348,7.367,7.344
2025-07-08,518880,黄金ETF,7.398,1612084341.0,217899576.0,7.397,7.406,7.389
2025-07-09,518880,黄金ETF,7.314,3116306560.0,425534100.0,7.347,7.348,7.304
2025-07-10,518880,黄金ETF,7.371,2225855850.0,302003773.0,7.371,7.38,7.358
2025-07-11,518880,黄金ETF,7.376,1931126841.0,261655404.0,7.375,7.392,7.372
2025-07-14,518880,黄金ETF,7.44,1983515657.0,267188547.0,7.426,7.445,7.413
2025-07-15,518880,黄金ETF,7.436,1996432231.0,268931110.0,7.41,7.445,7.401
2025-07-16,518880,黄金ETF,7.402,1767210158.0,239071350.0,7.394,7.407,7.378
2025-07-17,518880,黄金ETF,7.397,1541460812.0,208316994.0,7.403,7.411,7.386
2025-07-18,518880,黄金ETF,7.403,1361500094.0,184028487.0,7.394,7.407,7.391
2025-07-21,518880,黄金ETF,7.446,2233893918.0,300457429.0,7.43,7.454,7.42
2025-07-22,518880,黄金ETF,7.474,2707621582.0,362003425.0,7.483,7.489,7.47
2025-07-23,518880,黄金ETF,7.548,2368464628.0,314107164.0,7.54,7.549,7.525
2025-07-24,518880,黄金ETF,7.424,3275368218.0,440510942.0,7.459,7.461,7.415
2025-07-25,518880,黄金ETF,7.409,1887414454.0,254762663.0,7.415,7.421,7.399
2025-07-28,518880,黄金ETF,7.388,2096675236.0,284143328.0,7.382,7.398,7.367
2025-07-29,518880,黄金ETF,7.363,1936018254.0,263161641.0,7.35,7.366,7.345
2025-07-30,518880,黄金ETF,7.377,2078603635.0,281773628.0,7.387,7.389,7.367
2025-07-31,518880,黄金ETF,7.35,2231589344.0,304165711.0,7.329,7.356,7.315
2025-08-01,518880,黄金ETF,7.352,1413896110.0,192399599.0,7.343,7.366,7.331
2025-08-04,518880,黄金ETF,7.446,3170843970.0,426113592.0,7.432,7.447,7.432
2025-08-05,518880,黄金ETF,7.455,2408802907.0,322458715.0,7.481,7.486,7.454
2025-08-06,518880,黄金ETF,7.468,1988337088.0,266181951.0,7.472,7.482,7.46
2025-08-07,518880,黄金ETF,7.484,2344129227.0,313642201.0,7.471,7.488,7.459
2025-08-08,518880,黄金ETF,7.508,2535544417.0,338060349.0,7.488,7.513,7.488
2025-08-11,518880,黄金ETF,7.429,2678359430.0,359688810.0,7.452,7.46,7.423
2025-08-12,518880,黄金ETF,7.399,2084438530.0,281491669.0,7.412,7.416,7.393
2025-08-13,518880,黄金ETF,7.415,1707832442.0,230600612.0,7.395,7.416,7.394
2025-08-14,518880,黄金ETF,7.424,1698855241.0,228780544.0,7.431,7.438,7.413
2025-08-15,518880,黄金ETF,7.401,1538722974.0,208044000.0,7.384,7.41,7.381
2025-08-18,518880,黄金ETF,7.413,1690072000.0,228171106.0,7.398,7.43,7.393
2025-08-19,518880,黄金ETF,7.391,1350510204.0,182699299.0,7.386,7.4,7.386
2025-08-20,518880,黄金ETF,7.374,1509440993.0,204963900.0,7.362,7.377,7.35
2025-08-21,518880,黄金ETF,7.394,1652146836.0,223292731.0,7.403,7.408,7.387
2025-08-22,518880,黄金ETF,7.378,1439892466.0,194928678.0,7.395,7.4,7.373
2025-08-25,518880,黄金ETF,7.427,2141946403.0,288572434.0,7.419,7.43,7.417
2025-08-26,518880,黄金ETF,7.449,2185176566.0,293532600.0,7.437,7.45,7.437
2025-08-27,518880,黄金ETF,7.45,1758733831.0,235912901.0,7.461,7.461,7.444
2025-08-28,518880,黄金ETF,7.468,1665240691.0,223107284.0,7.462,7.47,7.459
2025-08-29,518880,黄金ETF,7.486,1629642851.0,217764686.0,7.48,7.488,7.478
2025-09-01,518880,黄金ETF,7.647,6431354808.0,844514784.0,7.546,7.658,7.542
2025-09-02,518880,黄金ETF,7.67,5006529827.0,650604808.0,7.75,7.75,7.663
2025-09-03,518880,黄金ETF,7.768,4158516363.0,535458390.0,7.76,7.787,7.746
2025-09-04,518880,黄金ETF,7.75,4352594756.0,561861413.0,7.795,7.795,7.694
2025-09-05,518880,黄金ETF,7.775,2674763266.0,344149544.0,7.773,7.782,7.755
2025-09-08,518880,黄金ETF,7.847,3240893040.0,413909759.0,7.811,7.848,7.808
2025-09-09,518880,黄金ETF,7.966,5537633289.0,695908132.0,7.934,7.987,7.928
2025-09-10,518880,黄金ETF,7.947,3160253380.0,398608908.0,7.906,7.953,7.898
2025-09-11,518880,黄金ETF,7.923,3259869667.0,410933374.0,7.963,7.968,7.901
2025-09-12,518880,黄金ETF,7.954,2613712618.0,328766845.0,7.932,7.966,7.932
2025-09-15,518880,黄金ETF,7.931,2262570508.0,285290527.0,7.908,7.947,7.907
2025-09-16,518880,黄金ETF,8.032,2718705446.0,339497584.0,8.007,8.034,7.988
2025-09-17,518880,黄金ETF,7.964,3417850247.0,428296395.0,8.01,8.01,7.955
2025-09-18,518880,黄金ETF,7.862,4399557224.0,556562627.0,7.901,7.949,7.859
2025-09-19,518880,黄金ETF,7.898,2556742578.0,323799619.0,7.901,7.917,7.869
2025-09-22,518880,黄金ETF,8.048,3632554944.0,453251935.0,8.005,8.058,7.984
2025-09-23,518880,黄金ETF,8.143,4158136063.0,511550370.0,8.125,8.149,8.105
2025-09-24,518880,黄金ETF,8.19,3591418429.0,439901080.0,8.141,8.204,8.123
2025-09-25,518880,黄金ETF,8.146,3614722212.0,444111704.0,8.16,8.164,8.116
2025-09-26,518880,黄金ETF,8.16,3138261886.0,384548100.0,8.15,8.183,8.147
2025-09-29,518880,黄金ETF,8.259,4380687035.0,532950667.0,8.177,8.268,8.174
2025-09-30,518880,黄金ETF,8.339,5576070203.0,666956876.0,8.324,8.388,8.324
2025-10-09,518880,黄金ETF,8.729,6996319980.0,801442472.0,8.724,8.779,8.69
2025-10-10,518880,黄金ETF,8.602,5528015329.0,641470935.0,8.637,8.651,8.586
2025-10-13,518880,黄金ETF,8.859,6826004392.0,773948022.0,8.77,8.868,8.77
2025-10-14,518880,黄金ETF,8.976,15094002873.0,1667960506.0,9.1,9.377,8.878
2025-10-15,518880,黄金ETF,9.187,8404693734.0,919314119.0,9.143,9.19,9.09
2025-10-16,518880,黄金ETF,9.244,9625793165.0,1040915876.0,9.23,9.288,9.198
2025-10-17,518880,黄金ETF,9.568,15083487665.0,1586342550.0,9.497,9.587,9.361
2025-10-20,518880,黄金ETF,9.268,11239083883.0,1205698499.0,9.308,9.367,9.25
2025-10-21,518880,黄金ETF,9.49,9473507963.0,999521780.0,9.526,9.526,9.425
2025-10-22,518880,黄金ETF,9.101,12694570824.0,1407669227.0,8.986,9.106,8.95
2025-10-23,518880,黄金ETF,8.994,8366775476.0,932066467.0,8.98,9.052,8.92
2025-10-24,518880,黄金ETF,8.95,6652958689.0,740082055.0,9.048,9.053,8.933
2025-10-27,518880,黄金ETF,8.914,6024338869.0,675437497.0,8.948,8.949,8.897
2025-10-28,518880,黄金ETF,8.597,9433291725.0,1085475713.0,8.79,8.79,8.591
2025-10-29,518880,黄金ETF,8.692,6929137801.0,799957387.0,8.68,8.699,8.622
2025-10-30,518880,黄金ETF,8.704,8858790469.0,1025527342.0,8.635,8.706,8.559
2025-10-31,518880,黄金ETF,8.794,6782774235.0,771949636.0,8.81,8.822,8.748
2025-11-03,518880,黄金ETF,8.797,4085511859.0,465811303.0,8.743,8.801,8.737
2025-11-04,518880,黄金ETF,8.737,4638166862.0,531122927.0,8.745,8.756,8.705
2025-11-05,518880,黄金ETF,8.706,4136619619.0,476092329.0,8.654,8.732,8.641
2025-11-06,518880,黄金ETF,8.755,3576860604.0,409443562.0,8.718,8.757,8.706
2025-11-07,518880,黄金ETF,8.793,3747892162.0,427264748.0,8.769,8.798,8.755
2025-11-10,518880,黄金ETF,8.936,6751619483.0,758507494.0,8.869,8.949,8.856
2025-11-11,518880,黄金ETF,9.062,7518834240.0,828106585.0,9.138,9.138,9.049
2025-11-12,518880,黄金ETF,9.029,5948310393.0,658718382.0,9.058,9.068,8.984
2025-11-13,518880,黄金ETF,9.175,5968013292.0,651400798.0,9.157,9.184,9.134
2025-11-14,518880,黄金ETF,9.096,6540777396.0,716187519.0,9.099,9.18,9.09
2025-11-17,518880,黄金ETF,8.882,7238287561.0,812669365.0,8.922,8.969,8.842
2025-11-18,518880,黄金ETF,8.777,5133558167.0,583681281.0,8.837,8.837,8.77
2025-11-19,518880,黄金ETF,8.954,5392419257.0,604136017.0,8.89,8.968,8.873
2025-11-20,518880,黄金ETF,8.903,5649454182.0,633776232.0,8.959,8.969,8.865
2025-11-21,518880,黄金ETF,8.828,6071459200.0,684293990.0,8.888,8.921,8.824
2025-11-24,518880,黄金ETF,8.857,4141386255.0,468144900.0,8.858,8.865,8.829
2025-11-25,518880,黄金ETF,9.01,5789627417.0,642314263.0,8.99,9.039,8.99
2025-11-26,518880,黄金ETF,9.011,4596141094.0,509052124.0,9.015,9.048,9.003
2025-11-27,518880,黄金ETF,9.01,3427665091.0,380715268.0,9.003,9.017,8.986
2025-11-28,518880,黄金ETF,9.067,3603374123.0,397292813.0,9.084,9.09,9.051
2025-12-01,518880,黄金ETF,9.161,6708010683.0,731858399.0,9.146,9.204,9.128
2025-12-02,518880,黄金ETF,9.112,4083289907.0,447517819.0,9.118,9.145,9.088
2025-12-03,518880,黄金ETF,9.096,4198884820.0,460723335.0,9.118,9.143,9.084
2025-12-04,518880,黄金ETF,9.064,5070761141.0,558462141.0,9.107,9.125,9.035
2025-12-05,518880,黄金ETF,9.136,3791528369.0,415965811.0,9.094,9.148,9.084
2025-12-08,518880,黄金ETF,9.11,3929192887.0,431705623.0,9.107,9.119,9.078
2025-12-09,518880,黄金ETF,9.046,4322621349.0,477281632.0,9.075,9.082,9.026
2025-12-10,518880,黄金ETF,9.095,3111335234.0,341858428.0,9.114,9.118,9.081
2025-12-11,518880,黄金ETF,9.11,4260705305.0,466634993.0,9.157,9.165,9.095
2025-12-12,518880,黄金ETF,9.227,4388186109.0,476618809.0,9.201,9.23,9.191
2025-12-15,518880,黄金ETF,9.351,5297510203.0,567902846.0,9.298,9.36,9.297
2025-12-16,518880,黄金ETF,9.24,4805902569.0,519626708.0,9.272,9.296,9.199
2025-12-17,518880,黄金ETF,9.31,4209416976.0,452083592.0,9.283,9.345,9.283
2025-12-18,518880,黄金ETF,9.318,2961343686.0,317805610.0,9.311,9.327,9.302
2025-12-19,518880,黄金ETF,9.313,3443922186.0,370300316.0,9.29,9.321,9.273
2025-12-22,518880,黄金ETF,9.511,6534234042.0,691875423.0,9.38,9.514,9.38
2025-12-23,518880,黄金ETF,9.639,8709327485.0,902281420.0,9.63,9.689,9.608
2025-12-24,518880,黄金ETF,9.642,7136924986.0,738436899.0,9.719,9.722,9.613
2025-12-25,518880,黄金ETF,9.566,4123112968.0,431157619.0,9.571,9.58,9.539
2025-12-26,518880,黄金ETF,9.65,4726243848.0,489825336.0,9.67,9.68,9.618
2025-12-29,518880,黄金ETF,9.563,6877104094.0,714496669.0,9.64,9.667,9.55
2025-12-30,518880,黄金ETF,9.363,8058585692.0,861555822.0,9.272,9.402,9.272
2025-12-31,518880,黄金ETF,9.301,8255346608.0,887315417.0,9.359,9.392,9.196
2026-01-05,518880,黄金ETF,9.495,6465146234.0,683271028.0,9.421,9.499,9.421
2026-01-06,518880,黄金ETF,9.577,5085365304.0,531345738.0,9.536,9.606,9.528
2026-01-07,518880,黄金ETF,9.518,5894333390.0,616398514.0,9.6,9.601,9.511
2026-01-08,518880,黄金ETF,9.511,4604940099.0,483834991.0,9.555,9.559,9.474
2026-01-09,518880,黄金ETF,9.592,3629946415.0,379190390.0,9.544,9.596,9.544
2026-01-12,518880,黄金ETF,9.777,4822414247.0,493501700.0,9.779,9.791,9.736
2026-01-13,518880,黄金ETF,9.793,3901169996.0,398236725.0,9.79,9.825,9.771
2026-01-14,518880,黄金ETF,9.922,4321616075.0,436952117.0,9.871,9.925,9.869
2026-01-15,518880,黄金ETF,9.867,5460435940.0,554292206.0,9.861,9.883,9.82
2026-01-16,518880,黄金ETF,9.857,3228858975.0,327843149.0,9.851,9.874,9.828
2026-01-19,518880,黄金ETF,10.006,4797229646.0,480621154.0,9.962,10.009,9.96
2026-01-20,518880,黄金ETF,10.082,5362959212.0,533806706.0,10.005,10.095,9.983
2026-01-21,518880,黄金ETF,10.377,10230345643.0,984509622.0,10.365,10.501,10.322
2026-01-22,518880,黄金ETF,10.341,7398945407.0,719685837.0,10.29,10.343,10.23
2026-01-23,518880,黄金ETF,10.617,7746553192.0,729889496.0,10.618,10.643,10.585
2026-01-26,518880,黄金ETF,10.924,10463068625.0,960474483.0,10.886,10.955,10.848
2026-01-27,518880,黄金ETF,10.934,8395732861.0,771107250.0,10.883,10.946,10.848
2026-01-28,518880,黄金ETF,11.28,11961498145.0,1066201004.0,11.11,11.288,11.109
2026-01-29,518880,黄金ETF,11.904,17799095491.0,1497107926.0,11.918,11.977,11.796
2026-01-30,518880,黄金ETF,11.009,25777505557.0,2301609692.0,11.471,11.533,10.8
2026-02-02,518880,黄金ETF,9.908,19145014244.0,1899820420.0,9.908,10.245,9.908
2026-02-03,518880,黄金ETF,10.422,21613177107.0,2100916676.0,10.355,10.461,10.105
2026-02-04,518880,黄金ETF,10.867,15412917353.0,1424298936.0,10.795,10.904,10.738
2026-02-05,518880,黄金ETF,10.523,20057436535.0,1909045495.0,10.61,10.695,10.3
2026-02-06,518880,黄金ETF,10.357,19034272998.0,1841278975.0,10.079,10.523,10.05
2026-02-09,518880,黄金ETF,10.719,12418166669.0,1161222745.0,10.72,10.75,10.61
2026-02-10,518880,黄金ETF,10.669,7513073622.0,702600061.0,10.686,10.733,10.661
2026-02-11,518880,黄金ETF,10.758,7317564815.0,681826714.0,10.704,10.765,10.7
2026-02-12,518880,黄金ETF,10.72,6445229523.0,600479350.0,10.72,10.752,10.7
2026-02-13,518880,黄金ETF,10.575,8131354160.0,769392258.0,10.582,10.617,10.508
2026-02-24,518880,黄金ETF,10.95,8241565507.0,752313723.0,10.92,10.998,10.903
2026-02-25,518880,黄金ETF,10.959,6656474798.0,607477346.0,10.953,10.992,10.92
2026-02-26,518880,黄金ETF,10.913,4781387315.0,437766976.0,10.939,10.944,10.896
2026-02-27,518880,黄金ETF,10.933,5063424364.0,463126387.0,10.92,10.95,10.911
2026-03-02,518880,黄金ETF,11.417,12775642356.0,1130097171.0,11.368,11.419,11.214
2026-03-03,518880,黄金ETF,11.259,10968192369.0,969284941.0,11.418,11.418,11.202
2026-03-04,518880,黄金ETF,10.98,10981117960.0,997981175.0,11.0,11.085,10.926
2026-03-05,518880,黄金ETF,10.964,7165201084.0,653680200.0,10.98,11.014,10.889
2026-03-06,518880,黄金ETF,10.873,5356472276.0,491671193.0,10.834,10.937,10.831
2026-03-09,518880,黄金ETF,10.868,8713281061.0,801213216.0,10.858,10.95,10.793
2026-03-10,518880,黄金ETF,10.956,4801155476.0,437932878.0,10.963,10.991,10.943
2026-03-11,518880,黄金ETF,10.974,5230093074.0,475495727.0,11.026,11.028,10.964
2026-03-12,518880,黄金ETF,10.938,4253167289.0,389237902.0,10.928,10.956,10.892
2026-03-13,518880,黄金ETF,10.802,4211610423.0,388524533.0,10.852,10.88,10.791
2026-03-16,518880,黄金ETF,10.664,5100457125.0,478924660.0,10.63,10.7,10.605
2026-03-17,518880,黄金ETF,10.637,3766972817.0,353528190.0,10.632,10.696,10.63
2026-03-18,518880,黄金ETF,10.606,3756857569.0,354427328.0,10.638,10.639,10.57
2026-03-19,518880,黄金ETF,10.126,9006105538.0,878362147.0,10.283,10.345,10.08
2026-03-20,518880,黄金ETF,9.896,11878418533.0,1191784092.0,9.9,10.066,9.883
2026-03-23,518880,黄金ETF,8.941,18231773873.0,1974765911.0,9.488,9.5,8.906
2026-03-24,518880,黄金ETF,9.299,13716736873.0,1490516464.0,9.21,9.303,9.105
2026-03-25,518880,黄金ETF,9.641,11438092704.0,1178632201.0,9.7,9.772,9.609
2026-03-26,518880,黄金ETF,9.45,10525933922.0,1107621274.0,9.628,9.637,9.358
2026-03-27,518880,黄金ETF,9.494,7077216082.0,748707264.0,9.358,9.528,9.358
2026-03-30,518880,黄金ETF,9.656,10053472875.0,1046745903.0,9.496,9.696,9.473
2026-03-31,518880,黄金ETF,9.699,9575690405.0,981801710.0,9.751,9.836,9.697
2026-04-01,518880,黄金ETF,10.024,8316311343.0,835670818.0,9.95,10.028,9.912
2026-04-02,518880,黄金ETF,9.738,12814253058.0,1302646746.0,10.0,10.0,9.641
2026-04-03,518880,黄金ETF,9.828,4176219528.0,424296200.0,9.914,9.914,9.793
2026-04-07,518880,黄金ETF,9.837,5331846502.0,542784769.0,9.845,9.867,9.781
2026-04-08,518880,黄金ETF,10.113,10051847595.0,994347975.0,10.103,10.153,10.057
2026-04-09,518880,黄金ETF,9.908,6501536554.0,655252744.0,9.92,9.95,9.9
2026-04-10,518880,黄金ETF,9.972,5772482719.0,577695324.0,9.995,10.03,9.954
2026-04-13,518880,黄金ETF,9.924,4251246607.0,428554392.0,9.918,9.939,9.9
2026-04-14,518880,黄金ETF,10.011,4218777617.0,422160466.0,9.999,10.012,9.968
2026-04-15,518880,黄金ETF,10.064,4949413437.0,489769744.0,10.127,10.15,10.062
2026-04-16,518880,黄金ETF,10.097,3796363197.0,376243713.0,10.095,10.111,10.07
2026-04-17,518880,黄金ETF,10.029,3589199404.0,357718901.0,10.0,10.071,9.99
2026-04-20,518880,黄金ETF,10.036,3572623672.0,355833475.0,10.04,10.075,10.013
2026-04-21,518880,黄金ETF,10.01,3250579583.0,323902876.0,10.07,10.072,10.003
2026-04-22,518880,黄金ETF,10.004,3637270995.0,364219794.0,9.968,10.008,9.968
2026-04-23,518880,黄金ETF,9.9,4226616551.0,426785130.0,9.935,9.947,9.865
2026-04-24,518880,黄金ETF,9.826,3091878872.0,314190201.0,9.885,9.886,9.814
2026-04-27,518880,黄金ETF,9.897,2526051171.0,255476037.0,9.859,9.917,9.857
2026-04-28,518880,黄金ETF,9.732,3676337287.0,376104347.0,9.85,9.854,9.714
2026-04-29,518880,黄金ETF,9.637,4943877284.0,511996833.0,9.641,9.68,9.63
2026-04-30,518880,黄金ETF,9.678,3894564587.0,404662969.0,9.629,9.679,9.58
2026-05-06,518880,黄金ETF,9.791,3827234550.0,392697776.0,9.698,9.792,9.698
2026-05-07,518880,黄金ETF,9.909,4322115660.0,438005730.0,9.871,9.933,9.835
2026-05-08,518880,黄金ETF,9.88,3361489920.0,340379015.0,9.871,9.897,9.853
2026-05-11,518880,黄金ETF,9.774,4376016747.0,447587670.0,9.827,9.827,9.714
2026-05-12,518880,黄金ETF,9.806,3997558136.0,405923015.0,9.9,9.906,9.8
2026-05-13,518880,黄金ETF,9.804,2925864489.0,298307355.0,9.818,9.834,9.78
2026-05-14,518880,黄金ETF,9.795,2903498943.0,296882393.0,9.78,9.802,9.761
2026-05-15,518880,黄金ETF,9.554,6233847911.0,649877683.0,9.645,9.659,9.532
2026-05-18,518880,黄金ETF,9.513,4527932597.0,476978463.0,9.44,9.534,9.435
2026-05-19,518880,黄金ETF,9.515,2516240589.0,264376415.0,9.519,9.554,9.485
2026-05-20,518880,黄金ETF,9.367,5114796529.0,546321491.0,9.4,9.4,9.332
2026-05-21,518880,黄金ETF,9.45,3206814236.0,337773070.0,9.53,9.543,9.447
2026-05-22,518880,黄金ETF,9.461,2567719896.0,271569663.0,9.46,9.474,9.424
2026-05-25,518880,黄金ETF,9.512,2269776991.0,238605940.0,9.531,9.54,9.49
2026-05-26,518880,黄金ETF,9.454,2089349183.0,220861420.0,9.481,9.487,9.442
2026-05-27,518880,黄金ETF,9.345,3044601314.0,324668208.0,9.419,9.425,9.336
2026-05-28,518880,黄金ETF,9.132,4181014488.0,456620753.0,9.216,9.218,9.108
2026-05-29,518880,黄金ETF,9.397,3262565266.0,348235218.0,9.385,9.4,9.34
2026-06-01,518880,黄金ETF,9.344,2427380926.0,258640902.0,9.398,9.414,9.343
2026-06-02,518880,黄金ETF,9.41,3034940310.0,324778050.0,9.3,9.414,9.266
2026-06-03,518880,黄金ETF,9.281,3024667411.0,325487600.0,9.28,9.327,9.263
2026-06-04,518880,黄金ETF,9.29,2623259392.0,282172674.0,9.301,9.32,9.274
2026-06-05,518880,黄金ETF,9.252,2788572679.0,301755305.0,9.263,9.275,9.21
2026-06-08,518880,黄金ETF,8.953,4442538006.0,495297882.0,9.001,9.024,8.893
2026-06-09,518880,黄金ETF,9.005,2589621005.0,287000533.0,9.01,9.046,9.004
2026-06-10,518880,黄金ETF,8.736,4889766654.0,560909257.0,8.74,8.78,8.671
2026-06-11,518880,黄金ETF,8.506,5515478400.0,649152677.0,8.561,8.58,8.418
2026-06-12,518880,黄金ETF,8.659,3787489191.0,436740687.0,8.67,8.715,8.639
